cod;nombre;pct_menores_18;pct_mayores_67;pct_migrantes;indice_fecundidad;renta_bruta_persona;pct_solteros;pct_casados;pct_divorciados;pct_cuenta_propia;pct_agricultura;pct_secundario;pct_directores;pct_cualificados;pct_primaria_inferior;pct_secundaria_2a;pct_superior;tasa_paro;tasa_empleo;tasa_actividad
01001;Alegría-Dulantzi;19,66;11,85;16,14;1,1;19643,0;34,86;54,15;6,61;13,98;1,4;29,7;31,02;55,42;10,75;20,78;42,95;10,24;67,69;65,48
01002;Amurrio;17,37;21,9;11,07;1,34;20844,0;31,49;55,89;4,68;16,22;1,65;35,1;33,95;51,51;12,87;24,8;40,03;11,42;67,46;55,26
01003;Aramaio;15,96;22,23;4,29;0,92;25102,0;36,6;53,09;4,14;34,13;3,82;34,5;50,17;42,71;8,53;17,47;54,97;2,74;75,59;55,03
01004;Artziniega;18,31;17,92;9,69;1,29;19530,0;33,71;52,42;7,17;17,84;2,26;27,51;35,98;51,85;10,62;22,65;44,47;11,8;67,64;59,45
01006;Armiñón;18,37;10,73;14,16;1,02;20322,0;32,52;53,88;7,28;20,0;3,2;30,4;27,97;64,41;8,84;23,72;40,47;8,21;71,51;63,21
01008;Arratzua-Ubarrundia;16,26;20,19;5,95;1,72;27877,0;34,04;54,54;5,04;25,56;3,65;25,96;44,4;46,12;7,04;17,38;52,7;5,68;74,55;58,67
01009;Asparrena;13,63;20,22;11,98;0,79;20041,0;37,93;48,95;6,02;15,21;5,21;36,34;27,42;55,59;10,18;19,3;38,25;7,98;67,52;55,07
01010;Ayala/Aiara;17,55;16,85;5,62;1,06;20622,0;33,8;56,01;4,28;20,85;5,97;35,18;31,66;54,85;11,57;20,29;46,73;7,8;70,78;60,93
01011;Baños de Ebro/Mañueta;8,22;24,04;18,84;0,74;14016,0;35,94;51,95;5,08;52,0;52,67;16,67;18,64;59,32;20,59;15,07;30,88;5,13;76,29;57,35
01013;Barrundia;14,31;20,84;6,46;1,14;23077,0;33,99;55,77;5,38;32,31;11,87;23,08;39,86;55,19;8,58;19,08;54,16;4,74;77,0;60,42
01014;Berantevilla;14,99;22,36;11,58;1,14;21549,0;31,44;54,7;6,68;20,98;11,16;32,59;31,66;54,77;15,05;23,06;42,23;6,56;74,51;59,95
01016;Bernedo;10,68;25,4;7,76;1,14;22012,0;36,36;50,21;6,4;26,56;13,69;29,46;25,69;61,01;14,37;20,56;40,52;7,04;73,18;54,88
01017;Campezo/Kanpezu;13,2;21,94;11,58;0,64;19478,0;35,74;50,85;5,21;17,98;4,95;32,28;28,04;58,97;11,86;19,69;38,45;7,29;73,45;57,13
01018;Zigoitia;15,34;21,37;6,95;1,01;27508,0;32,56;56,45;5,07;26,14;4,11;24,2;42,62;47,82;7,06;18,22;55,45;4,9;74,42;58,03
01019;Kripan;10,29;24,34;4,57;0,23;15697,0;42,77;47,17;3,14;32,95;26,14;21,59;33,8;49,3;12,8;18,29;39,63;4,49;73,28;55,28
01020;Kuartango;16,22;24,58;8,71;2,0;21318,0;31,29;57,6;5,56;24,0;9,14;28,0;29,09;57,58;6,88;24,36;40,69;9,79;76,75;55,75
01021;Elburgo/Burgelu;16,82;15,63;8,42;1,03;24869,0;29,15;62,55;5,72;26,01;9,29;21,05;37,58;56,71;6,13;18,74;55,68;6,48;77,21;64,55
01022;Elciego;16,02;23,03;11,34;0,89;20391,0;34,68;51,65;5,7;31,44;18,81;27,72;26,15;57,14;15,16;17,73;39,73;11,43;66,5;54,99
01023;Elvillar/Bilar;10,54;27,17;7,3;0,89;15974,0;32,03;53,02;4,98;50,33;45,75;19,61;15,25;66,1;20,55;18,84;23,97;6,83;76,92;55,71
01027;Iruraiz-Gauna;13,27;18,13;5,58;1,33;24925,0;37,45;51,85;4,53;25,44;12,2;21,95;35,8;55,25;10,2;22,24;49,18;3,99;76,05;61,81
01028;Labastida/Bastida;18,58;18,44;13,67;1,6;17175,0;35,2;51,73;6,61;26,14;12,13;25,51;28,55;57,77;11,99;18,89;36,95;13,12;64,64;57,77
01030;Lagrán;8,25;32,88;11,3;0,91;22920,0;30,46;53,64;5,96;22,86;11,43;22,86;22,22;57,14;9,03;21,29;43,87;6,67;71,43;48,39
01031;Laguardia;14,05;21,36;14,65;1,09;19097,0;36,04;52,61;4,67;33,76;13,25;24,64;28,3;56,45;17,5;17,88;38,58;5,57;73,08;56,83
01032;Lanciego/Lantziego;19,26;21,59;21,39;1,68;13729,0;39,56;49,73;3,63;43,33;31,85;21,85;31,03;55,17;17,98;13,96;36,3;9,33;64,15;53,0
01033;Lapuebla de Labarca;18,17;18,15;15,53;1,33;14565,0;33,0;52,33;5,08;35,54;33,33;20,66;24,68;60,76;16,76;18,26;31,47;14,12;65,32;59,1
01034;Leza;15,1;26,08;17,16;0,4;17586,0;39,77;47,16;3,98;37,78;41,11;12,22;24,68;49,35;13,59;22,83;36,41;8,42;71,9;52,2
01036;Laudio/Llodio;14,76;24,3;10,44;1,16;20407,0;32,25;53,95;4,43;12,83;0,87;32,01;32,49;51,36;15,62;18,1;43,21;10,99;65,05;51,73
01037;Arraia-Maeztu;17,78;21,3;9,78;1,58;22287,0;35,94;52,72;5,15;22,94;7,47;29,9;36,36;52,84;11,59;18,31;44,49;7,42;76,79;60,4
01039;Moreda de Álava/Moreda Araba;12,84;22,75;14,68;0,97;18535,0;43,46;43,98;4,71;33,93;21,43;25,0;29,13;61,17;9,64;23,35;41,62;10,92;78,52;60,41
01041;Navaridas;14,7;19,1;16,0;1,4;12787,0;34,94;55,42;2,41;54,08;46,94;17,35;23,19;59,42;16,3;15,76;34,78;1,92;76,12;57,46
01042;Okondo;16,97;18,03;7,88;1,09;18249,0;32,46;55,71;5,66;19,04;3,91;29,72;27,79;57,47;11,27;21,27;43,82;9,25;71,67;61,48
01043;Oyón-Oion;20,97;15,21;17,03;1,52;16566,0;35,4;51,66;5,99;15,44;8,54;33,38;25,04;56,0;18,54;18,3;29,78;13,95;60,38;58,31
01044;Peñacerrada-Urizaharra;13,25;16,99;5,42;2,25;24534,0;29,26;59,26;5,56;31,06;11,8;30,43;28,08;62,33;7,69;24,54;48,72;6,02;68,42;61,03
01046;Erriberagoitia/Ribera Alta;12,59;17,96;10,69;0,71;23624,0;32,69;53,71;8,1;21,99;6,71;26,62;27,18;59,85;10,51;20,21;46,01;6,44;74,4;62,55
01047;Ribera Baja/Erriberabeitia;17,25;14,28;13,73;1,13;20692,0;35,22;51,29;7,66;18,02;2,07;34,42;30,97;56,76;10,79;21,66;42,93;7,76;67,08;61,59
01049;Añana;8,37;29,5;11,35;1,56;23745,0;37,01;47,24;5,51;22,78;7,59;22,78;32,0;58,67;14,29;16,54;40,6;2,74;83,53;54,89
01051;Agurain/Salvatierra;21,09;16,92;15,29;1,7;17531,0;34,78;52,48;6,21;11,55;1,83;33,43;22,73;57,62;13,73;18,64;35,34;12,14;65,96;59,11
01052;Samaniego;16,78;16,58;15,75;2,15;15701,0;35,71;50,84;2,94;38,28;31,25;25,78;20,18;48,62;16,6;25,91;34,41;6,52;66,84;56,1
01053;San Millán/Donemiliaga;14,09;23,41;4,69;1,23;22071,0;36,76;51,04;4,33;30,0;15,28;28,33;30,61;60,3;5,2;18,43;44,72;5,36;80,96;59,21
01054;Urkabustaiz;18,74;14,66;13,49;1,28;20241,0;39,64;48,47;6,62;16,0;5,71;21,0;35,52;50,61;9,21;22,58;49,31;9,44;71,29;64,69
01055;Valdegovía/Gaubea;9,75;26,81;11,57;1,05;21421,0;34,16;54,18;4,33;24,71;9,38;27,69;28,04;62,03;13,15;22,39;39,96;13,52;65,81;51,01
01056;Harana/Valle de Arana;8,36;32,21;7,51;0,91;18376,0;34,69;47,45;3,57;32,18;18,39;27,59;29,49;60,26;17,5;17,0;24,5;10,75;67,48;46,5
01057;Villabuena de Álava/Eskuernaga;11,0;26,71;12,5;1,57;14544,0;35,83;49,61;5,91;50,0;39,29;20,71;21,55;53,45;17,76;19,31;32,05;6,16;80,59;56,81
01058;Legutio;17,21;16,41;18,39;1,18;22457,0;38,24;51,25;5,4;19,73;3,15;29,49;35,84;50,11;11,86;20,45;44,18;9,9;67,35;60,09
01059;Vitoria-Gasteiz;16,35;20,53;18,13;1,17;21607,0;36,23;50,21;6,25;12,49;0,48;24,81;37,65;49,64;12,02;21,94;41,94;10,37;67,35;56,89
01060;Yécora/Iekora;14,86;25,8;19,2;1,63;16638,0;31,67;55,2;3,17;37,27;40,0;11,82;25,81;56,99;17,54;17,98;32,02;8,66;72,05;55,7
01061;Zalduondo;10,2;16,53;3,57;0,74;24481,0;41,14;52,57;3,43;17,59;6,48;22,22;44,12;46,08;2,81;21,35;57,87;7,21;70,55;63,43
01062;Zambrana;13,85;20,4;12,17;1,23;20497,0;37,8;50,66;4,72;13,89;7,22;32,22;32,93;46,11;9,97;20,46;45,52;12,78;67,81;58,66
01063;Zuia;12,89;19,82;7,82;0,99;27172,0;39,35;48,43;5,56;18,73;2,85;20,61;47,52;44,7;8,91;17,86;56,39;5,81;71,33;57,2
01901;Iruña Oka/Iruña de Oca;17,86;12,09;16,69;1,14;20746,0;35,21;53,11;7,2;14,14;1,49;31,21;25,49;57,19;8,87;23,92;37,89;8,8;67,44;64,98
01902;Lantarón;11,57;22,84;12,51;1,68;21707,0;36,63;47,01;8,55;21,05;10,05;33,97;25,77;62,11;11,15;22,42;38,91;9,25;68,78;54,11
02001;Abengibre;7,79;31,49;6,43;1,05;16478,0;32,34;51,0;5,13;26,38;10,15;20,92;30,87;56,38;27,71;14,06;24,75;7,1;73,98;49,65
02002;Alatoz;8,77;33,6;11,66;0,5;13765,0;30,37;51,84;9,33;31,09;22,28;24,87;22,67;61,63;29,26;13,68;17,89;16,88;66,9;49,25
02003;Albacete;17,14;16,45;10,97;1,16;17923,0;37,01;48,16;8,43;14,52;3,8;15,72;38,91;49,61;13,32;21,71;34,66;11,61;64,2;58,32
02004;Albatana;11,33;28,55;13,17;1,09;12452,0;30,89;50,85;6,48;36,97;28,15;29,83;21,68;65,04;26,82;15,89;16,56;17,23;62,66;49,5
02005;Alborea;10,87;24,53;17,88;1,1;12632,0;35,42;47,63;7,29;36,22;21,83;19,84;21,12;60,34;30,67;15,02;16,12;17,46;58,56;49,84
02006;Alcadozo;10,13;28,56;5,8;0,74;13695,0;30,62;52,94;7,27;31,25;14,41;23,42;26,79;59,33;22,48;16,44;13,76;18,4;59,34;48,9
02007;Alcalá del Júcar;10,71;28,39;10,55;1,19;13714,0;35,74;46,18;6,53;32,88;12,02;16,55;21,95;63,9;25,58;17,02;21,21;12,97;64,48;49,61
02008;Alcaraz;12,55;23,19;4,84;1,04;14400,0;35,79;51,23;5,18;27,58;12,76;17,82;25,24;57,93;18,43;18,77;18,43;16,54;68,04;57,84
02009;Almansa;15,89;19,28;10,1;1,17;15182,0;33,35;51,94;7,59;17,27;2,27;36,48;28,21;62,1;13,51;19,3;24,15;13,98;62,93;56,42
02010;Alpera;14,91;21,33;13,79;1,32;12357,0;34,47;52,23;4,98;27,04;20,59;31,1;17,28;67,12;24,13;14,8;15,25;13,41;63,03;54,73
02011;Ayna;3,69;39,44;4,0;0,65;16795,0;30,14;49,13;6,45;29,55;7,73;22,27;29,19;62,68;22,81;14,07;21,44;15,04;71,29;45,7
02012;Balazote;15,97;16,6;9,59;1,27;13916,0;34,78;54,96;4,33;29,59;26,46;20,98;15,91;65,05;21,36;14,95;14,42;12,81;64,84;58,97
02013;Balsa de Ves;5,48;29,52;10,48;1,11;19400,0;30,65;48,39;8,87;26,53;26,53;22,45;16,67;54,76;22,4;16,8;15,2;20,34;60,26;47,58
02014;Ballestero, El;11,97;31,44;7,3;0,94;14511,0;31,58;50,42;8,31;26,75;21,66;28,66;19,86;63,83;28,46;10,3;16,8;13,29;65,79;47,27
02015;Barrax;14,09;16,74;11,91;1,05;13851,0;34,03;54,61;4,55;21,53;22,26;24,6;18,04;61,21;23,55;12,13;13,63;16,57;62,53;59,93
02016;Bienservida;9,73;28,52;2,91;1,4;13573,0;33,13;48,7;6,19;31,4;30,43;17,39;15,74;59,39;18,74;21,1;14,4;17,97;64,62;50,79
02017;Bogarra;7,45;41,12;4,25;1,04;12567,0;31,71;46,86;4,57;33,48;14,48;22,62;16,19;70,48;32,16;10,86;9,17;22,41;62,15;41,19
02018;Bonete;10,95;24,83;12,03;0,82;14837,0;29,91;55,02;5,26;23,94;13,22;33,67;24,6;62,03;21,97;12,93;20,59;14,25;65,38;52,41
02019;Bonillo, El;11,29;23,06;5,67;1,08;13939,0;35,63;51,85;3,41;22,07;21,03;26,56;19,04;61,64;24,55;13,77;15,4;12,66;67,26;56,48
02020;Carcelén;10,53;35,18;10,0;1,49;13389,0;32,63;47,32;4,43;29,41;19,53;24,85;14,1;73,08;30,77;18,24;13,63;14,02;68,4;47,45
02021;Casas de Juan Núñez;16,71;19,23;19,49;1,19;13011,0;33,13;54,2;6,99;23,76;18,45;18,82;21,18;61,83;22,06;17,13;15,29;16,21;58,86;55,24
02022;Casas de Lázaro;1,01;36,57;1,35;0,0;17368,0;29,45;53,4;7,77;22,4;8,06;22,58;28,21;58,97;24,28;16,29;16,61;18,18;67,24;45,69
02023;Casas de Ves;8,0;33,92;8,87;2,09;14417,0;32,94;50,39;5,49;37,96;26,85;15,74;13,78;75,51;24,81;21,32;18,41;10,33;74,06;46,99
02024;Casas-Ibáñez;16,14;18,7;18,53;1,05;13630,0;36,05;50,79;6,04;28,88;18,36;22,08;20,39;61,82;21,87;17,59;23,08;10,66;65,95;57,2
02025;Caudete;18,22;18,31;15,87;1,45;13182,0;31,62;54,16;7,12;17,54;5,69;30,87;26,29;60,05;16,92;18,1;25,17;15,13;59,74;55,01
02026;Cenizate;15,82;20,05;17,74;1,19;11822,0;35,14;53,01;4,29;25,49;40,16;17,35;18,3;49,48;24,98;13,61;18,22;10,47;70,01;58,79
02027;Corral-Rubio;9,67;28,01;5,3;0,3;16104,0;36,53;45,76;7,38;30,83;17,5;24,17;26,09;66,96;16,0;16,0;25,09;13,64;62,64;48,53
02028;Cotillas;4,23;30,57;3,25;1,27;13340,0;28,33;50,83;9,17;41,86;25,58;11,63;16,28;67,44;23,58;15,45;15,45;22,95;62,67;49,59
02029;Chinchilla de Monte-Aragón;17,19;13,97;7,71;1,22;15504,0;35,57;50,74;8,1;15,9;5,8;23,17;25,4;60,66;12,94;22,6;26,03;11,94;68,47;64,34
02030;Elche de la Sierra;15,33;20,97;6,05;1,16;13205,0;33,13;49,97;7,9;26,5;8,28;25,05;22,85;63,05;18,83;16,24;22,26;21,38;57,89;54,57
02031;Férez;11,89;27,88;4,97;0,81;13671,0;33,89;47,86;7,26;27,55;19,39;21,94;18,48;63,04;21,01;18,84;16,49;25,18;56,99;50,82
02032;Fuensanta;7,89;32,65;13,61;1,56;14480,0;30,11;46,47;11,15;28,97;19,63;12,15;18,56;63,92;26,52;15,41;15,05;20,74;63,31;48,56
02033;Fuente-Álamo;15,24;21,05;12,49;1,58;12553,0;32,89;54,33;5,85;33,93;19,3;28,76;21,88;64,38;21,58;14,42;18,24;16,0;61,49;54,68
02034;Fuentealbilla;13,3;22,16;17,8;1,2;13294,0;32,73;51,72;7,19;26,34;28,86;20,9;17,12;59,03;28,89;13,58;17,9;12,23;66,61;55,79
02035;Gineta, La;18,96;15,75;12,33;1,47;14744,0;34,3;51,77;7,44;22,26;10,35;23,95;19,95;67,4;17,57;19,31;18,58;14,07;63,38;60,29
02037;Hellín;17,28;16,04;17,24;1,3;12696,0;36,56;49,03;7,63;20,64;16,63;20,73;22,37;59,31;23,97;17,14;18,34;15,08;56,58;53,18
02038;Herrera, La;13,29;19,43;15,19;2,2;15557,0;33,57;55,6;3,61;28,03;40,77;14,62;17,5;63,33;28,01;10,64;15,96;15,76;65,88;58,93
02039;Higueruela;11,51;26,34;6,65;0,8;15167,0;31,47;54,77;4,92;31,14;18,41;19,19;26,79;63,5;25,0;14,86;25,48;11,75;70,45;55,34
02040;Hoya-Gonzalo;10,41;27,7;8,93;0,97;16623,0;28,87;60,0;4,53;18,8;11,2;24,4;28,51;58,26;19,64;14,91;24,91;11,46;71,43;52,94
02041;Jorquera;5,31;31,73;10,34;0,28;13756,0;35,29;46,44;6,81;22,58;6,45;16,13;19,3;61,4;28,15;21,11;13,78;12,67;59,82;44,25
02042;Letur;8,9;27,03;6,06;1,04;13493,0;36,0;46,77;6,7;32,04;15,06;25,9;25,71;57,46;17,84;16,08;23,0;24,54;57,8;50,88
02043;Lezuza;8,72;26,39;7,27;0,96;13912,0;31,88;53,66;4,71;36,2;32,79;24,68;16,17;65,47;29,5;13,2;13,28;15,2;67,23;54,07
02044;Liétor;7,49;29,62;4,38;0,35;13620,0;30,81;51,82;7,17;26,5;17,77;31,23;20,78;65,06;27,34;15,89;10,66;27,87;52,07;46,77
02045;Madrigueras;17,22;21,23;11,07;1,3;14653,0;29,51;56,08;6,5;22,07;13,04;29,29;27,57;58,0;20,99;16,45;22,37;12,51;68,73;58,09
02046;Mahora;15,71;21,04;9,88;1,31;13671,0;31,34;54,07;6,62;23,39;17,42;27,1;21,64;61,58;23,69;16,2;19,29;13,9;66,81;57,3
02047;Masegoso;1,03;37,44;0,0;0,0;22525,0;33,91;53,04;5,22;25,93;18,52;18,52;35,42;43,75;23,48;13,91;24,35;17,31;65,15;45,22
02048;Minaya;12,99;27,67;11,28;0,87;12612,0;33,17;52,09;5,24;27,35;17,23;30,73;16,35;60,15;26,37;14,17;14,01;12,34;67,75;51,2
02049;Molinicos;6,27;37,3;4,37;0,53;14498,0;34,06;44,19;7,25;32,71;10,19;19,62;21,79;68,48;26,8;14,67;19,2;19,94;62,38;43,15
02051;Montealegre del Castillo;13,86;24,31;12,35;1,47;13096,0;32,9;53,76;4,62;37,64;23,67;35,18;19,04;66,71;22,81;14,29;17,5;10,85;72,73;57,75
02052;Motilleja;15,76;20,24;10,15;1,53;14042,0;36,81;47,74;6,77;18,01;13,6;20,96;23,9;62,55;20,34;21,69;20,34;15,36;64,01;56,85
02053;Munera;13,49;22,0;5,63;1,12;12288,0;33,89;52,84;4,36;27,34;22,22;22,63;15,39;60,5;23,87;14,0;16,14;11,07;69,6;56,86
02054;Navas de Jorquera;14,32;26,11;17,12;2,01;13045,0;35,86;50,33;5,57;23,41;57,56;9,76;11,52;49,74;21,81;17,71;15,77;12,6;71,43;53,59
02055;Nerpio;8,76;26,43;3,16;0,69;12633,0;38,19;47,16;4,44;38,86;26,64;16,38;22,5;63,18;21,54;15,07;19,76;18,28;61,15;51,65
02056;Ontur;12,83;25,43;10,52;0,96;12316,0;32,03;51,52;6,18;31,27;23,23;22,51;20,21;63,07;25,99;11,99;16,24;14,52;58,43;47,64
02057;Ossa de Montiel;12,8;23,54;6,48;1,19;13881,0;34,78;48,7;6,19;24,32;17,58;25,53;20,43;63,53;25,11;14,36;18,61;16,62;61,3;52,44
02058;Paterna del Madera;8,63;33,07;3,65;1,27;14013,0;35,69;41,48;7,72;23,85;21,1;21,1;20,75;68,87;22,86;15,56;13,33;23,13;56,59;42,95
02059;Peñascosa;5,88;30,97;3,03;0,45;16117,0;36,33;51,77;5,47;25,0;13,64;20,45;24,81;59,69;21,84;16,46;17,72;18,79;66,67;52,55
02060;Peñas de San Pedro;8,81;25,44;3,01;0,91;18726,0;32,57;52,57;6,69;15,21;8,27;24,67;22,92;63,08;20,86;18,53;23,33;10,92;73,88;58,39
02061;Pétrola;6,34;35,17;5,92;0,62;15030,0;34,09;48,29;6,2;28,12;18,75;24,22;24,0;63,11;26,84;14,54;21,09;13,29;68,32;48,71
02062;Povedilla;7,39;30,18;4,49;0,65;13017,0;40,82;42,19;5,75;32,05;23,72;21,15;17,14;67,14;22,04;14,78;11,83;15,87;76,42;56,52
02063;Pozohondo;11,6;26,71;7,72;1,21;13223,0;33,19;51,68;6,14;29,68;19,86;22,87;19,74;65,31;27,41;14,78;14,28;15,22;62,94;50,65
02064;Pozo-Lorente;7,16;32,08;8,12;0,7;16438,0;35,47;46,37;6,98;26,67;12,67;21,33;29,08;56,74;22,76;15,99;24,66;16,93;67,67;51,36
02065;Pozuelo;5,23;27,16;0,44;0,21;16715,0;35,63;51,22;4,45;22,37;16,51;18,35;27,94;64,22;19,25;16,59;23,45;14,69;68,75;54,57
02066;Recueja, La;5,58;38,33;5,58;1,32;13544,0;35,07;53,55;2,84;32,47;19,74;15,79;26,67;54,67;26,76;12,68;21,6;8,99;68,64;41,78
02067;Riópar;12,11;22,49;5,74;0,98;12678,0;34,24;49,92;6,95;29,35;9,0;18,98;26,99;58,49;15,43;18,98;24,17;16,67;60,69;52,63
02068;Robledo;11,23;21,18;5,13;1,53;15062,0;35,76;51,45;5,52;21,31;16,94;31,15;23,26;58,72;18,13;15,58;20,4;9,57;71,86;59,38
02069;Roda, La;17,98;17,34;15,48;1,32;13991,0;32,49;55,09;5,9;21,09;9,21;25,37;27,66;56,93;23,47;17,27;21,78;14,21;62,39;57,31
02070;Salobre;9,01;31,13;14,64;0,49;13721,0;31,47;52,54;3,3;25,66;20,39;16,45;21,09;57,82;26,76;14,84;15,09;11,67;59,55;44,23
02071;San Pedro;9,12;23,2;6,99;0,81;16022,0;37,07;50,14;5,0;24,4;15,03;21,04;23,78;59,45;21,58;15,23;18,4;12,99;69,88;56,26
02072;Socovos;10,86;27,91;5,68;0,85;11393,0;36,55;47,62;5,64;37,04;21,5;18,36;20,11;65,81;23,25;20,15;15,26;23,76;55,09;48,27
02073;Tarazona de la Mancha;15,85;19,82;10,2;1,3;13036,0;31,37;54,86;6,35;27,97;16,14;24,74;23,75;61,46;22,41;13,66;19,88;14,53;65,23;58,17
02074;Tobarra;16,62;18,62;17,36;1,35;12263,0;33,04;52,6;6,31;25,2;18,55;24,15;24,3;60,28;27,24;16,69;17,77;12,37;58,92;52,11
02075;Valdeganga;13,55;24,38;7,41;1,09;14654,0;31,83;55,16;5,33;23,03;12,58;20,59;26,68;59,2;23,78;17,35;21,44;14,48;65,28;53,93
02076;Vianos;7,55;28,87;2,52;0,57;15170,0;34,12;49,32;5,41;29,27;21,95;10,57;14,41;72,88;24,34;10,86;18,42;15,92;67,01;51,99
02078;Villalgordo del Júcar;12,22;22,09;15,12;0,95;12488,0;34,67;50,31;6,28;29,83;38,63;19,31;17,49;53,66;30,37;14,41;14,41;10,34;60,54;50,73
02079;Villamalea;15,51;19,64;21,98;1,23;12854,0;32,58;52,91;7,09;26,89;36,63;18,78;16,18;51,71;28,2;15,3;17,61;11,92;68,44;59,93
02080;Villapalacios;8,91;26,92;8,84;1,27;14949,0;39,15;43,61;4,87;31,25;29,91;13,39;23,81;56,67;23,64;17,83;22,67;11,45;69,25;50,97
02081;Villarrobledo;17,45;16,55;13,93;1,25;13815,0;34,57;52,42;5,9;21,68;10,18;27,51;23,34;64,38;22,12;20,08;21,57;12,19;62,73;57,45
02082;Villatoya;5,96;24,39;12,28;0,88;16132,0;40,74;34,26;18,52;29,27;14,63;21,95;36,11;44,44;17,86;18,75;25,0;10,0;46,15;36,04
02083;Villavaliente;4,71;36,96;5,24;0,7;14717,0;31,09;50,78;8,81;26,44;34,48;18,39;20,78;61,04;24,12;16,58;22,11;7,69;79,25;45,96
02084;Villaverde de Guadalimar;10,86;27,42;5,83;2,05;12258,0;32,75;49,65;6,34;38,24;25,49;16,67;6,12;79,59;24,14;17,24;13,79;20,86;56,41;48,26
02085;Viveros;7,69;33,27;4,08;0,95;15167,0;32,98;53,33;4,91;37,59;30,08;14,29;26,27;66,95;26,57;18,18;23,78;9,87;83,54;53,33
02086;Yeste;9,62;33,27;4,88;0,94;13016,0;36,69;44,46;5,14;32,08;15,54;16,19;26,5;61,61;28,5;13,87;17,88;21,52;55,02;42,37
02901;Pozo Cañada;17,02;19,26;6,97;1,28;13460,0;30,93;56,5;4,07;21,96;12,16;23,27;21,34;62,65;21,59;14,61;16,8;14,27;64,16;57,62
03001;Atzúbia, l';7,75;31,68;46,59;0,96;16256,0;29,25;49,59;12,24;36,79;5,18;19,17;34,97;54,1;15,1;41,03;27,0;9,39;54,99;38,1
03002;Agost;16,06;17,98;12,12;1,17;13918,0;33,92;49,55;8,32;20,04;12,38;22,87;27,22;55,81;18,55;18,75;24,17;14,64;59,75;56,15
03003;Agres;12,93;22,62;13,44;1,07;16764,0;33,08;50,86;8,22;23,79;8,55;24,54;33,99;55,73;16,61;20,07;32,12;13,2;64,78;55,49
03004;Aigües;16,98;17,52;31,42;1,31;16961,0;33,89;47,99;12,3;26,42;0,47;13,68;44,44;45,93;9,18;28,61;42,68;14,37;55,84;50,25
03005;Albatera;20,79;14,05;25,57;1,64;12054,0;32,91;54,74;6,57;19,57;15,18;19,37;22,25;56,36;22,84;17,68;20,58;14,41;57,96;56,62
03006;Alcalalí;9,05;36,73;57,79;1,11;14772,0;25,37;57,63;8,11;36,41;2,18;19,07;36,39;55,3;24,98;24,28;27,88;9,37;52,87;33,7
03007;Alcosser;11,33;18,4;16,35;1,26;19478,0;30,43;51,3;10,87;23,85;0,0;36,15;41,18;46,22;10,68;19,23;38,89;15,6;65,38;60,52
03008;Alcoleja;10,43;31,72;5,91;1,12;15256,0;25,61;53,66;9,15;26,67;6,67;13,33;33,33;45,83;20,83;22,62;25,6;17,5;63,46;47,62
03009;Alcoi/Alcoy;15,78;19,59;14,97;1,09;15864,0;32,67;49,61;9,4;15,21;0,83;30,01;34,51;54,16;13,35;22,96;29,13;15,88;59,22;54,53
03010;Alfafara;11,7;24,22;9,35;1,0;16171,0;35,54;50,96;5,51;25,86;3,45;31,61;36,97;52,12;13,64;17,65;31,82;10,53;63,2;51,21
03011;Alfàs del Pi, l';14,54;23,24;53,26;1,06;14761,0;35,47;47,16;10,66;27,69;0,73;11,7;28,1;60,61;14,15;32,68;28,73;10,65;50,88;42,16
03012;Algorfa;13,52;30,07;59,4;1,09;12631,0;22,34;62,17;9,61;26,98;3,06;19,39;24,94;64,19;41,46;20,43;9,5;12,75;48,93;34,92
03013;Algueña;15,83;24,54;10,1;1,21;13112,0;29,29;51,61;10,45;23,17;9,55;28,25;20,68;64,56;24,35;14,63;16,35;19,73;59,22;51,17
03014;Alacant/Alicante;16,64;17,62;28,92;1,11;16858,0;37,55;45,01;10,36;15,91;1,0;11,6;38,22;50,33;11,84;24,14;35,39;16,58;54,28;52,03
03015;Almoradí;21,25;14,02;27,8;1,54;11823,0;33,14;52,58;7,72;18,73;7,22;22,15;25,93;59,08;21,68;17,71;21,13;17,18;53,66;54,48
03016;Almudaina;6,61;28,98;14,96;0,0;17816,0;31,43;41,9;12,38;33,33;10,26;23,08;48,65;43,24;18,58;20,35;33,63;13,46;55,56;47,27
03017;Alqueria d'Asnar, l';15,68;13,8;7,32;1,01;16087,0;34,62;52,04;9,28;20,77;0,77;41,15;26,59;59,92;11,65;20,88;31,65;9,36;74,66;66,74
03018;Altea;14,85;19,81;43,2;1,0;15547,0;35,57;47,66;9,94;27,89;1,98;13,73;29,87;57,86;13,13;25,79;33,07;11,28;53,96;46,73
03019;Aspe;18,82;16,21;11,53;1,49;13181,0;34,02;51,29;8,16;17,7;5,96;26,23;28,47;57,98;16,19;19,15;26,03;15,78;58,64;56,61
03020;Balones;7,67;30,08;16,54;1,22;17594,0;33,33;47,5;10,83;17,78;8,89;15,56;35,71;59,52;8,8;28,8;31,2;14,06;70,51;51,61
03021;Banyeres de Mariola;16,46;19,74;11,95;1,26;16141,0;30,65;55,92;6,01;17,4;0,61;50,18;29,52;60,88;14,05;20,27;25,07;9,28;65,77;55,26
03022;Benasau;10,8;36,55;4,6;0,26;32316,0;27,74;56,13;7,1;20,29;2,9;30,43;43,94;45,45;14,1;20,51;32,05;11,84;72,83;49,03
03023;Beneixama;15,77;23,0;8,27;1,55;16903,0;31,28;54,58;4,99;23,71;10,34;31,9;35,64;50,78;14,41;16,31;30,58;6,92;76,32;58,16
03024;Benejúzar;18,1;17,01;18,34;1,48;12336,0;33,09;53,06;6,77;18,55;6,15;24,07;21,52;63,43;21,2;16,39;19,23;16,59;57,42;55,16
03025;Benferri;19,82;15,82;17,21;1,56;13496,0;33,37;53,71;6,64;19,08;6,01;23,94;22,83;63,25;15,55;24,43;22,75;13,94;62,47;59,27
03026;Beniarbeig;16,36;18,84;30,94;1,18;14765,0;33,33;49,77;9,6;26,1;1,54;18,81;31,02;58,82;18,33;21,07;25,98;10,31;59,65;52,92
03027;Beniardà;10,21;28,07;17,17;0,3;16160,0;33,64;50,45;9,55;40,0;6,67;9,52;35,35;58,59;19,28;17,49;29,6;10,91;68,06;49,55
03028;Beniarrés;8,58;26,92;10,22;0,82;14700,0;31,46;52,76;5,43;22,59;5,04;39,47;24,88;61,86;22,6;15,66;23,09;13,62;65,3;52,81
03029;Benigembla;9,71;34,6;55,59;1,05;14622,0;27,73;57,05;9,77;36,05;5,44;18,37;34,31;57,66;29,68;21,93;20,23;10,84;48,37;31,68
03030;Benidoleig;11,27;28,54;48,04;1,24;15176,0;30,07;53,05;8,39;33,96;2,58;21,55;30,96;58,48;28,36;17,31;23,06;12,24;56,55;42,92
03031;Benidorm;14,32;19,88;40,98;1,08;14560,0;37,31;44,45;10,82;18,87;0,67;7,88;22,58;63,53;18,96;22,45;20,64;12,25;50,9;45,38
03032;Benifallim;13,08;21,85;0,77;0,82;24212,0;29,25;51,89;10,38;24,56;3,51;19,3;41,82;45,45;5,61;30,84;44,86;6,67;66,67;56,6
03033;Benifato;7,25;25,13;20,62;0,56;16096,0;37,59;45,86;9,02;34,55;7,27;14,55;20,41;65,31;5,07;28,99;28,99;16,67;51,4;47,83
03034;Benijófar;13,4;28,24;53,3;1,24;14066,0;24,76;60,26;7,32;28,25;2,18;20,56;22,74;67,14;39,55;13,99;12,08;13,28;49,17;38,32
03035;Benilloba;8,31;30,24;8,58;0,59;16101,0;32,78;53,29;6,14;20,28;3,91;28,83;33,58;54,61;16,83;19,71;31,51;15,43;63,19;48,98
03036;Benillup;16,4;20,54;3,6;1,52;18648,0;24,49;60,2;11,22;21,57;1,96;27,45;36,0;46,0;5,05;27,27;30,3;13,79;72,46;59,18
03037;Benimantell;13,79;22,9;28,68;1,02;13912,0;35,65;45,6;10,88;33,33;7,98;11,27;25,74;62,38;12,39;27,1;31,09;8,9;63,42;50,0
03038;Benimarfull;11,31;27,1;8,82;1,91;22312,0;31,31;51,26;7,83;26,82;5,03;43,02;25,0;64,88;17,85;19,8;33,74;8,33;68,0;50,37
03040;Benimeli;13,33;30,25;33,33;0,93;14578,0;25,0;50,0;10,48;38,82;3,95;19,74;30,82;58,9;11,36;32,59;33,83;7,88;57,14;41,56
03041;Benissa;15,24;22,6;42,88;1,18;15107,0;32,0;51,89;8,95;32,09;1,12;22,48;27,1;61,83;23,44;19,89;22,2;10,52;55,27;44,86
03042;Poble Nou de Benitatxell, el/Benitachell;14,9;26,14;62,89;1,17;14429,0;27,9;56,07;9,0;36,17;0,67;19,97;29,04;58,88;41,48;13,86;13,61;8,73;47,59;35,84
03043;Biar;15,54;20,07;8,54;0,98;17257,0;31,31;55,41;6,01;20,45;1,44;37,38;33,69;56,92;18,02;17,39;30,28;10,78;68,16;58,46
03044;Bigastro;18,97;14,27;21,44;1,41;12922,0;34,02;53,84;6,65;16,75;8,16;28,77;24,93;58,95;21,64;16,17;22,18;14,82;58,53;58,1
03045;Bolulla;9,57;24,19;47,84;0,6;11293,0;38,95;46,96;9,12;38,19;19,44;10,42;26,32;55,64;11,83;26,34;28,35;11,54;50,79;41,27
03046;Busot;14,01;20,21;38,5;0,89;15360,0;30,27;54,25;9,34;23,8;3,49;16,9;33,73;53,1;14,75;26,13;32,32;11,21;53,2;46,94
03047;Calp;15,68;20,53;57,61;1,16;14089,0;32,95;50,09;10,01;26,28;1,6;14,4;21,72;64,76;26,26;20,7;16,63;10,38;46,85;40,18
03048;Callosa d'en Sarrià;16,91;16,53;34,13;1,27;13015,0;34,88;50,13;7,7;30,02;12,92;18,5;23,42;57,56;19,14;19,35;19,51;10,08;56,0;50,64
03049;Callosa de Segura;21,53;14,87;26,07;1,57;12066,0;32,86;53,69;6,37;14,76;13,31;26,88;24,72;55,33;28,03;14,37;19,09;15,94;55,4;54,62
03050;Campello, el;15,77;19,86;28,24;1,1;18066,0;34,19;47,18;11,46;20,67;1,28;13,11;40,18;50,6;14,42;25,7;34,97;13,25;56,46;50,59
03051;Camp de Mirra, el/Campo de Mirra;13,33;21,66;6,26;1,0;13818,0;33,94;51,81;7,25;20,1;12,44;37,32;26,4;60,41;8,61;19,75;25,06;8,66;74,04;58,93
03052;Cañada;16,44;19,39;6,07;1,05;15331,0;31,4;54,3;7,05;24,35;7,21;36,04;28,63;60,98;16,62;14,27;29,95;8,41;70,57;59,03
03053;Castalla;16,51;17,36;18,09;1,32;15237,0;31,81;53,26;8,33;19,53;1,68;42,92;28,36;59,41;16,14;18,51;25,68;13,26;63,58;58,84
03054;Castell de Castells;8,19;31,95;22,4;0,7;15125,0;31,69;44,94;7,53;28,38;4,05;16,22;35,46;51,77;18,29;23,99;23,75;11,45;56,54;40,1
03055;Catral;17,94;18,14;27,8;1,29;12192,0;32,59;51,89;8,33;18,8;4,15;27,81;21,69;64,54;19,64;19,46;22,62;15,6;54,71;51,13
03056;Cocentaina;16,24;20,95;14,0;1,53;15722,0;28,72;55,7;7,45;21,6;1,1;32,23;31,95;58,05;17,82;18,76;25,89;16,64;59,81;53,4
03057;Confrides;11,54;27,44;24,91;0,91;13108,0;34,14;42,97;12,05;20,62;12,37;12,37;22,11;53,68;15,07;23,16;25,37;28,45;47,43;42,96
03058;Cox;20,03;13,75;20,7;1,56;13636,0;31,98;53,99;7,39;25,69;13,34;19,06;21,04;58,78;26,57;14,41;18,33;12,22;61,86;59,52
03059;Crevillent;19,23;16,14;17,78;1,42;12271,0;32,34;53,82;7,45;16,55;3,73;30,38;25,44;60,33;20,11;17,21;17,79;19,37;54,58;54,9
03060;Quatretondeta;6,67;35,5;12,4;0,0;12987,0;32,26;50,0;9,68;25,0;6,82;25,0;25,0;47,73;14,84;10,94;25,0;16,36;63,01;43,31
03061;Daya Nueva;15,52;23,53;29,06;1,48;13467,0;29,21;55,1;8,29;20,86;4,29;22,19;22,32;66,06;28,28;18,08;16,49;14,58;61,71;51,39
03062;Daya Vieja;9,1;34,26;64,43;1,38;15453,0;22,68;56,41;12,03;26,23;1,64;12,57;29,78;58,99;28,34;22,54;24,64;11,27;47,14;33,12
03063;Dénia;15,37;18,64;36,52;1,04;15785,0;35,25;47,05;11,01;24,8;1,0;16,35;31,92;56,44;13,72;24,59;31,46;12,48;56,07;49,69
03064;Dolores;19,24;16,12;24,79;1,39;11725,0;32,87;52,04;8,04;20,72;7,55;25,12;22,79;60,86;24,18;16,68;16,29;16,84;54,84;54,4
03065;Elx/Elche;17,63;16,65;18,61;1,17;14117,0;35,23;48,93;9,44;17,11;2,73;24,24;29,5;58,42;15,83;21,56;24,8;16,51;58,07;56,0
03066;Elda;16,75;19,74;15,37;1,31;13007,0;33,85;47,84;10,33;16,67;1,09;32,05;29,47;61,34;16,89;18,75;21,64;20,06;53,26;51,49
03067;Fageca;2,0;36,2;4,0;0,0;22212,0;22,92;64,58;5,21;29,17;8,33;12,5;47,73;45,45;9,09;32,32;30,3;7,27;86,44;55,56
03069;Finestrat;19,44;12,78;54,12;1,28;16051,0;35,49;49,58;10,67;23,59;0,6;11,7;30,73;59,79;22,65;24,94;22,82;11,51;45,39;45,29
03070;Formentera del Segura;17,55;18,63;44,46;1,45;11269,0;32,62;50,1;10,67;21,93;5,57;23,55;20,3;64,54;26,99;19,44;15,83;16,27;48,72;45,23
03071;Gata de Gorgos;15,66;18,43;31,5;1,21;13754,0;33,06;53,45;6,6;26,9;1,91;25,47;27,8;57,79;19,88;23,8;22,22;10,42;55,85;48,6
03072;Gaianes;17,85;22,83;12,8;1,39;15959,0;29,62;55,68;9,13;23,72;4,19;34,88;35,61;52,2;13,6;16,74;29,71;13,33;64,24;53,8
03073;Gorga;11,25;24,72;5,56;1,83;16579,0;30,68;54,18;8,37;29,77;12,98;26,72;23,58;69,11;5,47;23,44;30,08;14,48;69,66;56,86
03074;Granja de Rocamora;20,44;14,2;20,72;1,35;12474,0;33,68;53,41;7,2;20,8;10,22;20,36;21,24;60,3;21,89;15,92;19,02;13,73;62,65;59,57
03075;Castell de Guadalest, el;11,0;18,43;31,07;1,43;16168,0;34,67;52,0;9,78;48,65;5,41;7,21;31,78;63,55;14,11;28,23;35,89;9,38;61,38;51,82
03076;Guardamar del Segura;15,45;21,58;41,77;1,16;14546,0;30,98;50,91;10,42;24,03;2,52;17,15;29,55;57,92;30,09;18,58;22,45;13,8;50,12;43,9
03077;Fondó de les Neus, el/Hondón de las Nieves;10,51;31,84;39,53;1,09;14261,0;24,55;59,66;8,33;26,0;6,88;25,0;26,76;61,38;36,61;13,61;16,1;13,05;54,37;38,64
03078;Hondón de los Frailes;8,78;35,92;56,46;0,84;11886,0;21,31;61,43;9,06;29,68;6,36;22,26;19,7;68,77;24,46;21,46;25,21;16,86;42,11;29,44
03079;Ibi;16,02;18,25;14,54;1,07;16102,0;32,6;51,86;8,72;18,05;0,83;46,49;26,58;60,29;15,72;20,41;24,22;13,15;63,99;58,22
03080;Jacarilla;15,55;19,61;23,9;1,34;13809,0;33,24;51,78;7,63;22,21;4,98;28,76;23,73;62,56;25,08;16,28;22,75;15,22;58,48;53,33
03081;Xaló;14,66;27,29;43,85;1,07;14210,0;30,79;53,36;7,14;36,65;3,5;18,05;32,44;56,78;27,45;16,92;20,32;10,05;55,57;41,6
03082;Xàbia/Jávea;16,25;20,27;52,98;1,11;15505,0;32,68;50,99;9,5;33,96;1,14;18,75;28,37;59,72;31,57;18,22;18,67;10,18;48,82;41,2
03083;Xixona/Jijona;15,43;19,67;17,97;1,09;16712,0;34,45;47,95;8,31;15,57;0,95;48,68;24,92;65,29;14,28;19,27;20,6;8,72;58,22;50,98
03084;Orxa, l'/Lorcha;12,39;28,83;10,66;2,4;18433,0;29,06;55,11;5,01;17,92;2,5;48,33;29,2;59,73;23,12;16,54;21,8;10,08;68,64;48,68
03085;Llíber;10,67;32,56;62,5;0,91;14294,0;23,88;60,82;9,08;45,76;3,74;21,77;28,04;60,15;35,75;21,6;17,04;7,65;58,19;36,7
03086;Millena;8,87;28,2;25,56;1,17;16998,0;28,57;54,91;9,38;23,47;6,12;19,39;30,53;57,89;17,95;21,79;33,33;11,4;61,96;48,93
03088;Monforte del Cid;18,61;12,33;16,79;1,3;14729,0;35,77;50,72;8,27;17,8;23,51;20,99;25,99;47,74;14,75;20,1;26,43;10,5;62,44;61,58
03089;Monòver/Monóvar;16,48;19,9;14,38;1,18;12690,0;31,5;51,5;8,53;15,71;3,38;34,16;25,94;62,93;20,42;15,73;17,64;19,04;54,5;51,92
03090;Mutxamel;18,6;14,04;18,23;1,18;17452,0;35,27;49,89;9,71;18,09;1,46;16,18;34,96;52,93;9,79;24,37;34,33;11,2;61,69;59,05
03091;Murla;7,74;38,85;57,84;0,58;15185,0;27,29;57,57;7,46;23,13;5,97;14,18;33,87;50,81;44,28;12,55;21,96;10,49;51,06;30,17
03092;Muro de Alcoy;17,79;17,18;12,65;1,23;14926,0;31,0;55,4;6,65;21,72;1,46;38,48;30,49;59,86;16,97;18,57;26,27;13,7;62,97;58,03
03093;Novelda;16,23;17,34;14,07;1,08;14498,0;34,78;49,85;8,43;15,95;11,47;29,15;26,31;55,33;14,61;20,67;23,28;15,61;57,88;55,04
03094;Nucia, la;18,49;14,72;36,87;1,09;15273,0;36,65;47,27;11,07;22,99;1,22;12,15;27,96;61,46;10,73;33,15;26,59;10,49;57,99;53,82
03095;Ondara;17,22;16,42;28,06;1,16;13831,0;33,5;50,99;8,54;22,42;1,0;22,1;25,08;61,46;19,26;19,23;22,79;13,41;60,79;57,44
03096;Onil;16,4;18,55;13,79;1,23;15351,0;32,0;52,18;9,07;18,53;0,85;48,47;26,14;56,79;17,22;19,2;21,03;13,32;63,73;57,45
03097;Orba;12,22;33,61;49,75;0,91;14478,0;23,69;59,79;7,38;35,28;2,83;16,85;38,92;49,1;20,29;21,72;33,87;11,5;49,96;33,69
03098;Orxeta;13,83;20,49;23,88;0,97;15696,0;31,14;50,85;11,43;18,93;1,18;17,46;27,02;62,73;13,74;24,75;32,05;11,22;59,48;51,19
03099;Orihuela;16,57;20,6;39,0;1,29;13630,0;32,11;52,21;8,63;20,74;8,08;18,42;26,89;57,18;31,78;15,67;19,04;13,67;53,9;46,85
03100;Parcent;10,12;30,39;47,0;1,16;14446,0;30,11;48,64;10,04;35,86;3,29;20,07;28,72;61,94;17,49;23,39;31,82;11,2;52,05;37,7
03101;Pedreguer;15,17;20,52;32,26;1,08;15415,0;32,75;51,76;8,48;24,97;1,6;21,7;29,96;57,55;14,83;22,67;30,58;12,52;59,23;51,64
03102;Pego;14,23;22,97;23,8;1,2;14604,0;30,61;53,21;7,61;25,67;6,1;19,94;27,92;57,16;19,09;20,5;25,22;10,73;62,57;51,35
03103;Penàguila;9,57;24,33;10,16;1,0;18458,0;27,92;55,47;7,55;20,31;4,69;29,69;31,45;52,42;16,42;20,8;28,83;11,51;60,89;50,92
03104;Petrer;16,45;17,08;7,1;1,05;13841,0;32,38;51,78;9,42;16,75;0,79;34,57;26,77;65,07;12,37;19,9;21,95;16,11;62,48;58,81
03105;Pinós, el/Pinoso;16,04;19,07;23,69;1,12;12616,0;31,6;52,48;8,87;23,11;8,78;34,52;22,16;66,37;26,11;14,9;18,43;13,8;55,35;49,55
03106;Planes;8,94;30,7;13,48;1,14;15723,0;33,66;52,66;5,15;28,16;15,88;23,47;27,41;59,85;17,79;17,64;25,77;10,96;63,41;45,41
03107;Polop;18,54;14,78;37,61;1,21;13930,0;35,31;48,67;10,32;20,77;1,86;13,51;27,36;60,23;15,05;27,53;24,69;10,52;56,69;53,02
03109;Rafal;20,83;12,39;20,92;1,46;11659,0;34,07;51,75;8,13;13,96;8,62;30,3;20,13;61,62;20,19;17,75;19,4;14,9;58,08;57,6
03110;Ràfol d'Almúnia, el;12,53;30,46;44,61;1,61;15632,0;27,92;58,13;6,71;34,04;5,96;18,72;39,63;49,77;11,08;29,33;41,19;9,67;58,98;42,23
03111;Redován;18,7;13,99;17,61;1,21;12177,0;36,83;49,88;6,83;16,06;7,72;28,17;22,08;62,27;18,81;17,66;19,69;15,25;58,15;57,12
03112;Relleu;9,91;25,42;38,67;0,68;15604,0;32,59;50,42;9,15;26,12;3,53;16,24;31,0;59,0;23,88;24,29;23,71;11,45;50,87;41,85
03113;Rojales;11,52;34,08;69,87;1,29;12740,0;24,13;58,54;9,76;29,63;4,83;18,28;24,28;60,8;50,17;10,39;8,34;13,51;41,2;28,58
03114;Romana, la;13,6;24,66;27,69;1,1;12274,0;29,95;54,34;8,78;28,83;19,07;25,88;21,48;62,89;24,92;17,16;18,29;12,34;52,55;43,28
03115;Sagra;10,47;33,91;39,05;1,27;14078,0;21,74;61,68;7,61;28,37;3,55;21,99;39,1;45,11;26,12;17,66;28,36;11,49;64,17;43,83
03116;Salinas;15,31;19,11;22,12;1,08;13501,0;31,88;53,53;8,85;20,18;4,31;43,14;22,61;60,67;13,86;19,58;20,6;10,69;59,71;51,46
03117;Sanet y Negrals;10,46;30,93;38,0;0,63;14481,0;26,48;57,0;6,91;30,65;5,65;21,37;30,51;54,24;17,04;30,96;29,04;12,41;57,83;40,96
03118;San Fulgencio;9,9;38,58;67,94;1,06;12098,0;23,15;58,25;10,19;27,07;4,07;17,15;21,22;64,89;49,13;13,83;9,0;15,31;42,37;27,65
03119;Sant Joan d'Alacant;17,18;16,96;22,36;1,11;18075,0;36,57;46,22;10,34;17,1;0,74;11,63;40,54;48,98;8,5;26,96;39,4;12,4;58,53;54,85
03120;San Miguel de Salinas;15,6;24,62;56,95;1,18;12325,0;29,19;54,95;9,11;31,42;3,81;15,09;26,13;61,94;41,06;11,63;12,34;13,68;47,72;39,39
03121;Santa Pola;16,21;17,51;29,85;1,08;14814,0;34,73;47,28;11,77;20,0;2,88;14,77;30,29;60,17;14,24;24,76;28,06;14,87;53,66;50,8
03122;Sant Vicent del Raspeig/San Vicente del Raspeig;17,51;14,9;13,86;0,97;15668,0;36,33;48,21;9,49;13,94;0,81;16,83;30,83;56,83;11,09;24,05;32,7;13,33;62,25;58,92
03123;Sax;17,04;17,9;11,37;1,25;14069,0;34,3;51,21;8,0;15,41;1,02;53,83;21,58;66,81;16,61;17,48;18,55;16,0;60,01;56,39
03124;Sella;10,48;21,19;14,95;1,1;16989,0;38,96;43,97;7,79;24,82;2,92;18,25;38,67;51,56;16,04;20,32;34,58;10,29;65,96;56,34
03125;Senija;16,85;18,12;38,15;1,66;13188,0;32,63;48,75;10,75;32,79;2,05;23,77;23,93;67,95;16,14;22,46;23,96;13,92;58,46;52,28
03127;Tàrbena;9,6;28,13;43,33;1,14;12815,0;38,8;45,6;6,2;32,95;6,94;15,61;26,35;58,68;18,75;22,3;23,65;11,11;46,83;36,67
03128;Teulada;13,72;24,61;60,28;1,04;14878,0;30,49;52,35;9,24;36,6;1,64;19,84;24,96;62,34;21,13;29,4;20,8;9,01;48,57;37,7
03129;Tibi;12,0;20,56;14,91;1,24;18818,0;31,71;51,81;9,89;18,62;1,23;36,13;31,13;57,52;10,94;22,49;32,21;12,36;65,91;56,98
03131;Tormos;9,54;34,77;43,16;1,59;19688,0;24,74;61,51;7,22;28,7;2,78;22,22;28,43;50,98;16,94;28,34;28,99;10,69;66,1;42,81
03132;Torre de les Maçanes, la/Torremanzanas;10,57;24,49;20,48;1,72;15846,0;35,55;47,71;8,69;25,36;5,36;26,79;28,62;59,11;15,26;22,53;31,4;13,49;61,46;49,85
03133;Torrevieja;16,57;18,99;55,67;1,14;11488,0;33,51;46,77;12,03;22,18;2,53;14,44;22,53;63,83;29,2;20,0;14,09;20,88;41,19;41,68
03134;Vall d'Alcalà, la;6,79;32,58;10,69;0,3;18390,0;28,12;55,62;6,88;38,24;16,18;11,76;29,69;62,5;11,38;17,96;29,94;13,1;77,66;50,6
03135;Vall d'Ebo, la;6,75;30,91;22,94;1,2;17052,0;38,83;43,69;5,34;23,08;8,65;21,15;27,72;51,49;15,25;15,25;29,6;15,93;68,84;51,13
03136;Vall de Gallinera, la;11,65;26,99;22,41;1,31;15767,0;29,45;50,2;10,08;29,73;10,81;15,77;29,27;55,61;15,7;20,37;33,27;10,0;65,18;49,06
03137;Vall de Laguar, la;11,9;30,31;21,01;0,93;13783,0;34,8;41,79;10,61;30,0;3,21;16,07;31,82;54,92;19,41;20,27;29,3;15,48;53,11;39,53
03138;Verger, el;15,36;20,54;29,73;1,21;13705,0;33,47;46,5;10,89;22,84;1,62;22,59;23,83;64,3;21,23;19,15;20,56;13,13;58,61;52,84
03139;Vila Joiosa, la/Villajoyosa;16,06;17,02;28,87;1,1;14962,0;35,31;47,6;9,85;15,45;1,95;15,07;27,72;59,49;20,21;23,01;24,14;13,46;55,01;51,19
03140;Villena;17,33;18,06;13,38;1,19;14063,0;33,03;51,13;8,48;16,31;5,02;32,92;28,55;60,61;15,56;17,55;25,71;15,84;59,55;55,63
03901;Poblets, els;11,34;31,72;50,31;0,97;16952,0;26,44;56,64;8,92;31,32;1,74;19,49;33,41;56,69;19,55;28,59;30,86;8,81;57,11;39,37
03902;Pilar de la Horadada;17,38;19,98;43,45;1,39;13669,0;32,02;53,15;8,73;23,27;19,25;16,61;21,23;57,21;36,14;13,64;15,81;10,45;54,66;46,68
03903;Montesinos, Los;17,08;19,96;41,78;1,28;12642,0;32,11;51,39;9,95;22,45;3,22;20,85;22,82;65,47;29,54;15,86;16,54;13,53;56,0;49,23
03904;San Isidro;19,7;11,92;21,12;1,57;12324,0;35,25;50,03;9,94;17,79;3,95;32,88;17,01;70,27;18,67;18,51;16,34;15,74;61,0;62,3
04001;Abla;13,5;26,08;11,68;1,39;14168,0;31,91;52,18;7,36;18,68;9,79;19,36;26,59;54,35;25,88;17,37;22,54;17,09;59,61;48,76
04002;Abrucena;12,52;27,3;11,42;1,66;13516,0;30,19;54,54;6,2;26,12;20,05;14,39;25,61;57,56;28,29;15,04;19,16;16,73;57,28;44,68
04003;Adra;18,69;14,13;15,79;1,37;11687,0;36,52;49,09;7,62;28,74;31,68;9,41;16,19;53,33;29,76;13,32;15,4;13,94;62,05;59,5
04004;Albanchez;8,22;35,7;38,3;0,78;13816,0;29,74;52,99;7,52;30,16;8,51;30,85;28,74;54,02;34,33;17,24;21,16;11,01;53,16;36,03
04005;Alboloduy;12,21;28,03;7,96;1,13;13019,0;33,72;46,0;6,43;14,8;12,11;22,87;21,5;54,67;25,05;14,8;20,49;16,4;60,58;48,26
04006;Albox;18,42;17,94;35,38;1,57;12616,0;33,79;52,25;6,86;22,19;9,27;20,19;24,95;56,14;36,68;15,4;19,98;14,13;53,35;49,29
04007;Alcolea;13,02;23,08;4,57;1,5;12518,0;33,01;50,14;7,46;27,56;16,96;19,08;16,18;63,97;24,56;12,48;17,58;21,13;59,53;52,57
04008;Alcóntar;9,98;31,47;13,43;0,6;16556,0;31,84;54,29;4,49;32,63;12,23;21,28;27,32;59,02;25,96;15,38;24,42;13,36;63,41;44,87
04009;Alcudia de Monteagud;7,01;28,72;12,82;0,74;16087,0;30,17;54,31;10,34;17,24;3,45;10,34;31,48;48,15;22,31;21,49;31,4;8,77;74,29;47,11
04010;Alhabia;14,35;17,57;8,0;1,61;12062,0;34,15;48,46;8,13;16,25;7,42;30,04;15,94;63,04;20,68;15,74;16,2;22,16;53,73;54,57
04011;Alhama de Almería;18,12;16,92;14,07;1,57;12300,0;33,22;52,89;6,26;24,12;14,18;21,63;20,36;60,38;21,14;17,53;19,96;17,86;58,35;57,2
04012;Alicún;9,75;27,68;3,94;0,55;14660,0;33,68;54,74;5,26;15,91;9,09;10,23;30,59;54,12;13,33;18,97;28,21;12,75;71,2;52,85
04013;Almería;18,49;16,02;15,62;1,33;16245,0;38,16;46,73;8,23;15,65;8,45;8,79;36,64;47,31;16,88;15,28;39,21;16,26;59,62;57,75
04014;Almócita;12,28;19,16;11,16;0,95;15501,0;40,43;44,68;5,32;23,53;5,88;15,69;36,56;46,24;11,46;23,96;38,02;19,83;65,03;60,42
04015;Alsodux;2,24;31,84;8,0;0,0;16871,0;30,3;51,52;11,36;17,19;0,0;26,56;33,87;56,45;19,26;21,48;22,22;19,72;72,15;52,99
04016;Antas;17,39;16,26;30,98;1,23;13075,0;34,24;52,23;5,97;23,74;12,7;13,8;19,5;64,5;18,93;18,29;24,88;9,84;61,96;55,88
04017;Arboleas;6,96;38,61;67,72;0,84;12246,0;20,09;64,59;7,89;30,38;9,68;16,74;20,6;63,25;64,78;9,92;10,66;12,62;42,2;25,23
04018;Armuña de Almanzora;10,24;21,34;16,09;0,95;16160,0;37,76;41,84;9,18;22,22;3,97;30,16;29,6;54,4;20,83;21,15;30,45;16,67;52,53;52,43
04019;Bacares;4,07;40,27;4,42;0,7;16168,0;30,09;47,79;5,31;15,94;11,59;13,04;25,37;55,22;25,0;20,18;16,23;19,51;56,41;35,96
04020;Bayárcal;12,24;25,85;8,16;0,82;13267,0;34,63;52,53;5,06;24,19;19,35;21,77;14,16;59,29;26,87;16,42;16,79;18,94;59,12;49,81
04021;Bayarque;6,36;28,5;18,22;0,15;15496,0;32,09;49,2;8,56;21,33;4,0;24,0;35,62;46,58;23,47;23,0;19,72;14,61;54,29;42,58
04022;Bédar;6,21;38,91;61,15;0,69;13435,0;26,9;54,98;9,83;39,3;3,93;22,27;30,04;59,19;26,65;23,09;30,85;19,37;40,8;27,38
04023;Beires;4,71;31,86;3,57;0,47;15872,0;31,21;48,23;10,64;18,18;7,27;14,55;23,53;56,86;20,14;18,75;34,03;17,39;64,77;47,92
04024;Benahadux;22,16;11,65;11,31;1,38;12829,0;34,26;52,29;7,63;13,54;4,96;17,52;22,99;59,16;15,85;20,01;23,76;14,19;63,13;64,41
04027;Benizalón;6,61;31,07;13,22;0,68;14890,0;31,47;51,72;6,47;21,59;13,64;17,05;15,12;63,95;27,43;15,19;19,83;19,09;61,38;46,41
04028;Bentarique;11,42;31,5;2,65;0,68;12270,0;31,4;50,24;9,18;21,25;6,25;21,25;29,87;50,65;9,52;16,67;16,67;18,56;61,72;46,86
04029;Berja;18,5;13,98;16,0;1,33;11475,0;37,92;48,47;6,62;24,15;26,4;11,1;17,85;49,73;28,15;14,07;16,33;15,82;59,41;58,63
04030;Canjáyar;9,1;29,13;8,57;0,79;13057,0;34,83;44,62;7,53;22,04;11,85;22,87;18,86;61,43;25,47;15,72;17,99;23,8;54,9;47,76
04031;Cantoria;12,55;26,77;32,84;1,19;12723,0;29,62;53,78;7,8;24,89;4,41;27,46;23,55;63,42;34,09;15,94;16,59;15,75;51,83;41,77
04032;Carboneras;18,53;15,66;17,61;1,33;15087,0;34,44;52,05;6,93;21,37;11,93;22,62;23,49;60,88;22,88;17,39;23,81;15,67;55,01;52,06
04033;Castro de Filabres;4,38;33,52;10,48;0,0;18246,0;28,57;46,94;13,27;17,5;2,5;22,5;28,21;53,85;21,0;21,0;26,0;13,64;64,41;44,0
04034;Cóbdar;7,37;33,68;9,94;1,75;16117,0;33,92;50,88;7,6;25,0;15,28;23,61;20,29;68,12;20,9;19,77;23,16;23,81;67,37;47,46
04035;Cuevas del Almanzora;21,29;14,51;31,71;1,78;12162,0;33,94;52,43;7,11;17,83;25,75;15,88;17,98;53,21;37,13;14,25;16,59;13,41;56,62;54,21
04036;Chercos;12,92;25,77;15,41;1,65;12435,0;35,06;47,97;7,01;25,69;4,59;39,45;21,9;63,81;22,46;14,74;24,56;12,98;61,96;46,13
04037;Chirivel;13,94;27,31;20,67;1,37;13605,0;33,18;48,49;6,64;30,94;25,17;10,62;25,73;56,57;31,36;16,53;20,55;9,08;59,34;46,36
04038;Dalías;18,86;17,52;9,56;1,59;12434,0;37,15;49,37;6,09;32,42;29,85;9,25;20,64;54,81;25,01;15,83;21,0;11,23;64,72;56,91
04041;Enix;13,62;18,46;18,27;1,5;14787,0;36,75;45,84;11,61;25,98;4,33;15,35;23,24;63,07;15,99;22,98;30,33;10,37;63,21;55,37
04043;Felix;11,81;19,04;11,27;0,9;15515,0;35,95;47,04;11,09;30,27;16,02;16,62;22,81;58,44;16,57;17,85;25,07;13,18;63,76;55,6
04044;Fines;17,45;13,82;23,1;1,47;13047,0;34,86;50,6;7,1;18,12;6,83;31,37;20,71;60,09;20,01;20,11;20,68;15,0;58,37;59,16
04045;Fiñana;13,46;23,09;7,33;1,17;12477,0;33,98;51,67;5,67;17,77;14,78;23,04;17,5;61,24;26,55;14,44;15,6;19,21;54,03;46,89
04046;Fondón;10,22;23,02;6,6;0,66;14258,0;33,37;50,34;8,24;21,46;11,28;23,23;19,12;60,83;18,31;19,65;24,54;15,94;61,13;53,38
04047;Gádor;19,22;15,48;11,73;1,53;12006,0;37,54;48,14;6,68;12,71;9,44;24,1;20,44;55,57;22,79;17,64;14,74;22,33;54,8;58,1
04048;Gallardos, Los;14,82;28,83;42,36;1,56;12841,0;27,39;58,06;6,56;26,47;15,15;19,48;21,01;57,33;34,63;20,16;16,15;10,83;58,63;42,23
04049;Garrucha;19,07;12,47;35,15;1,45;12112,0;37,67;48,24;8,56;16,53;9,21;13,14;22,32;63,19;22,01;22,57;22,84;15,72;50,49;52,22
04050;Gérgal;16,25;17,43;30,31;1,83;11446,0;35,5;46,54;9,49;17,76;35,37;11,22;18,02;42,64;34,62;15,33;16,1;17,32;51,22;49,46
04051;Huécija;13,66;21,71;6,07;1,08;13437,0;31,74;52,83;7,61;23,95;10,5;15,97;25,45;57,27;19,28;16,53;25,42;10,53;69,59;56,72
04052;Huércal de Almería;22,84;7,05;6,53;1,16;14786,0;36,84;51,73;7,91;13,33;2,5;12,82;29,43;57,4;9,61;22,6;32,38;13,81;64,44;69,37
04053;Huércal-Overa;19,08;16,32;28,59;1,21;14012,0;34,94;50,4;7,61;15,99;18,17;14,02;25,92;52,52;27,51;17,11;24,16;11,01;61,08;55,19
04054;Íllar;10,99;22,27;14,46;0,76;13065,0;36,34;45,36;10,53;22,89;10,3;12,12;24,38;55,0;23,22;16,82;25,12;14,08;56,19;49,05
04055;Instinción;16,49;22,41;13,41;0,53;11267,0;33,25;47,23;9,4;27,53;12,99;15,82;23,21;58,93;26,16;19,68;19,68;16,75;56,86;48,6
04056;Laroya;11,92;21,11;10,1;1,11;13887,0;35,75;48,6;11,73;19,72;4,23;30,99;21,43;62,86;17,02;21,28;26,6;25,0;62,79;57,75
04057;Laujar de Andarax;16,51;21,21;8,74;1,29;11501,0;31,29;52,66;6,83;24,3;10,44;22,74;17,93;64,8;22,5;15,11;18,29;14,47;61,73;53,3
04058;Líjar;8,87;32,7;13,39;1,07;13273,0;31,18;49,16;9,83;14,29;5,04;35,29;26,13;58,56;25,0;13,19;17,58;17,93;54,59;40,06
04059;Lubrín;12,51;33,45;32,14;1,04;12856,0;31,67;48,67;6,61;26,19;16,97;22,62;22,48;58,78;38,7;17,0;16,55;10,92;57,41;39,31
04060;Lucainena de las Torres;15,12;21,77;22,34;1,31;11847,0;38,0;47,64;6,65;24,02;21,26;14,96;20,59;53,36;23,04;18,56;23,52;18,39;53,86;48,38
04061;Lúcar;13,39;23,68;15,25;1,07;14112,0;29,37;53,72;7,88;20,9;12,54;27,33;24,75;58,42;20,9;18,18;22,25;18,39;61,64;53,17
04062;Macael;15,98;18,0;10,6;1,17;14637,0;33,47;52,72;6,3;16,85;2,11;42,02;25,01;60,48;20,83;19,29;23,31;16,42;59,7;55,43
04063;María;10,72;28,09;11,81;0,91;13804,0;30,08;54,27;5,5;35,32;33,53;15,87;18,18;67,23;23,8;16,29;20,9;7,79;67,53;49,4
04064;Mojácar;12,05;26,77;53,38;1,02;15227,0;32,36;50,03;11,2;36,83;1,86;11,94;33,88;56,45;18,93;34,06;28,09;11,13;49,55;38,35
04065;Nacimiento;12,08;21,11;25,15;1,43;12302,0;33,5;45,48;9,54;18,23;28,18;9,39;18,6;47,67;32,96;16,59;16,37;17,39;54,46;46,31
04066;Níjar;22,94;9,48;41,52;1,94;10227,0;36,82;52,01;6,44;22,82;49,74;6,52;9,52;42,04;50,15;10,66;8,74;10,16;60,2;57,87
04067;Ohanes;6,87;30,52;5,61;0,78;13786,0;28,88;50,69;9,23;20,74;16,04;12,3;16,11;60,56;30,95;12,96;16,83;24,37;54,05;46,12
04068;Olula de Castro;3,89;28,34;6,86;0,0;18428,0;34,66;47,73;9,09;20,73;8,54;10,98;29,33;52,0;11,73;21,79;33,52;15,48;61,21;47,46
04069;Olula del Río;17,34;15,16;15,68;1,26;13755,0;34,19;52,38;6,44;15,83;2,36;32,62;27,74;58,26;16,38;17,34;37,44;17,07;58,87;58,13
04070;Oria;8,66;31,62;29,15;0,91;12858,0;30,34;51,17;8,52;34,27;19,88;14,54;25,67;59,59;42,5;11,41;17,94;12,84;53,55;37,85
04071;Padules;9,29;33,33;11,26;1,12;15507,0;27,86;52,74;7,21;19,87;7,1;18,71;28,08;59,59;24,02;20,83;23,77;15,08;62,3;43,98
04072;Partaloa;5,39;38,91;60,7;0,85;12947,0;18,77;66,71;7,95;33,13;5,45;26,06;31,41;56,41;53,86;10,98;12,03;10,9;44,24;24,79
04073;Paterna del Río;6,87;25,41;8,02;0,37;13285,0;30,85;48,21;11,85;23,61;13,89;21,53;11,68;64,96;22,85;15,32;14,78;20,73;57,74;52,59
04074;Pechina;21,88;11,69;14,65;1,37;12087,0;36,57;50,34;7,61;13,8;13,18;13,85;21,0;54,31;21,91;18,71;21,37;18,84;58,03;62,19
04075;Pulpí;18,73;11,19;45,78;1,32;13355,0;41,25;47,82;6,65;11,72;48,9;11,16;13,47;40,42;31,9;17,54;13,97;5,88;63,13;59,51
04076;Purchena;16,61;19,91;14,8;1,07;13779,0;35,86;47,34;7,58;17,93;5,8;26,19;30,07;55,72;24,05;16,13;22,58;15,77;53,33;50,0
04077;Rágol;7,28;33,27;7,14;1,0;13091,0;30,63;53,51;7,01;19,23;11,54;11,54;17,48;55,34;24,56;16,01;16,01;17,36;58,48;43,37
04078;Rioja;18,71;12,88;11,27;1,38;11418,0;36,4;47,78;8,57;13,65;7,1;22,44;17,46;58,98;21,16;15,21;16,97;25,22;51,54;58,71
04079;Roquetas de Mar;20,17;9,92;31,97;1,37;13754,0;39,6;46,51;9,59;18,36;20,7;8,84;25,79;46,75;23,7;18,4;25,72;13,19;58,83;60,57
04080;Santa Cruz de Marchena;5,76;30,59;12,71;0,23;15312,0;34,96;45,13;9,73;11,34;8,25;11,34;22,34;55,32;22,22;21,37;27,78;19,09;61,38;47,01
04081;Santa Fe de Mondújar;14,49;19,16;13,96;1,45;11710,0;38,99;44,72;8,49;21,51;13,44;19,35;16,57;55,43;23,39;13,36;16,93;19,5;56,07;53,91
04082;Senés;5,11;31,51;13,31;0,55;17255,0;27,57;56,62;6,99;19,3;2,63;14,91;31,25;55,36;18,18;22,55;25,82;20,81;70,66;54,18
04083;Serón;13,29;24,75;12,38;1,26;15073,0;33,35;49,89;5,99;19,16;5,88;29,98;29,29;58,32;25,63;16,5;25,06;12,64;63,29;50,76
04084;Sierro;8,96;24,29;7,42;0,76;14908,0;31,85;52,98;5,65;13,33;4,67;34,67;26,53;56,46;21,69;18,31;20,28;19,77;57,98;49,0
04085;Somontín;9,11;24,61;11,93;0,71;14617,0;33,98;50,65;7,58;16,59;14,15;27,8;20,1;59,8;20,98;18,53;19,14;14,1;61,09;48,25
04086;Sorbas;14,87;24,88;25,08;1,5;12407,0;32,22;53,68;5,57;29,8;13,33;20,49;21,8;60,84;35,55;15,0;16,77;17,75;54,2;46,14
04087;Suflí;6,73;19,1;23,32;1,26;15853,0;31,94;47,12;11,52;24,36;3,85;24,36;31,94;54,17;16,51;27,98;26,61;21,78;50,0;46,54
04088;Tabernas;16,35;17,41;24,65;1,5;11647,0;37,71;48,5;6,58;16,32;16,39;16,94;21,19;55,69;29,6;16,85;16,28;17,96;53,58;50,12
04089;Taberno;14,8;28,18;24,13;1,48;11777,0;29,81;51,1;8,13;29,81;16,45;15,16;23,96;58,68;37,75;13,26;15,65;11,08;58,61;42,51
04090;Tahal;8,52;26,61;17,37;1,03;15563,0;27,98;54,76;8,63;20,42;12,68;15,49;35,97;50,36;25,36;23,65;25,36;15,73;66,37;51,0
04091;Terque;13,21;26,17;18,51;2,06;14077,0;31,72;47,43;9,97;24,67;21,33;20,0;24,49;54,42;26,72;14,94;21,84;18,39;60,94;50,14
04092;Tíjola;15,26;17,88;12,28;0,99;14747,0;35,58;51,05;5,33;19,04;6,57;23,93;25,68;58,33;19,94;18,94;26,11;15,37;58,73;54,73
04093;Turre;15,94;23,72;47,17;1,75;11133,0;32,27;53,54;7,08;27,29;10,06;18,41;17,71;64,15;34,36;21,95;14,73;18,05;47,25;41,29
04094;Turrillas;7,52;27,91;8,14;0,17;14523,0;32,62;48,5;6,44;15,24;11,43;12,38;13,86;57,43;27,02;14,11;11,69;18,42;56,71;46,34
04095;Uleila del Campo;11,59;26,91;17,65;0,96;11930,0;30,82;50,28;8,1;28,0;14,38;27,76;20,64;61,21;28,44;16,96;17,09;16,26;62,8;49,86
04096;Urrácal;6,09;27,82;22,99;0,25;16064,0;35,46;49,84;6,39;10,81;12,84;23,65;24,65;54,93;21,6;21,6;27,51;17,09;59,01;46,88
04097;Velefique;2,17;42,78;6,52;0,37;17211,0;28,45;58,16;3,77;23,17;12,35;8,64;29,87;53,25;23,97;16,12;26,03;19,79;65,81;39,67
04098;Vélez-Blanco;10,26;25,61;20,21;0,82;14238,0;34,74;47,27;8,67;33,81;21,72;14,56;19,67;62,74;29,43;15,39;20,2;10,8;64,73;50,23
04099;Vélez-Rubio;15,81;21,73;21,14;1,45;13885,0;34,0;49,59;7,17;29,53;16,83;15,52;24,41;62,0;25,41;19,57;22,32;12,19;59,15;49,74
04100;Vera;20,11;12,79;37,77;1,35;13505,0;36,71;50,49;8,18;18,82;15,58;12,81;25,99;52,28;26,63;18,93;24,85;14,51;53,47;54,64
04101;Viator;21,54;10,22;11,2;1,47;12166,0;40,41;46,49;8,3;11,76;7,55;12,09;18,82;59,65;18,41;21,1;19,75;14,96;63,69;66,01
04102;Vícar;21,93;8,85;34,01;1,6;10922,0;40,09;47,57;7,56;19,64;36,31;8,01;12,05;44,91;32,59;15,82;13,8;11,69;62,23;64,07
04103;Zurgena;10,64;32,51;48,02;1,26;12845,0;25,18;58,88;7,95;20,22;10,55;19,39;18,77;64,4;47,19;13,44;12,5;14,37;51,36;37,29
04901;Tres Villas, Las;8,75;31,54;9,8;1,42;13951,0;35,78;48,94;6,38;21,05;15,38;12,98;17,41;59,2;26,11;19,26;15,74;20,42;60,06;44,69
04902;Ejido, El;22,21;9,51;30,9;1,62;12071,0;37,44;50,27;7,51;23,83;37,26;6,75;15,45;44,53;30,44;15,98;16,08;10,01;64,18;63,74
04903;Mojonera, La;22,68;9,1;34,88;1,94;10520,0;37,54;52,5;5,08;24,98;56,46;5,39;7,52;40,02;43,72;10,22;8,05;7,94;63,86;62,99
04904;Balanegra;18,59;11,65;21,12;1,38;12086,0;38,22;48,13;8,07;30,13;44,9;5,23;12,4;48,5;31,02;14,99;14,44;8,47;69,85;65,18
05001;Adanero;7,48;27,38;17,76;0,74;16877,0;40,11;41,71;5,35;22,83;21,74;15,22;21,35;56,18;22,11;18,59;24,12;8,18;74,26;55,28
05002;Adrada, La;16,85;19,25;16,22;1,27;13434,0;37,05;46,15;9,96;26,75;3,19;20,56;27,52;60,12;12,35;24,62;26,17;20,08;57,83;54,87
05005;Albornos;6,71;26,47;2,94;0,52;18745,0;34,15;52,44;1,83;33,71;30,34;24,72;12,79;59,3;17,96;14,37;21,56;6,06;84,55;59,64
05007;Aldeanueva de Santa Cruz;5,69;42,55;1,96;2,1;12755,0;34,02;50,52;1,03;45,16;25,81;25,81;22,58;77,42;38,14;13,4;15,46;13,51;60,38;38,14
05008;Aldeaseca;10,62;36,49;5,69;0,97;13756,0;30,6;51,91;3,28;25,97;23,38;23,38;19,72;59,15;18,28;16,13;16,67;3,45;77,06;47,54
05010;Aldehuela, La;7,46;36,76;4,23;0,39;13387,0;32,82;51,15;3,82;32,26;17,74;17,74;16,67;78,33;26,28;21,17;17,52;9,09;75,0;48,53
05012;Amavida;10,69;34,96;0,0;0,3;13461,0;42,15;45,45;5,79;31,11;26,67;13,33;22,73;59,09;18,7;14,63;22,76;21,05;63,38;46,34
05013;Arenal, El;10,64;33,65;20,98;0,92;14582,0;31,18;51,04;5,24;29,62;9,68;16,72;25,78;57,45;29,5;20,61;22,59;14,82;63,36;43,98
05014;Arenas de San Pedro;13,34;25,57;10,09;1,1;14191,0;32,35;50,42;7,71;27,31;4,23;17,0;29,16;59,62;19,76;21,69;25,2;14,19;62,13;49,97
05015;Arevalillo;5,42;38,64;3,39;0,0;16653,0;38,18;43,64;3,64;43,48;26,09;13,04;13,04;73,91;33,33;8,77;14,04;15,38;70,97;46,43
05016;Arévalo;15,92;19,98;8,17;1,18;15811,0;35,63;50,51;6,0;19,53;6,68;26,15;24,81;60,16;13,63;22,69;28,72;9,92;65,44;54,7
05017;Aveinte;0,0;35,52;0,0;0,0;18005,0;27,4;56,16;2,74;35,14;10,81;21,62;22,22;63,89;15,07;19,18;31,51;7,89;87,5;52,05
05019;Ávila;17,17;19,96;14,57;1,2;18428,0;35,47;50,63;6,65;13,27;1,48;14,14;37,52;51,34;13,51;23,36;36,52;9,28;66,21;55,12
05021;Barco de Ávila, El;14,18;24,47;12,39;0,79;15727,0;32,94;50,34;6,4;27,21;2,62;19,67;28,54;60,82;16,98;20,9;30,0;10,73;63,41;50,94
05022;Barraco, El;14,21;26,41;14,49;1,26;14470,0;33,76;52,46;4,4;30,96;12,06;19,54;22,13;67,33;22,83;19,22;23,5;12,64;65,04;51,37
05023;Barromán;3,1;33,33;1,72;0,0;17181,0;30,77;60,95;1,78;25,97;19,48;14,29;25,0;66,18;16,37;19,3;23,98;9,41;70,64;50,0
05024;Becedas;3,07;45,87;3,33;0,0;15540,0;33,11;45,03;3,31;50,98;37,25;17,65;12,0;82,0;29,14;13,25;15,89;15,52;68,06;38,41
05025;Becedillas;4,29;42,86;0,0;0,7;15122,0;30,3;53,03;3,03;39,29;32,14;17,86;23,08;61,54;13,64;13,64;16,67;6,67;84,85;45,45
05026;Bercial de Zapardiel;2,17;41,45;6,63;0,35;15833,0;35,88;44,71;5,29;30,77;18,68;21,98;18,18;75,0;18,24;8,24;21,18;4,3;100,0;54,71
05027;Berlanas, Las;9,13;29,44;10,56;1,36;18232,0;27,59;58,97;3,45;18,92;13,51;18,24;22,76;61,38;18,86;18,18;30,98;9,09;72,92;52,03
05029;Bernuy-Zapardiel;1,98;42,96;2,47;1,17;18005,0;35,71;41,67;4,76;51,52;45,45;27,27;3,23;83,87;24,71;20,0;16,47;15,79;76,19;45,24
05033;Blascomillán;6,63;37,87;2,37;0,0;12745,0;48,37;41,83;1,96;48,48;27,27;12,12;36,51;52,38;13,58;17,28;18,52;1,37;80,0;45,06
05035;Blascosancho;3,95;32,79;3,49;0,0;18005,0;38,46;35,16;8,79;21,74;17,39;19,57;16,28;72,09;21,28;12,77;20,21;9,26;90,74;58,7
05036;Bohodón, El;1,54;35,19;1,92;0,0;15024,0;34,55;49,09;3,64;42,86;19,05;30,95;2,56;76,92;4,55;15,45;27,27;5,45;86,67;50,0
05037;Bohoyo;5,69;44,41;4,9;0,7;12919,0;36,0;47,0;6,0;43,1;24,14;17,24;12,96;79,63;42,16;13,24;14,71;16,46;66,67;38,92
05038;Bonilla de la Sierra;7,48;36,69;5,76;1,08;14580,0;40,94;42,28;4,7;34,29;18,57;18,57;27,54;66,67;19,87;13,46;22,44;4,35;89,19;44,81
05040;Bularros;0,0;45,09;1,82;0,0;16653,0;38,89;42,59;5,56;30,43;34,78;17,39;20,0;60,0;21,82;25,45;20,0;8,33;75,86;43,64
05041;Burgohondo;14,3;28,09;15,4;1,66;13892,0;30,8;51,9;7,79;31,51;5,48;26,03;20,57;69,62;27,38;18,04;18,4;16,03;61,2;47,42
05042;Cabezas de Alambre;10,07;36,6;16,34;1,68;18090,0;32,41;46,9;3,45;30,16;27,42;12,9;28,07;54,39;24,49;14,97;17,69;4,35;82,5;46,94
05043;Cabezas del Pozo;3,46;42,96;1,23;0,0;18005,0;37,97;36,71;6,33;28,95;13,51;21,62;19,44;69,44;21,25;13,75;25,0;10,53;77,27;48,1
05044;Cabezas del Villar;6,26;40,88;3,96;0,0;14415,0;37,99;41,48;5,68;43,68;31,03;12,64;15,48;65,48;19,57;12,61;16,09;10,2;73,33;42,61
05045;Cabizuela;15,11;31,56;4,44;4,08;18005,0;30,38;49,37;3,8;48,94;38,3;6,38;27,27;61,36;17,5;20,0;22,5;4,26;95,74;58,75
05047;Candeleda;13,02;24,66;9,6;0,93;13341,0;35,96;46,91;7,37;30,03;11,25;18,48;21,17;63,78;19,73;18,75;20,46;11,75;64,05;50,77
05048;Cantiveros;3,92;39,41;2,94;3,0;18005,0;32,99;53,61;4,12;33,33;25,0;19,44;21,88;62,5;14,29;14,29;28,57;5,0;71,7;40,82
05049;Cardeñosa;6,68;26,17;6,03;0,72;17838,0;34,42;50,75;5,03;20,0;4,1;19,49;24,34;64,55;10,5;22,0;32,5;9,59;69,23;54,89
05051;Carrera, La;5,81;37,55;5,16;0,88;15447,0;40,94;42,95;6,04;26,09;7,25;23,19;18,18;71,21;8,67;22,0;27,33;5,63;77,91;47,33
05052;Casas del Puerto;6,33;43,29;2,53;0,88;15122,0;30,38;53,16;1,27;47,06;14,71;20,59;15,62;81,25;24,69;18,52;16,05;3,03;86,49;40,74
05053;Casasola;5,22;53,91;1,45;0,88;16653,0;30,16;44,44;1,59;30,0;20,0;30,0;15,0;80,0;44,44;6,35;12,7;0,0;84,62;34,92
05054;Casavieja;12,2;26,68;8,46;0,72;12979,0;35,39;48,36;6,16;26,26;8,48;21,21;21,99;66,8;13,45;20,81;19,22;18,5;59,63;47,81
05055;Casillas;10,86;29,46;18,01;1,14;13286,0;37,88;44,54;5,46;26,87;3,96;18,5;22,01;60,29;24,43;16,72;18,2;20,54;60,67;49,09
05056;Castellanos de Zapardiel;4,3;31,03;4,67;0,47;21348,0;33,33;50,93;5,56;31,51;20,55;24,66;29,41;64,71;22,02;14,68;34,86;11,76;92,31;62,39
05057;Cebreros;15,15;22,98;20,98;1,13;12843,0;32,67;51,91;6,9;21,28;6,03;22,25;23,82;64,08;20,24;20,24;21,31;20,1;53,85;49,77
05058;Cepeda la Mora;1,88;31,87;1,56;0,0;15319,0;46,27;40,3;2,99;39,39;33,33;12,12;24,24;69,7;10,45;11,94;26,87;13,16;78,57;56,72
05059;Cillán;4,82;37,59;9,64;1,17;16653,0;32,88;45,21;6,85;32,26;19,35;29,03;32,26;61,29;25,68;14,86;27,03;2,94;73,33;45,95
05060;Cisla;7,48;36,82;6,54;0,58;14970,0;36,46;53,12;1,04;44,9;28,57;24,49;25,64;61,54;19,0;15,0;28,0;7,55;80,33;53,0
05061;Colilla, La;18,46;13,94;5,59;1,35;15256,0;35,37;54,02;3,86;14,44;3,21;16,04;28,65;57,3;10,86;27,16;33,23;4,88;75,88;65,92
05062;Collado de Contreras;3,09;38,12;7,38;0,44;19890,0;34,53;51,8;0,72;52,63;32,0;22,67;26,15;67,69;13,99;12,59;22,38;1,33;91,36;52,45
05064;Constanzana;6,54;40,19;5,77;2,8;18005,0;34,04;47,87;4,26;37,78;37,78;17,78;21,62;62,16;32,98;13,83;21,28;4,65;78,85;45,74
05065;Crespos;9,04;30,75;4,69;1,4;18673,0;28,73;54,98;4,3;33,64;16,59;28,57;24,14;66,01;18,44;19,56;22,89;6,72;81,32;53,24
05066;Cuevas del Valle;10,02;29,86;9,59;0,64;14927,0;38,96;47,19;4,76;33,84;7,07;21,72;30,69;57,67;14,79;23,12;28,12;13,33;65,88;47,07
05067;Chamartín;4,13;19,05;1,59;0,7;16653,0;50,0;38,71;0,0;35,9;20,51;17,95;15,79;71,05;16,13;16,13;19,35;7,69;76,6;62,9
05069;Donjimeno;3,71;42,29;10,0;1,4;18005,0;30,43;52,17;8,7;21,88;25,0;18,75;35,71;53,57;12,86;11,43;25,71;0,0;91,67;47,14
05072;Espinosa de los Caballeros;19,81;24,15;8,49;1,11;18005,0;27,38;53,57;7,14;33,96;26,42;16,98;19,61;68,63;12,79;29,07;20,93;5,66;83,33;62,35
05073;Flores de Ávila;7,18;35,8;1,15;1,87;20164,0;33,85;50,19;3,89;43,64;30,0;18,18;25,49;66,67;17,31;18,46;23,08;9,24;75,52;45,95
05074;Fontiveros;9,51;33,39;4,46;1,2;16635,0;35,71;50,16;2,33;29,84;7,21;29,51;25,8;64,66;16,24;19,67;24,44;3,67;78,95;48,95
05076;Fresno, El;15,95;18,9;4,97;1,02;15166,0;35,91;54,05;4,05;21,55;7,77;17,31;27,8;58,84;13,07;23,11;24,81;9,71;71,54;59,08
05077;Fuente el Saúz;7,4;40,0;6,85;1,11;13184,0;33,09;50,36;2,88;26,79;17,86;23,21;19,23;59,62;23,08;14,69;15,38;4,84;78,67;43,66
05078;Fuentes de Año;1,76;48,13;3,3;0,0;18005,0;34,48;51,72;2,3;46,15;35,9;20,51;30,3;63,64;10,23;11,36;23,86;2,56;92,68;44,83
05079;Gallegos de Altamiros;7,54;34,1;0,0;3,5;16653,0;37,5;51,79;1,79;38,46;34,62;11,54;4,35;86,96;25,0;8,93;26,79;11,54;69,7;46,43
05082;Gavilanes;8,7;34,31;5,73;0,72;13390,0;33,88;49,38;4,96;35,88;6,47;20,59;12,8;74,39;26,72;19,23;17,41;16,9;60,0;43,47
05083;Gemuño;11,7;34,97;2,04;0,45;18597,0;29,23;53,85;3,85;24,14;13,79;13,79;31,48;62,96;19,7;13,64;19,7;3,39;74,03;45,04
05086;Gimialcón;2,19;38,9;2,74;1,4;18005,0;31,51;54,79;4,11;40,54;21,62;37,84;35,48;61,29;1,33;17,33;32,0;2,5;92,86;53,33
05087;Gotarrendura;9,71;32,02;16,76;0,64;15667,0;44,63;36,36;5,79;23,26;9,3;20,93;30,95;54,76;46,15;14,1;14,74;12,96;47,0;34,84
05089;Guisando;4,92;33,0;4,97;0,33;16540,0;36,0;44,89;5,78;24,46;4,35;17,93;33,33;55,17;23,04;19,78;27,83;11,43;66,67;45,85
05090;Gutierre-Muñoz;3,17;40,32;4,76;0,7;18005,0;25,4;49,21;4,76;51,85;40,74;11,11;15,38;73,08;20,31;9,38;29,69;16,67;73,53;46,88
05092;Hernansancho;5,86;36,29;5,0;0,74;14859,0;24,81;62,41;3,01;30,0;15,0;20,0;22,41;70,69;26,67;12,59;23,7;4,76;80,0;47,01
05093;Herradón de Pinares;11,55;23,94;24,19;1,15;14005,0;32,44;52,22;7,78;32,42;12,09;24,73;19,19;66,28;20,04;20,89;22,36;18,11;57,18;51,48
05094;Herreros de Suso;13,38;32,09;9,35;2,5;16711,0;33,59;50,0;1,56;39,66;32,76;8,62;15,09;69,81;17,56;20,61;19,85;6,25;81,08;49,23
05095;Higuera de las Dueñas;10,97;27,02;8,47;1,48;13519,0;33,48;53,22;4,72;47,31;12,9;17,2;21,59;69,32;29,05;19,09;20,75;21,85;63,7;49,79
05096;Hija de Dios, La;6,08;37,47;2,53;2,33;16653,0;34,25;54,79;1,37;29,03;9,68;25,81;20,69;58,62;19,18;12,33;16,44;9,68;66,67;42,47
05097;Horcajada, La;7,39;38,26;1,83;0,78;13601,0;36,24;44,0;5,65;33,12;11,88;24,38;18,71;68,39;27,97;14,45;18,18;13,04;70,8;42,99
05099;Horcajo de las Torres;6,73;35,15;1,18;1,07;14634,0;32,59;49,38;5,43;31,79;32,82;12,31;14,44;72,22;20,1;15,5;14,29;6,22;80,66;51,23
05100;Hornillo, El;4,27;40,61;5,34;0,48;17097,0;35,36;42,97;6,46;28,16;6,8;9,71;21,0;59,0;13,06;23,88;22,01;15,87;75,18;47,19
05101;Hoyocasero;3,46;37,63;9,15;0,75;19046,0;30,03;54,95;6,14;31,62;7,35;25,74;29,92;58,27;20,72;25,0;24,01;8,97;80,49;47,85
05102;Hoyo de Pinares, El;16,6;22,94;13,27;1,4;11756,0;32,24;52,52;5,48;22,85;4,51;31,45;19,83;71,57;22,24;16,53;18,44;21,16;54,4;49,14
05103;Hoyorredondo;3,51;38,95;1,75;0,0;15122,0;45,0;35,0;8,33;35,0;25,0;10,0;20,0;75,0;23,33;21,67;18,33;4,35;73,33;38,33
05105;Hoyos del Espino;8,09;28,2;6,83;0,69;17604,0;40,43;48,33;5,17;34,94;8,43;8,43;25,32;63,29;14,71;19,41;29,71;5,03;73,28;53,27
05109;Langa;11,13;25,32;1,35;1,55;15281,0;37,32;51,22;1,95;23,58;20,28;27,36;20,4;63,68;15,74;16,95;23,0;5,02;82,55;58,15
05110;Lanzahíta;12,34;28,56;10,43;1,21;12731,0;32,79;50,2;7,62;30,38;13,99;17,75;20,0;61,4;22,1;20,91;18,24;19,49;59,75;47,64
05112;Losar del Barco, El;11,8;26,0;6,0;0,5;18471,0;40,22;38,04;9,78;32,65;20,41;10,2;32,65;61,22;19,35;18,28;40,86;11,32;75,81;56,99
05113;Llanos de Tormes, Los;4,64;51,43;0,0;2,33;15122,0;37,93;32,76;8,62;36,84;5,26;26,32;27,78;55,56;20,34;11,86;18,64;4,76;83,33;36,21
05114;Madrigal de las Altas Torres;7,64;29,7;2,88;0,66;13619,0;33,25;50,58;4,7;25,54;17,45;26,08;15,84;67,37;20,8;16,39;18,76;12,46;70,88;51,92
05115;Maello;8,19;27,28;20,06;0,83;17201,0;35,06;47,17;9,21;26,78;9,15;20,34;25,8;62,54;17,6;24,13;24,73;14,69;59,87;48,71
05116;Malpartida de Corneja;7,33;56,0;0,0;0,58;15122,0;32,56;51,16;0,0;50,0;25,0;3,57;34,62;61,54;37,21;12,79;25,58;3,57;90,0;32,56
05117;Mamblas;8,63;37,79;0,53;1,83;14127,0;27,78;60,56;3,33;52,44;34,15;23,17;14,93;80,6;19,13;14,21;18,03;7,61;87,63;50,55
05118;Mancera de Arriba;9,85;33,43;2,99;1,56;16653,0;38,71;43,55;3,23;50,0;35,71;17,86;29,17;70,83;9,38;23,44;18,75;12,5;75,68;50,79
05121;Martiherrero;13,1;19,89;10,51;0,92;17269,0;42,9;44,84;6,13;22,08;3,9;20,78;25,87;62,94;17,7;19,88;31,37;5,81;57,94;48,74
05122;Martínez;2,7;51,71;1,8;0,0;14041,0;28,3;51,89;2,83;60,71;25,0;21,43;28,57;64,29;38,32;10,28;16,82;17,65;59,57;31,78
05123;Mediana de Voltoya;5,34;26,21;6,9;0,7;21845,0;35,14;49,55;7,21;23,33;8,33;16,67;29,82;59,65;9,73;16,81;33,63;8,06;78,08;54,87
05124;Medinilla;2,53;47,59;12,66;0,0;15122,0;29,17;40,28;6,94;37,04;22,22;44,44;22,22;62,96;25,0;17,11;19,74;3,57;77,14;36,84
05125;Mengamuñoz;16,39;25,25;13,11;0,47;16653,0;52,08;41,67;0,0;24,0;4,0;24,0;25,0;70,83;28,0;22,0;14,0;0,0;62,16;47,92
05126;Mesegar de Corneja;2,54;42,54;1,59;1,75;15122,0;40,91;43,94;6,06;46,43;25,0;10,71;23,08;73,08;7,58;12,12;22,73;10,34;76,47;43,94
05127;Mijares;11,26;34,08;11,03;0,92;13492,0;32,67;51,99;5,06;39,05;6,62;25,74;20,08;70,27;28,68;17,09;18,57;12,09;69,15;46,08
05128;Mingorría;12,34;25,53;10,64;1,35;17980,0;33,43;50,86;5,71;19,28;6,63;12,65;24,22;65,84;16,02;18,23;28,45;8,25;72,69;57,54
05129;Mirón, El;0,65;59,35;8,6;0,0;15122,0;43,01;38,71;1,08;55,88;11,76;32,35;11,76;88,24;36,73;11,22;20,41;8,82;88,57;34,69
05130;Mironcillo;6,25;35,18;0,89;1,05;17456,0;36,11;50,93;1,85;17,07;9,76;14,63;30,56;50,0;18,52;22,22;28,7;16,67;61,54;44,44
05131;Mirueña de los Infanzones;1,84;37,7;1,15;0,0;16653,0;37,63;40,86;4,3;47,22;33,33;19,44;25,71;65,71;29,47;10,53;27,37;8,33;88,0;50,53
05132;Mombeltrán;9,39;33,23;6,29;0,8;13927,0;34,8;44,49;6,5;28,01;7,85;20,24;18,15;64,0;24,26;23,54;17,6;17,29;63,71;47,67
05133;Monsalupe;8,75;36,25;3,12;0,0;18005,0;26,42;50,94;3,77;14,29;14,29;14,29;15,0;70,0;18,18;23,64;30,91;5,0;57,58;36,36
05134;Moraleja de Matacabras;10,36;37,86;1,79;0,88;18005,0;16,0;66,0;6,0;30,0;15,0;55,0;5,0;70,0;16,0;20,0;10,0;17,39;63,33;46,0
05135;Muñana;13,61;22,81;12,85;1,52;15586,0;34,63;50,73;4,39;24,07;7,41;35,19;23,27;63,86;24,83;15,95;24,15;9,36;68,71;53,65
05136;Muñico;10,63;29,62;3,8;0,0;16653,0;26,76;47,89;9,86;46,88;25,0;25,0;19,35;67,74;20,83;11,11;26,39;9,76;77,08;56,94
05138;Muñogalindo;8,7;30,84;6,02;0,64;17123,0;38,27;48,38;3,97;19,08;8,4;22,9;25,78;54,69;7,45;19,5;25,89;6,67;70,79;48,39
05139;Muñogrande;6,25;38,25;6,25;1,5;16653,0;22,97;59,46;5,41;37,5;43,75;3,12;34,38;56,25;24,0;14,67;29,33;11,43;73,81;46,67
05140;Muñomer del Peco;9,38;19,12;4,42;1,0;16419,0;44,44;44,44;4,63;36,21;48,28;10,34;8,77;68,42;24,77;10,09;17,43;8,7;74,12;63,89
05141;Muñopepe;11,13;35,88;4,12;0,54;17947,0;24,73;59,14;4,3;21,62;13,51;16,22;34,29;54,29;25,53;12,77;36,17;8,89;78,85;47,87
05142;Muñosancho;1,84;47,13;1,15;0,7;18005,0;37,93;45,98;2,3;39,47;23,68;21,05;14,29;60,0;13,79;14,94;24,14;12,2;87,8;47,13
05143;Muñotello;0,0;44,4;2,0;0,0;16653,0;42,86;48,98;0,0;66,67;66,67;11,11;5,56;94,44;18,37;12,24;18,37;18,18;72,0;44,9
05144;Narrillos del Álamo;3,57;32,86;7,14;0,0;16653,0;46,43;30,36;1,79;47,83;30,43;34,78;18,18;77,27;21,43;14,29;28,57;10,71;73,53;50,0
05147;Narros del Castillo;5,87;34,27;9,33;0,7;15657,0;35,0;47,86;5,71;45,59;41,18;17,65;20,69;63,79;22,07;17,93;21,38;5,88;72,73;46,9
05149;Narros de Saldueña;2,55;41,57;6,86;0,58;15628,0;40,2;41,18;7,84;40,0;22,22;11,11;28,57;61,9;25,96;18,27;25,0;2,13;85,19;45,19
05151;Navacepedilla de Corneja;9,7;29,9;15,84;1,62;15122,0;29,21;49,44;6,74;48,65;27,03;21,62;24,32;67,57;17,39;17,39;28,26;10,87;66,13;50,0
05152;Nava de Arévalo;6,42;31,88;5,09;0,6;19058,0;36,42;46,67;3,58;33,87;25,56;18,21;13,0;69,68;20,38;14,01;17,83;5,81;78,97;52,57
05153;Nava del Barco;2,47;48,89;0,0;2,33;15122,0;38,75;42,5;5,0;45,16;35,48;12,9;24,14;58,62;30,86;17,28;25,93;6,06;83,78;40,74
05156;Navahondilla;9,16;23,54;13,48;1,09;17784,0;39,12;42,27;11,67;13,28;5,47;11,72;33,61;51,26;15,2;29,18;29,18;16,67;56,96;49,39
05157;Navalacruz;2,37;37,32;10,82;0,0;21892,0;31,96;56,19;4,64;23,75;10,0;18,75;26,32;60,53;18,66;26,79;22,01;4,4;76,99;43,75
05158;Navalmoral;11,71;37,25;20,84;1,6;14565,0;23,41;59,54;3,76;40,68;12,71;15,25;16,52;69,57;25,21;15,34;29,86;15,0;54,09;38,57
05159;Navalonguilla;4,51;54,95;1,1;0,93;12872,0;40,68;40,68;1,13;41,07;30,36;21,43;28,85;65,38;19,66;3,93;13,48;10,53;73,91;32,2
05160;Navalosa;6,06;38,36;4,1;1,56;15370,0;31,58;53,62;1,97;25,42;2,54;44,07;17,54;76,32;14,33;36,16;22,15;6,5;67,65;40,07
05161;Navalperal de Pinares;16,85;25,31;29,38;1,53;12974,0;31,63;50,6;8,43;24,8;7,87;21,65;16,94;66,53;28,07;17,91;18,9;21,38;52,19;45,3
05162;Navalperal de Tormes;6,58;31,51;1,37;1,17;15319,0;34,25;52,05;2,74;29,41;17,65;29,41;31,25;59,38;16,44;27,4;32,88;11,11;71,11;49,32
05163;Navaluenga;12,16;30,24;11,59;0,91;14476,0;31,51;49,89;7,24;33,38;2,54;19,58;23,8;65,89;22,3;18,57;22,6;17,14;57,87;43,89
05165;Navarredonda de Gredos;11,98;22,88;7,63;1,21;18527,0;39,05;41,54;7,96;34,72;14,81;11,11;31,86;54,41;9,93;20,82;32,2;7,14;75,43;58,19
05166;Navarredondilla;6,71;43,62;13,42;0,93;15935,0;35,97;50,36;6,47;27,87;8,2;18,03;21,67;66,67;20,67;20,67;16,67;8,33;78,57;40,0
05167;Navarrevisca;10,25;28,42;13,33;1,84;18184,0;34,47;48,86;5,68;30,71;8,66;26,77;33,33;60,16;19,57;19,93;30,43;11,68;72,02;49,82
05168;Navas del Marqués, Las;20,91;17,64;21,65;1,4;12772,0;33,31;53,29;6,48;25,7;4,79;30,85;21,7;68,35;24,05;18,08;20,1;16,41;56,94;53,75
05169;Navatalgordo;7,57;43,83;4,78;1,96;14794,0;29,28;51,8;5,41;34,25;12,33;17,81;20,0;72,86;28,0;16,0;21,33;10,84;71,84;36,89
05170;Navatejares;4,17;50,42;6,25;0,88;15122,0;31,91;34,04;8,51;35,29;0,0;17,65;40,0;53,33;16,67;18,75;29,17;12,5;66,67;33,33
05171;Neila de San Miguel;3,94;45,15;0,0;0,88;15122,0;53,33;41,67;0,0;31,58;5,26;36,84;15,79;78,95;31,67;3,33;21,67;0,0;69,7;38,33
05172;Niharra;8,65;21,46;34,38;1,62;15877,0;36,77;50,97;2,58;23,88;41,79;7,46;30,16;49,21;31,79;12,72;23,12;10,13;54,2;45,93
05173;Ojos-Albos;7,69;31,65;9,89;0,0;16653,0;23,66;61,29;6,45;28,57;6,12;20,41;39,58;50,0;11,83;23,66;31,18;7,84;82,46;54,84
05174;Orbita;6,94;30,83;6,94;0,64;18005,0;40,91;48,48;1,52;9,09;15,15;12,12;28,12;62,5;25,0;25,0;27,94;12,12;61,7;49,25
05175;Oso, El;4,16;39,68;6,4;0,64;18698,0;27,5;46,67;5,83;38,18;18,18;27,27;23,08;63,46;24,19;25,81;16,94;4,84;88,06;50,41
05176;Padiernos;13,81;27,77;7,91;0,56;17343,0;35,98;48,12;6,69;19,2;8,8;14,4;27,5;60,83;10,89;26,21;28,23;8,59;71,78;53,33
05177;Pajares de Adaja;5,23;37,23;9,23;0,47;18198,0;30,95;51,59;6,35;41,33;24,0;17,33;23,94;61,97;20,45;23,48;18,94;8,11;95,77;56,06
05178;Palacios de Goda;9,75;27,95;6,5;1,15;16176,0;33,15;53,76;4,46;29,38;24,0;26,86;17,9;62,35;19,07;18,53;19,62;8,72;72,06;53,87
05179;Papatrigo;10,41;35,2;5,43;0,85;15597,0;29,21;50,0;6,44;40,0;32,32;16,16;15,05;66,67;18,63;14,22;27,45;2,83;88,03;52,22
05180;Parral, El;3,08;48,62;1,54;1,4;16653,0;32,81;50,0;1,56;54,17;37,5;12,5;17,39;78,26;18,75;14,06;9,38;4,0;82,76;39,06
05182;Pedro Bernardo;8,55;38,83;9,07;1,16;14436,0;32,01;45,52;4,84;32,83;10,19;29,06;20,0;67,45;33,98;14,84;17,61;13,42;68,78;43,72
05183;Pedro-Rodríguez;7,08;39,69;8,46;2,69;16492,0;28,46;52,03;2,44;27,91;16,67;23,81;23,08;64,1;26,83;13,82;21,14;11,36;57,35;35,77
05184;Peguerinos;8,59;27,04;20,42;0,78;17398,0;37,07;40,93;11,97;32,79;12,3;17,21;28,95;57,89;14,6;20,8;27,74;10,95;68,93;50,18
05185;Peñalba de Ávila;10,96;30,77;2,88;0,88;15097,0;37,89;46,32;7,37;21,05;15,79;23,68;16,22;67,57;10,31;25,77;17,53;17,02;66,1;49,47
05186;Piedrahíta;10,62;30,74;7,85;0,98;16317,0;36,59;48,44;4,54;30,22;3,65;16,5;27,33;63,81;16,61;22,04;28,91;9,79;68,95;49,31
05187;Piedralaves;13,28;23,26;11,03;0,89;13182,0;35,67;47,18;7,6;30,71;4,59;24,41;23,87;65,35;12,91;22,79;23,41;18,99;56,44;50,76
05189;Poyales del Hoyo;9,66;29,46;14,83;0,96;12956,0;35,4;39,54;9,89;34,05;15,85;20,22;20,47;53,8;18,34;22,49;18,12;16,82;59,93;47,14
05191;Pradosegar;3,55;36,82;5,61;0,0;15621,0;44,55;43,64;4,55;20,0;4,44;13,33;25,58;65,12;28,32;15,04;26,55;8,16;70,31;43,75
05192;Puerto Castilla;7,27;36,57;2,02;0,0;15122,0;31,46;52,81;7,87;53,19;28,26;15,22;21,74;71,74;13,04;25,0;20,65;8,89;75,93;49,45
05193;Rasueros;2,65;50,86;0,66;1,91;16150,0;31,85;44,59;5,1;38,0;32,0;22,0;15,91;68,18;30,38;10,76;17,72;5,56;80,95;34,18
05194;Riocabado;3,69;30,31;4,62;0,58;20407,0;42,62;36,89;9,02;39,68;23,81;28,57;20,0;56,67;16,8;16,0;30,4;10,45;73,17;54,03
05195;Riofrío;4,19;42,93;2,62;1,27;18168,0;25,81;56,45;4,84;25,68;13,51;20,27;15,49;67,61;29,26;19,15;10,11;9,76;77,89;43,62
05196;Rivilla de Barajas;8,81;21,02;5,08;0,58;18005,0;40,82;40,82;8,16;23,08;19,23;23,08;8,33;83,33;7,69;23,08;32,69;6,9;65,85;55,77
05197;Salobral;10,63;29,19;4,5;0,41;17914,0;41,67;42,71;4,17;24,0;14,0;6,0;24,49;55,1;12,12;24,24;26,26;7,69;68,57;53,06
05198;Salvadiós;1,85;46,15;1,54;0,0;18005,0;43,28;40,3;4,48;37,93;10,34;17,24;39,29;53,57;27,94;10,29;29,41;13,33;78,79;44,12
05201;San Bartolomé de Pinares;5,65;32,72;0,83;0,36;15992,0;37,61;50,85;3,42;24,75;6,44;35,15;27,18;63,59;13,4;13,62;19,57;13,27;69,01;48,09
05204;Sanchidrián;10,25;27,59;16,76;0,9;14883,0;33,02;50,16;5,87;21,16;12,67;25,68;17,79;62,63;24,58;18,43;19,66;6,35;66,74;48,69
05205;Sanchorreja;2,78;33,16;3,8;0,0;16653,0;30,77;53,85;3,85;36,36;36,36;0,0;22,58;67,74;26,92;21,79;23,08;10,81;67,35;47,44
05207;San Esteban del Valle;10,46;34,27;5,16;1,47;13148,0;33,94;51,28;3,77;36,56;7,93;28,63;23,74;61,64;26,34;19,05;20,24;16,73;59,85;41,94
05209;San García de Ingelmos;1,56;39,69;0,0;2,33;16653,0;52,31;29,23;0,0;72,41;62,07;13,79;3,7;88,89;30,77;13,85;6,15;10,0;75,0;46,15
05210;San Juan de la Encinilla;4,35;47,83;11,59;3,0;18005,0;29,23;47,69;4,62;44,83;24,14;20,69;14,29;71,43;22,39;16,42;19,4;9,68;96,55;46,27
05211;San Juan de la Nava;6,95;30,12;4,26;0,36;12202,0;38,79;49,37;2,52;35,91;19,34;22,65;12,92;73,03;21,38;12,53;16,46;15,94;67,18;51,62
05212;San Juan del Molinillo;6,19;39,0;8,37;0,45;14895,0;41,55;41,1;4,11;36,0;9,33;25,33;15,07;71,23;32,44;16,89;14,67;13,79;59,52;38,84
05213;San Juan del Olmo;0,0;30,53;10,53;0,0;16653,0;58,23;31,65;5,06;45,95;29,73;16,22;14,29;71,43;23,81;16,67;19,05;11,11;80,0;53,57
05215;San Martín de la Vega del Alberche;6,95;32,93;6,1;1,65;15928,0;41,78;41,78;4,11;44,16;28,57;28,57;23,38;64,94;18,24;10,81;22,97;5,26;77,42;51,7
05216;San Martín del Pimpollar;9,23;32,67;0,45;1,52;14014,0;42,36;45,32;3,94;50,0;29,25;12,26;16,35;72,12;17,07;17,07;18,54;5,5;84,43;53,17
05217;San Miguel de Corneja;5,88;25,59;5,88;1,17;15122,0;43,48;39,13;8,7;36,11;27,78;11,11;18,75;75,0;14,49;15,94;33,33;14,29;80,0;60,87
05218;San Miguel de Serrezuela;6,86;38,1;2,86;0,0;12498,0;37,0;44,0;4,0;58,97;41,03;20,51;10,26;79,49;30,77;12,5;15,38;11,36;65,0;42,72
05220;San Pedro del Arroyo;14,47;21,01;14,98;1,14;15339,0;33,33;48,92;8,39;19,42;12,62;17,96;18,32;62,38;14,44;22,22;22,44;12,97;63,22;53,71
05221;Santa Cruz del Valle;5,02;37,49;4,07;0,78;12679,0;34,38;49,31;4,17;17,48;12,62;14,56;17,0;59,0;26,78;17,29;15,25;15,79;69,14;45,39
05222;Santa Cruz de Pinares;7,76;28,47;14,12;1,27;14378,0;37,09;43,05;7,95;38,81;27,27;19,7;23,81;71,43;30,86;14,81;16,67;8,33;61,68;44,72
05224;Santa María del Arroyo;4,08;45,24;0,0;0,58;22314,0;42,42;44,44;1,01;34,09;22,73;15,91;30,23;60,47;17,17;13,13;20,2;8,7;82,35;46,46
05225;Santa María del Berrocal;9,89;35,27;9,41;0,98;16651,0;37,46;44,84;4,42;35,17;5,52;13,1;30,43;55,8;20,68;16,43;24,93;9,43;71,29;45,43
05226;Santa María de los Caballeros;2,22;40,0;1,85;0,0;15122,0;42,86;44,64;3,57;53,85;42,31;19,23;13,04;73,91;24,24;19,7;18,18;10,0;90,0;45,45
05227;Santa María del Tiétar;17,75;18,27;22,97;1,22;13685,0;36,18;44,52;11,84;19,89;2,15;19,35;23,73;61,02;14,71;25,0;25,21;26,53;48,0;52,13
05228;Santiago del Collado;2,68;49,39;1,22;0,41;13829,0;45,4;42,94;1,84;47,27;38,18;14,55;26,92;67,31;25,45;13,94;21,21;11,67;70,67;36,36
05229;Santo Domingo de las Posadas;4,23;38,03;14,08;1,17;18005,0;31,82;45,45;7,58;25,81;16,13;12,9;31,03;55,17;22,39;16,42;25,37;6,25;76,92;47,76
05230;Santo Tomé de Zabarcos;3,47;28,27;12,0;0,0;18005,0;29,17;47,22;5,56;21,95;34,15;17,07;20,0;55,0;24,0;20,0;24,0;2,44;81,63;54,67
05231;San Vicente de Arévalo;7,25;29,47;3,51;0,75;16827,0;38,06;46,45;3,23;32,53;14,63;31,71;17,72;64,56;21,52;17,72;17,72;4,49;80,95;56,33
05232;Serrada, La;11,58;24,36;7,52;1,59;17785,0;30,51;53,39;5,93;14,75;6,67;13,33;31,03;51,72;15,45;17,89;33,33;7,58;72,62;54,1
05233;Serranillos;7,09;33,16;14,77;0,4;13698,0;40,27;43,44;3,62;32,69;3,85;26,92;19,59;64,95;33,33;13,17;18,52;8,0;66,67;41,32
05235;Sinlabajos;6,42;45,52;0,75;1,91;16588,0;22,31;43,85;3,08;38,6;17,54;14,04;24,53;66,04;25,95;25,95;18,32;3,28;96,72;46,56
05236;Solana de Ávila;8,04;32,99;2,06;1,75;13210,0;35,16;47,25;4,4;40,0;20,0;14,29;20,59;70,59;9,38;18,75;27,08;18,18;65,45;46,81
05237;Solana de Rioalmar;6,2;34,65;0,0;1,75;16512,0;45,52;42,54;4,48;45,71;37,14;14,29;16,18;75,0;21,64;8,96;33,58;5,8;82,28;51,49
05238;Solosancho;7,22;31,58;5,46;0,42;15679,0;34,6;51,41;3,39;22,32;9,79;29,97;16,77;68,04;20,03;17,82;19,61;6,07;71,9;48,32
05239;Sotalbo;6,19;20,0;11,3;0,35;17087,0;40,27;48,23;6,19;26,36;13,95;23,26;18,25;67,46;15,74;17,87;25,11;9,33;78,16;64,1
05240;Sotillo de la Adrada;17,63;19,11;22,91;1,36;12356,0;34,76;49,24;8,2;26,95;2,45;25,54;23,87;65,33;18,66;22,37;18,99;19,22;53,2;50,94
05241;Tiemblo, El;17,59;19,83;20,77;1,35;12550,0;33,58;50,93;7,64;18,55;4,14;21,71;24,76;64,69;19,35;21,71;19,46;21,7;53,16;51,27
05242;Tiñosillos;12,03;20,79;1,77;1,0;15028,0;36,0;51,56;4,74;24,94;18,94;18,94;13,25;63,9;12,72;16,23;17,11;4,33;81,89;61,54
05243;Tolbaños;12,73;23,18;6,82;2,1;16653,0;27,03;52,7;5,41;38,46;28,21;23,08;25,0;69,44;21,52;21,52;29,11;11,63;67,86;54,43
05245;Tornadizos de Ávila;15,24;17,9;6,87;1,68;16502,0;33,25;52,08;6,11;14,72;5,63;17,32;24,66;63,23;14,39;23,9;32,68;7,98;75,86;64,3
05247;Torre, La;7,79;40,28;1,88;0,48;13363,0;33,99;52,22;2,96;47,22;36,11;22,22;24,19;67,74;26,83;14,63;19,02;11,25;63,39;39,22
05249;Umbrías;7,38;23,5;4,85;1,4;15482,0;44,68;32,98;8,51;39,13;17,39;10,87;23,81;59,52;8,33;26,04;36,46;15,09;65,22;55,79
05251;Vadillo de la Sierra;0,0;43,2;4,0;0,0;16653,0;46,0;34,0;6,0;51,72;44,83;13,79;6,9;82,76;40,0;18,0;4,0;4,0;92,31;50,0
05252;Valdecasa;4,07;37,78;1,85;0,0;16653,0;46,15;44,23;0,0;61,29;54,84;19,35;10,0;86,67;26,42;7,55;7,55;3,45;96,55;55,77
05253;Vega de Santa María;8,84;25,81;15,12;0,41;18005,0;26,03;58,9;6,85;26,47;17,65;17,65;15,15;69,7;16,46;24,05;25,32;7,89;61,4;48,72
05254;Velayos;9,02;29,41;6,37;0,42;13595,0;32,82;56,92;0,51;35,37;17,07;9,76;22,67;62,67;17,82;18,81;19,8;12,37;69,11;48,26
05256;Villaflor;2,77;39,01;5,94;0,5;16653,0;30,61;50,0;3,06;27,91;25,58;13,95;45,0;50,0;17,35;10,2;34,69;4,55;76,36;44,9
05257;Villafranca de la Sierra;2,92;31,85;2,31;1,0;18373,0;46,92;43,85;1,54;42,11;12,28;17,54;24,53;66,04;13,53;22,56;33,08;16,67;67,9;49,62
05258;Villanueva de Gómez;8,91;38,32;3,36;1,27;17031,0;31,13;52,83;4,72;18,18;11,36;25,0;18,6;65,12;17,59;19,44;21,3;10,2;74,58;45,37
05259;Villanueva del Aceral;4,65;37,67;2,33;0,0;18005,0;26,14;46,59;4,55;27,5;30,0;20,0;22,22;61,11;26,97;17,98;23,6;6,52;84,31;52,27
05260;Villanueva del Campillo;4,49;30,47;4,67;0,0;17728,0;45,83;45,83;1,04;42,11;28,07;15,79;18,18;72,73;27,84;14,43;24,74;3,39;82,61;61,46
05262;Villarejo del Valle;5,07;39,21;2,63;0,23;15026,0;31,76;52,36;4,05;29,66;4,24;44,07;21,24;55,75;15,95;19,27;22,92;15,11;74,21;46,18
05263;Villatoro;6,67;37,78;4,58;1,33;16248,0;30,0;56,67;5,33;31,03;18,97;13,79;17,54;77,19;20,78;20,78;24,68;10,0;79,75;45,75
05264;Viñegra de Moraña;5,28;38,49;9,43;0,0;18005,0;38,3;48,94;6,38;36,84;15,79;5,26;20,0;66,67;15,69;31,37;19,61;17,39;73,08;46,0
05265;Vita;8,72;24,87;8,97;0,0;16653,0;42,25;43,66;2,82;47,5;45,0;7,5;13,89;69,44;15,07;5,48;21,92;9,52;73,08;58,33
05266;Zapardiel de la Cañada;1,93;51,33;8,43;0,0;16653,0;43,9;34,15;7,32;30,0;10,0;16,67;20,0;70,0;36,59;12,2;14,63;12,12;82,86;40,24
05267;Zapardiel de la Ribera;4,22;24,0;3,33;0,0;15319,0;42,7;44,94;3,37;38,64;11,36;25,0;21,43;71,43;13,48;26,97;30,34;14,81;69,7;60,67
05901;San Juan de Gredos;3,84;37,26;3,2;0,0;18250,0;40,45;43,64;6,82;36,04;15,32;18,92;33,64;55,14;16,74;13,57;29,41;8,7;86,78;52,04
05902;Santa María del Cubillo;6,21;31,72;4,85;0,41;19053,0;38,01;50,34;2,4;30,14;11,64;39,04;19,58;67,83;12,25;17,22;18,21;7,59;78,49;52,49
05903;Diego del Carpio;3,36;40,37;7,48;0,0;13609,0;33,65;38,46;10,58;29,41;17,65;20,59;18,75;68,75;36,19;8,57;19,05;16,67;60,34;40,0
05904;Santiago del Tormes;5,77;34,23;2,88;0,0;15765,0;44,55;41,58;3,96;52,78;33,33;22,22;14,71;79,41;15,53;16,5;27,18;13,33;67,24;43,69
05905;Villanueva de Ávila;0,79;42,48;3,96;0,0;20249,0;25,23;55,5;3,67;31,46;0,0;28,09;22,62;63,1;29,02;20,54;16,96;9,0;84,26;44,64
06001;Acedera;15,25;26,3;4,04;1,22;13476,0;32,66;53,9;5,49;32,13;37,55;11,55;19,61;56,47;23,86;17,47;17,33;13,25;56,7;45,16
06002;Aceuchal;16,66;17,59;6,25;1,24;11466,0;34,18;52,79;5,71;29,12;34,36;13,99;18,25;56,78;23,44;12,45;17,98;11,18;67,32;58,16
06003;Ahillones;9,82;29,44;3,66;0,68;13452,0;35,97;49,44;4,03;30,22;30,69;12,27;29,77;59,16;18,66;15,12;24,25;16,57;61,88;49,17
06004;Alange;14,09;21,36;1,83;1,27;12700,0;30,91;56,81;5,0;24,09;16,84;20,17;22,09;62,09;15,89;14,95;16,57;19,41;58,3;53,7
06005;Albuera, La;17,06;21,81;3,53;1,61;12056,0;33,16;51,42;7,35;15,06;19,22;16,23;15,65;61,94;22,74;14,44;17,29;14,01;64,6;53,92
06006;Alburquerque;13,93;23,46;2,84;1,01;12064,0;34,63;50,3;5,25;20,58;17,46;16,98;23,59;62,46;29,36;16,79;19,53;17,23;61,63;52,45
06007;Alconchel;13,53;22,15;1,69;1,2;11562,0;36,54;47,51;5,76;20,59;22,03;20,28;14,77;65,84;24,84;15,46;14,22;19,82;59,28;52,79
06008;Alconera;15,78;22,16;4,67;1,11;11873,0;34,97;50,63;3,48;14,73;3,09;31,27;20,21;63,83;21,37;17,71;19,24;21,43;61,24;56,52
06009;Aljucén;11,27;22,14;4,37;0,48;15832,0;30,3;56,28;5,63;19,27;11,93;10,09;25,47;59,43;11,11;24,36;23,93;13,77;72,56;59,48
06010;Almendral;14,04;21,49;2,74;1,22;12134,0;37,75;46,49;5,86;24,94;16,4;15,96;20,37;64,87;20,68;18,52;19,27;19,93;59,56;54,17
06011;Almendralejo;19,22;15,65;10,88;1,36;13129,0;34,31;51,8;7,46;21,04;8,75;18,96;32,16;56,44;17,57;19,28;25,83;15,95;61,23;59,2
06012;Arroyo de San Serván;17,45;17,93;4,08;1,33;11249,0;31,66;55,31;5,35;26,37;25,05;16,03;21,34;58,12;17,27;14,82;18,11;19,81;58,05;55,38
06013;Atalaya;9,69;30,08;2,71;0,64;11442,0;37,92;49,58;4,58;15,62;16,67;16,67;18,18;63,64;22,82;14,11;18,26;20,69;60,93;48,33
06014;Azuaga;14,72;22,77;3,96;1,16;13299,0;32,71;52,18;5,32;24,47;13,09;14,93;29,1;56,07;21,5;16,65;25,78;18,45;59,97;53,21
06015;Badajoz;17,39;17,01;6,64;1,14;16947,0;37,06;47,64;8,43;13,75;2,57;8,54;40,02;50,33;12,12;22,27;35,11;15,15;61,95;57,63
06016;Barcarrota;14,09;20,7;2,6;1,29;12083,0;35,42;49,88;5,75;25,6;12,21;16,54;24,44;61,02;18,01;18,24;20,42;19,77;58,45;54,88
06017;Baterno;5,02;33,16;0,43;0,0;10782,0;37,0;51,54;2,2;42,53;41,18;11,76;15,19;69,62;26,32;12,28;15,79;23,81;58,82;46,26
06018;Benquerencia de la Serena;8,77;28,4;3,5;0,66;11085,0;38,12;42,82;6,77;37,23;35,4;10,58;20,54;60,08;24,46;15,9;15,08;25,75;56,96;50,62
06019;Berlanga;12,49;26,42;3,59;0,89;11960,0;30,21;55,77;5,82;31,2;24,94;15,99;23,54;62,34;22,83;18,2;20,31;20,59;62,96;53,38
06020;Bienvenida;12,35;21,71;2,25;1,01;12485,0;36,48;50,92;3,12;29,03;23,61;17,18;26,63;59,92;17,85;15,57;26,1;14,92;63,87;55,79
06021;Bodonal de la Sierra;13,92;25,37;0,51;1,61;12389,0;34,51;52,34;3,66;36,48;19,47;29,47;18,08;67,51;24,38;14,49;17,87;20,18;60,4;51,31
06022;Burguillos del Cerro;13,95;22,01;2,18;1,42;11887,0;34,77;49,35;6,54;20,71;7,73;21,31;20,55;67,61;20,73;15,97;20,47;24,71;54,8;51,83
06023;Cabeza del Buey;12,93;24,41;2,83;1,23;13168,0;35,89;49,63;4,16;26,97;16,51;15,99;23,73;64,81;24,3;17,96;22,1;19,43;61,61;52,77
06024;Cabeza la Vaca;11,96;25,38;1,11;1,07;11467,0;33,72;51,22;4,15;30,91;10,29;26,85;21,51;62,88;28,36;14,93;19,96;18,49;58,43;49,87
06025;Calamonte;15,59;18,5;3,24;1,1;12925,0;31,95;54,09;6,0;16,05;11,9;19,57;23,28;57,71;16,88;16,83;21,2;16,22;59,38;54,66
06026;Calera de León;12,1;22,04;2,95;0,91;11816,0;36,78;49,2;6,4;35,38;15,88;25,63;21,14;64,0;12,77;18,13;18,73;20,22;60,23;54,88
06027;Calzadilla de los Barros;12,62;22,12;2,21;0,9;13106,0;34,31;52,85;5,04;23,28;21,37;16,03;30,83;54,94;18,56;13,12;27,36;18,93;61,71;54,6
06028;Campanario;13,75;23,74;3,6;1,22;13087,0;31,29;55,75;4,19;23,42;9,39;21,68;31,01;58,75;20,17;15,58;24,24;17,51;61,73;53,65
06029;Campillo de Llerena;14,27;22,99;3,32;1,28;11353,0;31,33;54,89;4,1;22,07;30,32;16,52;15,96;63,38;22,95;13,65;16,89;23,56;55,07;51,04
06030;Capilla;3,8;32,54;3,52;0,74;13620,0;35,71;47,14;5,0;24,62;13,85;13,85;25,4;55,56;25,53;14,18;10,64;23,88;56,67;47,52
06031;Carmonita;11,79;23,46;1,75;1,26;10781,0;32,34;50,64;5,74;17,5;36,25;6,25;12,99;57,79;17,93;17,3;13,29;23,61;54,27;49,36
06033;Casas de Don Pedro;11,63;27,79;2,4;1,09;11598,0;32,0;50,65;6,6;31,24;17,19;21,8;21,97;64,57;21,85;15,66;14,78;16,86;60,07;48,5
06034;Casas de Reina;14,2;27,3;4,0;1,0;12557,0;33,53;45,66;6,94;30,26;18,67;17,33;16,9;74,65;20,34;17,51;20,9;21,11;62,83;50,85
06035;Castilblanco;8,2;36,89;3,64;0,55;13789,0;31,74;50,13;5,57;33,86;14,78;18,87;22,04;65,13;28,52;18,67;14,19;15,26;74,02;48,78
06036;Castuera;13,27;23,45;4,79;1,24;13470,0;34,08;51,31;5,33;26,76;10,39;14,6;30,14;58,5;20,5;19,15;26,68;17,59;64,8;55,47
06037;Codosera, La;10,11;29,56;11,83;1,07;10955,0;34,12;47,06;8,76;23,18;16,06;16,61;17,62;67,62;36,26;12,21;12,96;28,64;47,71;42,9
06038;Cordobilla de Lácara;11,45;22,57;1,59;1,22;10944,0;32,66;54,34;3,39;28,77;37,11;8,93;16,18;61,76;16,38;14,25;14,25;18,35;57,71;50,54
06039;Coronada, La;16,06;19,09;2,34;1,19;11857,0;33,57;51,42;5,46;15,33;18,13;21,47;22,79;57,87;18,61;16,35;19,95;16,51;55,8;50,57
06040;Corte de Peleas;13,38;20,94;6,64;1,31;9923,0;34,86;50,2;6,45;23,71;44,81;9,43;11,87;50,25;27,71;13,67;11,59;14,93;61,27;53,05
06041;Cristina;16,79;15,55;1,28;1,07;9997,0;32,61;55,51;4,54;28,77;25,12;30,33;17,44;63,08;15,14;16,2;15,35;14,65;62,13;58,84
06042;Cheles;16,56;20,07;1,87;1,26;10686,0;36,35;53,43;2,78;17,42;32,63;13,9;16,77;48,14;24,73;9,48;11,83;23,17;44,97;43,0
06043;Don Álvaro;13,1;18,39;2,97;1,58;15100,0;35,77;49,59;6,77;19,62;7,36;15,53;30,11;59,09;10,11;24,32;26,64;14,97;64,21;60,66
06044;Don Benito;18,22;16,07;7,66;1,28;15478,0;34,23;51,71;7,13;19,08;8,89;16,88;34,62;52,64;14,16;19,62;30,96;12,8;60,91;56,13
06045;Entrín Bajo;14,14;25,09;8,42;1,11;10489,0;33,76;52,11;5,49;25,7;36,87;11,73;19,28;47,59;26,89;13,15;14,54;16,46;58,33;49,19
06046;Esparragalejo;14,69;21,91;2,12;1,23;12588,0;32,28;54,04;4,92;11,29;11,83;17,2;21,28;64,41;17,44;16,68;22,47;17,94;60,9;54,21
06047;Esparragosa de la Serena;15,83;22,21;0,88;1,02;11045,0;37,72;49,5;2,13;29,32;31,68;15,71;25,7;56,42;20,02;16,07;26,82;17,39;63,44;54,49
06048;Esparragosa de Lares;10,68;27,58;1,07;0,73;13306,0;29,23;55,7;3,93;32,49;20,22;13,48;28,83;60,06;23,94;13,38;24,58;19,68;68,16;56,83
06049;Feria;12,73;25,12;7,02;1,13;12290,0;32,62;52,31;4,74;33,75;20,7;21,7;22,4;60,53;23,13;15,77;23,13;17,21;62,73;52,5
06050;Fregenal de la Sierra;14,8;20,74;4,84;1,16;13878,0;33,77;51,14;5,93;23,61;5,7;24,49;29,11;56,93;18,3;17,73;28,27;13,26;65,26;55,5
06051;Fuenlabrada de los Montes;13,81;26,3;5,55;1,0;10839,0;30,26;50,78;7,04;54,29;46,42;8,18;13,76;80,28;28,41;16,35;14,63;16,89;65,31;53,96
06052;Fuente de Cantos;14,94;18,8;3,51;1,26;13431,0;34,95;51,83;4,63;24,91;10,85;19,39;30,34;58,92;16,68;16,8;26,79;17,64;61,65;57,45
06053;Fuente del Arco;12,06;27,05;3,23;1,23;11971,0;32,83;48,39;5,58;33,33;34,94;11,65;18,92;66,22;25,67;15,5;16,5;13,82;65,66;51,35
06054;Fuente del Maestre;15,85;18,89;4,53;1,37;12185,0;35,31;52,57;4,18;25,25;21,87;20,29;25,22;56,03;22,41;13,93;21,23;16,45;62,62;57,16
06055;Fuentes de León;11,18;20,17;1,27;1,01;11193,0;33,01;51,57;6,12;35,36;17,09;21,9;19,6;68,22;25,99;16,01;18,69;22,53;57,1;54,96
06056;Garbayuela;8,8;29,24;2,22;1,19;12174,0;31,35;51,26;5,26;37,82;21,24;15,03;19,19;68,02;25,85;16,33;16,55;19,67;71,79;55,71
06057;Garlitos;9,69;37,65;4,31;1,11;11097,0;24,48;54,6;6,07;44,08;21,71;13,16;10,87;76,81;39,22;12,32;11,7;27,8;57,36;42,27
06058;Garrovilla, La;14,14;20,7;2,6;1,05;12446,0;30,6;56,0;5,25;14,89;16,46;19,49;21,22;59,59;14,26;16,86;21,32;17,26;57,89;52,63
06059;Granja de Torrehermosa;11,4;25,96;4,03;0,92;12018,0;31,82;51,53;5,49;31,74;20,39;15,61;23,72;62,69;22,07;15,19;23,05;21,27;59,03;51,61
06060;Guareña;15,72;19,97;3,74;1,28;12663,0;32,54;53,92;5,22;23,0;23,91;15,76;23,17;51,74;18,0;16,87;19,74;15,3;61,55;54,74
06061;Haba, La;12,09;23,01;1,52;1,49;11789,0;33,05;51,77;5,49;22,17;11,09;27,17;17,78;68,82;22,62;15,48;19,32;17,88;61,91;53,09
06062;Helechosa de los Montes;9,71;29,53;2,16;1,34;15329,0;34,64;45,4;6,46;19,5;23,33;12,5;15,22;63,04;26,64;16,6;12,55;15,27;68,1;50,87
06063;Herrera del Duque;14,28;22,25;5,84;1,23;12883,0;30,33;55,32;5,62;28,25;15,58;16,93;22,49;63,9;23,69;18,03;20,48;15,03;63,58;54,32
06064;Higuera de la Serena;10,62;29,4;2,04;1,28;11785,0;35,89;47,73;5,04;27,45;12,83;15,13;21,74;61,96;19,98;17,88;19,61;30,47;57,72;53,55
06065;Higuera de Llerena;14,17;25,13;1,75;0,98;11553,0;35,14;42,91;9,12;29,01;24,62;20,77;27,97;54,24;21,38;12,83;15,79;18,12;57,55;49,83
06066;Higuera de Vargas;12,89;23,98;2,35;1,38;11202,0;35,78;49,63;4,23;18,59;33,28;14,96;13,31;62,87;28,21;13,86;13,32;23,36;54,39;49,27
06067;Higuera la Real;13,21;21,37;4,06;1,23;12980,0;34,64;50,9;6,35;24,21;8,01;31,94;21,17;64,91;26,53;16,54;20,47;17,03;61,42;54,12
06068;Hinojosa del Valle;16,52;24,49;1,26;1,05;10670,0;32,69;51,82;3,87;24,7;26,51;15,66;16,88;60,0;24,47;14,01;13,06;17,89;64,62;52,28
06069;Hornachos;13,93;21,69;1,51;0,92;11391,0;33,79;51,59;6,02;27,5;23,78;15,37;22,7;59,49;21,01;15,9;19,16;16,78;60,6;53,73
06070;Jerez de los Caballeros;14,59;19,08;4,47;1,14;14447,0;34,27;52,91;5,84;19,93;5,21;29,68;29,39;60,64;18,93;17,67;27,37;16,88;61,71;56,73
06071;Lapa, La;12,01;25,37;3,36;1,31;11140,0;31,8;54,79;3,07;27,78;23,36;14,02;14,56;56,31;30,22;15,3;12,69;20,0;59,57;53,44
06072;Lobón;18,03;20,11;1,63;1,28;11891,0;32,7;54,12;5,38;15,2;19,27;12,85;16,1;60,85;20,12;16,62;17,09;15,79;60,86;54,62
06073;Llera;15,23;21,31;0,77;1,67;10859,0;38,34;47,67;4,08;22,07;26,42;14,72;18,25;68,77;20,6;16,34;17,9;21,86;57,78;52,74
06074;Llerena;15,81;18,88;5,39;1,31;15149,0;35,89;49,25;7,46;21,05;6,73;10,05;35,99;55,4;13,95;18,15;33,52;14,6;65,77;59,24
06075;Magacela;8,21;32,43;2,99;0,99;12643,0;39,4;46,47;3,85;27,98;18,45;23,21;20,25;59,49;29,3;14,23;13,8;15,57;61,09;45,2
06076;Maguilla;12,79;22,9;1,86;0,91;10313,0;33,7;51,05;5,41;27,65;33,1;17,93;18,15;55,52;23,83;14,49;17,72;18,0;54,85;48,43
06077;Malcocinado;8,6;30,31;9,97;0,98;11102,0;37,82;46,47;6,41;30,28;42,45;7,55;18,81;51,49;30,03;11,76;17,34;19,31;54,17;45,03
06078;Malpartida de la Serena;8,72;25,48;2,17;0,85;12601,0;36,61;48,54;4,18;29,63;14,89;6,38;16,86;69,19;21,69;17,56;20,04;19,83;59,69;50,42
06079;Manchita;14,82;18,3;2,02;0,97;11563,0;36,83;51,57;3,92;22,37;38,0;15,0;14,43;53,26;18,42;12,69;15,02;14,65;67,07;60,78
06080;Medellín;16,2;19,5;2,27;1,46;13944,0;31,43;53,11;6,17;22,63;23,3;18,62;20,62;58,76;19,01;16,68;19,73;12,93;62,48;53,87
06081;Medina de las Torres;13,21;26,62;3,1;1,5;12348,0;34,8;50,49;5,29;25,62;9,88;21,98;19,64;67,09;25,29;15,0;21,83;18,09;61,19;49,76
06082;Mengabril;13,19;18,65;7,17;0,51;12608,0;36,24;52,47;5,18;19,66;25,84;26,4;15,57;63,47;18,06;15,58;14,45;13,48;56,86;52,63
06083;Mérida;17,85;15,98;6,99;1,22;15969,0;36,49;48,39;8,59;14,1;2,69;9,34;39,97;50,17;9,38;29,98;34,71;16,2;61,43;59,28
06084;Mirandilla;14,43;21,36;2,11;1,5;12853,0;33,18;53,94;3,89;18,42;16,02;13,59;21,73;59,28;15,73;16,91;21,0;14,26;66,37;56,66
06085;Monesterio;15,79;18,2;5,53;1,12;12963,0;32,97;52,89;5,75;29,92;10,12;20,36;27,05;60,68;18,42;16,66;24,27;16,52;60,6;56,84
06086;Montemolín;10,18;30,41;2,59;0,64;11332,0;34,71;49,6;4,05;23,86;22,25;18,23;15,83;65,56;24,0;14,47;13,86;24,91;54,52;46,37
06087;Monterrubio de la Serena;12,67;27,12;4,55;0,9;11978,0;29,76;52,79;5,32;36,64;35,07;14,39;23,42;59,89;22,85;17,48;21,83;17,19;64,02;51,92
06088;Montijo;16,33;19,23;3,93;1,24;12877,0;33,68;51,8;6,73;19,07;12,03;17,81;27,54;56,81;17,62;17,98;22,96;19,18;58,2;54,93
06089;Morera, La;11,53;25,51;1,28;1,01;11802,0;32,27;53,67;5,43;25,79;29,6;17,2;21,63;55,92;18,58;18,43;22,2;15,79;61,12;51,35
06090;Nava de Santiago, La;13,06;24,44;4,27;1,48;10758,0;31,27;52,21;5,55;34,73;34,42;12,01;16,61;67,47;15,87;16,85;17,46;15,09;67,44;54,75
06091;Navalvillar de Pela;13,61;22,58;5,17;1,23;12407,0;31,81;53,72;5,6;30,06;27,64;13,12;22,19;59,36;22,07;17,82;19,01;11,8;62,83;51,32
06092;Nogales;14,38;20,57;4,74;1,2;11648,0;33,27;54,78;4,78;26,72;21,86;24,29;17,5;59,17;21,87;15,52;18,17;18,3;62,26;56,81
06093;Oliva de la Frontera;13,72;23,36;3,94;1,18;12099,0;34,07;51,25;4,86;27,83;12,59;25,17;22,97;62,97;26,95;15,72;19,05;21,81;54,93;50,32
06094;Oliva de Mérida;15,68;22,73;0,48;1,48;10572,0;33,5;53,83;4,25;25,7;41,9;22,68;10,57;53,33;25,95;11,49;7,3;16,59;55,74;47,68
06095;Olivenza;16,61;17,54;5,11;1,1;12429,0;35,46;50,18;6,86;17,76;13,4;16,35;24,12;59,29;18,27;18,33;20,88;18,41;56,19;54,28
06096;Orellana de la Sierra;6,69;36,22;11,81;0,45;14143,0;26,27;53,39;7,63;36,63;18,0;10,0;18,28;64,52;24,39;18,7;13,01;12,12;63,04;40,24
06097;Orellana la Vieja;12,62;24,97;5,34;1,26;14399,0;32,54;51,52;6,4;27,63;13,33;21,74;27,0;61,6;19,67;15,52;22,5;12,31;63,93;50,78
06098;Palomas;17,72;17,9;3,55;1,05;9276,0;35,9;52,38;3,48;15,38;52,4;7,21;7,07;43,94;24,65;13,73;10,74;14,39;54,21;49,01
06099;Parra, La;12,63;19,85;0,54;1,16;10535,0;36,61;52,68;4,3;18,8;31,54;21,78;8,84;60,13;21,24;15,03;15,11;16,61;57,81;53,05
06100;Peñalsordo;6,2;40,94;1,12;0,88;13446,0;29,27;49,55;5,26;46,77;25,1;10,27;18,85;72,13;33,25;13,38;17,83;22,46;62,07;41,56
06101;Peraleda del Zaucejo;10,56;30,47;5,15;0,67;10568,0;34,43;45,43;7,26;35,23;35,8;9,09;13,21;61,01;26,71;18,49;15,98;21,43;60,89;48,28
06102;Puebla de Alcocer;11,16;28,95;2,84;0,71;12027,0;34,44;49,5;5,92;30,82;10,12;18,59;19,51;66,17;25,89;18,87;16,5;23,25;58,56;49,7
06103;Puebla de la Calzada;15,82;18,43;2,53;1,06;13313,0;33,71;52,11;6,84;18,92;11,47;21,68;27,61;58,14;17,58;17,97;23,96;16,79;58,64;54,72
06104;Puebla de la Reina;10,96;23,83;5,22;1,15;11746,0;32,79;51,86;4,04;21,09;31,25;13,67;17,55;61,22;24,53;15,09;14,78;23,69;55,73;51,67
06105;Puebla del Maestre;9,62;29,83;5,07;1,07;11978,0;31,24;51,95;5,94;32,18;22,28;12,38;17,74;69,35;23,65;14,61;17,24;29,58;52,08;46,86
06106;Puebla del Prior;14,24;23,77;1,95;0,72;10444,0;37,69;51,01;2,76;37,79;36,63;15,12;17,28;62,35;22,72;12,35;16,05;19,25;60,56;53,12
06107;Puebla de Obando;14,95;22,2;1,05;1,38;10499,0;33,87;52,2;4,54;17,69;29,11;19,89;13,45;58,9;29,98;12,88;11,25;24,77;50,66;48,41
06108;Puebla de Sancho Pérez;14,63;20,3;2,95;1,14;12460,0;33,35;53,88;4,41;21,29;7,29;23,39;20,73;64,26;21,68;17,56;20,01;16,0;62,2;55,63
06109;Quintana de la Serena;14,28;19,05;4,86;1,19;12402,0;35,03;51,18;4,83;24,91;7,1;27,93;25,66;63,89;17,63;16,92;23,2;25,54;54,96;55,91
06110;Reina;5,14;31,67;5,56;0,61;12355,0;37,5;47,79;6,62;38,3;31,91;4,26;23,26;67,44;17,14;15,0;18,57;27,42;50,0;44,6
06111;Rena;19,34;19,44;3,79;1,6;11168,0;30,8;56,8;4,8;25,13;46,67;8,72;14,92;39,78;27,31;10,81;8,84;13,27;51,85;44,66
06112;Retamal de Llerena;12,83;23,65;2,34;1,24;11063,0;30,81;54,05;5,22;30,32;36,77;11,61;16,44;64,38;21,28;12,05;14,87;21,61;57,56;51,82
06113;Ribera del Fresno;15,26;19,94;5,58;1,24;11190,0;34,82;52,85;5,03;32,64;26,6;16,24;22,31;60,59;23,72;17,62;21,58;12,38;68,72;58,51
06114;Risco;8,41;35,4;4,76;1,08;12320,0;30,17;51,72;3,45;55,26;21,62;8,11;21,88;62,5;32,2;10,17;16,1;38,3;43,28;39,83
06115;Roca de la Sierra, La;14,91;20,22;4,13;1,31;12190,0;32,88;51,77;5,95;22,32;20,93;16,48;18,38;65,38;24,16;15,35;15,35;16,5;62,05;55,27
06116;Salvaleón;11,65;25,56;3,04;1,23;12667,0;36,15;48,23;5,93;24,95;13,84;23,8;26,53;63,17;23,65;14,66;19,19;23,6;54,37;49,46
06117;Salvatierra de los Barros;14,22;21,43;1,74;1,21;11855,0;33,01;53,31;3,82;33,96;16,32;27,15;22,04;62,54;21,49;15,7;20,26;19,12;62,91;56,58
06118;Sancti-Spíritus;3,55;44,4;0,71;0,78;13758,0;26,09;50,72;10,14;42,0;18,0;16,0;20,0;65,0;36,69;15,83;12,95;21,57;57,14;36,69
06119;San Pedro de Mérida;17,51;18,87;4,26;1,53;13754,0;29,35;57,16;6,12;13,27;12,96;9,26;17,14;65,08;14,42;16,71;16,04;15,63;60,82;54,83
06120;Santa Amalia;14,3;19,75;3,66;1,14;13717,0;32,06;55,4;3,95;25,64;20,73;23,91;18,24;60,99;19,4;17,69;17,84;15,5;57,01;50,86
06121;Santa Marta;17,44;18,42;8,67;1,33;11098,0;34,06;51,1;6,12;31,25;22,04;19,59;22,3;60,08;23,8;14,78;17,86;15,17;61,02;56,19
06122;Santos de Maimona, Los;17,33;17,54;3,6;1,43;13000,0;32,69;55,48;4,79;19,82;12,32;17,64;27,05;56,64;17,27;18,38;25,83;13,57;66,41;60,09
06123;San Vicente de Alcántara;14,26;20,2;4,11;0,98;12842,0;34,32;51,3;5,86;24,23;8,81;34,41;19,56;66,22;25,05;15,47;21,69;18,86;59,98;55,98
06124;Segura de León;10,14;24,18;1,76;0,99;11969,0;33,93;52,64;4,48;27,73;12,42;22,71;25,38;62,1;23,12;15,53;21,61;26,76;53,47;51,86
06125;Siruela;11,39;28,74;3,23;1,19;13193,0;30,43;51,83;5,49;38,9;20,96;15,61;18,71;71,26;26,53;13,64;18,04;15,87;65,81;51,16
06126;Solana de los Barros;15,14;20,76;5,72;1,26;10537,0;31,29;55,64;4,92;25,55;38,96;14,17;18,41;53,65;25,18;14,8;14,27;15,59;60,25;53,42
06127;Talarrubias;14,18;22,47;5,05;1,17;13526,0;32,8;51,68;5,24;24,68;12,11;20,24;26,43;57,49;21,36;20,56;21,29;13,22;64,62;54,31
06128;Talavera la Real;16,6;18,04;3,9;1,43;13276,0;34,76;51,56;5,73;20,77;17,79;16,81;21,36;60,24;20,62;19,07;18,75;13,74;60,3;54,57
06129;Táliga;14,14;23,96;1,38;1,1;10790,0;29,79;56,45;5,4;24,89;21,88;26,34;16,04;62,26;22,6;14,73;13,87;23,21;55,69;50,69
06130;Tamurejo;7,68;34,21;0,53;0,45;11443,0;35,0;48,33;2,22;31,43;22,86;11,43;17,46;76,19;30,81;16,76;18,92;18,75;57,52;44,44
06131;Torre de Miguel Sesmero;14,06;21,2;1,87;1,3;12838,0;35,06;49,77;6,48;25,51;14,61;19,96;25,96;61,06;19,35;17,18;20,71;16,12;64,86;55,92
06132;Torremayor;12,76;23,62;2,11;1,39;11946,0;30,24;50,51;7,93;11,69;30,77;13,85;12,5;64,14;20,58;17,56;14,77;24,71;52,41;48,76
06133;Torremejía;18,93;16,35;4,14;1,5;11426,0;30,87;57,65;5,17;26,96;26,27;19,73;18,21;59,28;20,68;16,73;19,29;15,08;63,56;59,45
06134;Trasierra;12,8;20,37;2,38;1,17;11165,0;37,02;50,76;4,2;31,43;40,0;10,61;13,54;65,07;18,01;13,13;18,01;15,46;62,44;55,43
06135;Trujillanos;17,37;15,13;2,63;1,16;12947,0;32,97;53,31;6,53;17,53;9,74;14,09;22,32;62,25;13,58;21,42;25,08;15,82;62,7;61,3
06136;Usagre;14,0;21,92;2,65;1,59;12325,0;35,16;50,87;4,88;20,24;24,82;16,84;21,55;61,55;19,86;14,63;22,47;20,54;62,42;56,75
06137;Valdecaballeros;11,29;29,04;4,36;1,23;14044,0;28,98;53,8;5,35;29,4;12,63;23,48;23,47;63,73;22,33;19,92;19,71;20,83;63,97;50,63
06138;Valdetorres;11,84;22,15;2,08;0,84;12024,0;31,68;52,33;6,75;19,28;28,65;21,49;13,62;60,58;21,48;17,09;12,79;20,08;56,55;50,59
06139;Valencia de las Torres;8,57;28,4;1,43;1,58;12945,0;34,84;46,83;6,11;20,42;34,03;9,42;13,64;71,59;20,94;12,47;17,37;22,27;56,62;49,44
06140;Valencia del Mombuey;12,84;23,35;9,94;1,24;11184,0;35,86;50,73;3,72;26,76;16,67;20,48;24,62;59,8;27,93;15,13;13,88;25,09;48,34;45,83
06141;Valencia del Ventoso;11,38;27,15;2,3;1,02;11252,0;34,69;52,27;3,24;35,91;20,16;20,62;20,4;66,67;25,85;13,39;19,79;18,56;58,77;48,8
06142;Valverde de Burguillos;8,15;31,69;3,46;0,42;13914,0;29,6;55,6;6,0;20,75;5,71;31,43;15,69;70,59;25,98;17,32;18,9;13,49;72,19;49,8
06143;Valverde de Leganés;16,66;17,85;2,6;1,23;11971,0;34,46;53,38;4,91;19,83;18,85;19,94;21,24;59,37;20,31;16,93;16,87;14,36;57,59;52,76
06144;Valverde de Llerena;11,13;27,72;5,21;0,93;11902,0;34,4;49,6;3,6;24,0;31,61;10,92;24,84;54,66;22,0;16,9;18,47;26,67;52,07;47,34
06145;Valverde de Mérida;12,89;21,56;1,1;1,06;11956,0;34,12;52,3;4,94;16,67;20,37;17,49;14,86;60,27;15,33;15,1;16,32;20,77;58,76;54,68
06146;Valle de la Serena;9,23;28,07;2,42;0,84;11209,0;32,97;51,24;4,17;29,78;23,31;19,1;20,65;64,6;28,09;15,32;14,93;31,41;51,34;49,8
06147;Valle de Matamoros;8,72;31,34;8,66;0,84;13063,0;32,89;47,65;6,38;16,38;12,93;24,14;27,19;58,77;32,8;12,22;17,36;21,77;57,79;47,57
06148;Valle de Santa Ana;15,27;20,13;1,65;1,66;13086,0;35,65;48,84;5,17;14,77;11,92;33,16;21,89;64,59;23,16;14,96;20,08;23,88;54,67;53,81
06149;Villafranca de los Barros;16,87;19,4;3,73;1,17;13070,0;32,99;52,9;6,0;22,39;12,65;19,73;27,79;58,17;19,52;17,17;26,23;13,78;66,52;58,69
06150;Villagarcía de la Torre;13,17;26,32;2,2;1,2;11568,0;38,43;46,02;5,27;23,73;13,61;17,01;20,86;68,35;21,73;14,95;20,23;21,84;58,97;52,28
06151;Villagonzalo;14,75;23,87;2,94;1,34;12832,0;34,49;49,34;6,11;21,62;26,13;15,91;16,92;58,21;21,81;15,71;18,85;17,95;59,18;50,89
06152;Villalba de los Barros;12,57;22,69;2,7;0,99;11746,0;34,84;52,26;5,21;28,19;35,49;11,04;18,47;55,93;26,03;13,44;19,69;10,47;69,22;55,8
06153;Villanueva de la Serena;17,28;18,38;6,99;1,29;14200,0;34,21;51,02;7,22;18,85;10,98;14,38;30,87;55,2;16,94;19,49;27,64;14,51;58,94;53,17
06154;Villanueva del Fresno;14,71;20,45;2,88;1,13;11107,0;40,08;45,5;5,67;24,37;28,02;12,25;17,7;56,74;23,82;14,6;15,5;22,1;51,83;49,02
06155;Villar del Rey;12,36;19,82;2,56;1,15;11922,0;36,36;49,46;6,01;18,46;18,74;15,6;17,12;67,12;24,27;16,53;16,75;19,71;60,3;56,54
06156;Villar de Rena;12,88;23,5;1,89;1,19;13018,0;33,08;53,52;4,83;28,46;37,27;12,83;14,55;63,86;22,63;16,26;13,75;12,24;59,9;48,35
06157;Villarta de los Montes;7,47;31,25;5,33;1,43;12392,0;29,4;51,37;6,59;29,55;18,94;18,18;12,1;66,94;27,96;16,67;9,14;27,78;59,09;48,52
06158;Zafra;16,49;18,33;7,2;1,15;15483,0;35,61;50,08;7,39;17,32;2,8;15,67;37,77;52,31;14,8;21,05;34,23;14,42;61,98;55,88
06159;Zahínos;16,36;17,95;1,94;1,43;10223,0;35,57;52,28;3,88;25,79;36,45;21,77;13,36;61,53;28,17;12,65;13,02;21,07;53,27;52,84
06160;Zalamea de la Serena;13,23;23,36;5,73;1,2;11779,0;33,33;51,8;5,13;32,86;12,91;19,0;25,97;63,61;22,96;16,42;19,06;20,47;60,35;52,78
06161;Zarza-Capilla;7,05;35,12;5,08;1,05;13400,0;34,44;44,07;5,19;40,87;26,09;12,17;19,27;65,14;27,9;17,03;17,75;15,91;68,52;47,83
06162;Zarza, La;16,22;19,46;1,82;1,58;12068,0;33,27;54,4;3,82;28,45;16,35;20,28;23,31;61,96;15,22;15,77;23,55;15,34;64,58;57,72
06901;Valdelacalzada;17,2;18,49;6,45;1,41;12460,0;33,32;52,1;6,97;23,33;25,69;19,51;19,34;62,04;19,4;17,62;20,12;10,8;58,51;50,47
06902;Pueblonuevo del Guadiana;15,8;21,52;2,36;0,97;12514,0;30,63;55,99;5,57;19,34;23,5;16,91;19,72;58,71;23,05;17,93;16,81;15,0;56,21;49,04
06903;Guadiana;14,96;19,4;3,52;1,16;12377,0;33,43;52,92;6,26;22,43;18,75;21,3;18,02;66,38;16,59;17,93;18,26;14,89;55,46;50,02
07001;Alaró;18,96;14,41;27,51;1,29;20198,0;38,12;45,74;10,06;21,31;1,6;19,03;40,61;50,42;12,0;25,9;38,11;6,61;61,18;54,26
07002;Alaior;15,64;16,93;20,53;1,07;19436,0;39,92;45,56;8,77;21,82;2,03;22,91;31,65;58,68;13,99;22,56;29,18;5,11;58,34;49,7
07003;Alcúdia;16,37;12,1;37,23;1,02;18565,0;42,9;42,43;9,9;25,37;1,67;19,32;30,34;58,56;16,18;22,39;22,06;6,94;37,68;35,18
07004;Algaida;17,89;17,85;18,67;1,25;20264,0;35,75;48,66;9,84;22,59;1,79;18,07;36,63;54,97;8,33;31,88;34,1;5,23;66,83;55,39
07005;Andratx;17,03;14,72;34,79;1,21;19220,0;38,62;45,56;9,97;28,61;1,17;21,29;27,57;58,78;12,13;27,49;27,81;5,2;55,02;48,28
07006;Artà;16,67;16,53;25,23;1,19;19486,0;38,16;47,4;8,35;29,77;2,5;23,68;33,83;57,05;16,1;22,11;26,52;5,45;55,62;48,05
07007;Banyalbufar;11,94;21,0;24,74;1,34;24419,0;35,12;47,93;10,54;32,63;2,54;12,29;47,56;45,33;9,62;26,92;46,92;6,42;63,92;51,26
07008;Binissalem;19,53;13,84;15,81;1,12;20015,0;36,59;47,99;9,8;20,17;1,91;20,25;35,09;55,68;13,31;24,54;30,27;5,6;66,69;58,74
07009;Búger;16,67;18,44;23,51;1,32;20041,0;37,18;46,34;8,75;25,11;4,08;20,18;36,21;53,72;14,05;25,1;32,95;4,37;57,07;47,11
07010;Bunyola;17,44;16,12;16,37;1,06;25600,0;35,59;49,67;8,96;22,25;1,52;14,73;44,87;48,14;7,05;29,54;40,56;4,7;65,04;55,81
07011;Calvià;15,9;15,21;38,91;0,95;21772,0;41,18;43,28;10,64;28,37;0,5;14,56;34,65;55,68;9,82;30,77;31,68;5,62;50,43;43,62
07012;Campanet;16,28;18,89;22,07;1,38;20563,0;35,21;49,91;7,15;22,81;4,06;18,74;39,38;51,99;18,02;21,98;31,56;6,91;60,79;50,58
07013;Campos;18,23;16,16;25,58;1,28;18452,0;35,41;48,73;9,34;24,35;2,72;24,48;28,74;59,99;15,79;25,89;25,92;5,11;61,52;53,63
07014;Capdepera;15,92;13,7;34,64;1,16;17075,0;41,68;42,85;9,77;29,2;1,75;22,64;26,8;62,73;12,46;28,6;22,55;6,31;38,72;34,84
07015;Ciutadella de Menorca;15,45;15,53;19,07;0,97;19666,0;40,64;44,85;8,73;24,0;2,65;21,51;34,88;56,11;10,44;24,36;31,84;5,25;55,04;48,0
07016;Consell;19,66;13,5;13,06;1,3;19638,0;33,63;51,78;9,03;18,52;1,21;16,72;34,01;57,55;12,29;26,01;29,79;5,99;65,62;59,9
07017;Costitx;18,69;15,71;21,58;1,63;19154,0;34,48;49,26;9,93;26,39;0,66;23,77;37,16;54,97;10,02;29,99;32,07;6,87;59,26;53,19
07018;Deià;11,58;18,27;40,64;0,72;27204,0;46,09;37,93;10,37;49,78;3,96;8,37;39,9;48,56;7,73;30,76;43,94;4,69;46,74;39,08
07019;Escorca;5,43;26,33;20,1;0,61;28811,0;34,25;52,49;8,84;28,57;10,2;8,16;29,79;57,45;17,44;26,15;30,77;4,63;80,47;55,67
07020;Esporles;18,55;16,17;16,86;1,23;25202,0;37,44;48,23;8,12;21,23;1,57;15,01;47,56;44,76;7,97;26,55;44,11;4,36;70,09;58,56
07021;Estellencs;11,66;21,66;30,48;0,39;22833,0;46,1;38,96;8,77;30,52;7,84;10,46;40,41;50,68;8,75;25,66;42,27;7,74;56,75;45,72
07022;Felanitx;19,08;16,97;25,47;1,4;17921,0;35,19;49,57;7,87;26,33;2,74;28,95;27,69;61,4;21,5;21,15;19,36;5,84;54,68;46,33
07023;Ferreries;16,65;16,11;10,28;1,12;18849,0;39,62;48,58;6,18;21,5;3,89;29,81;29,47;61,25;7,92;23,38;27,8;4,18;61,09;51,64
07024;Formentera;14,07;11,84;35,65;0,89;24630,0;48,8;38,73;8,43;31,66;2,09;15,61;36,21;55,22;13,25;27,67;29,77;3,87;51,36;46,72
07025;Fornalutx;14,56;19,73;29,23;1,23;23667,0;36,99;49,49;8,56;37,5;8,12;20,3;38,37;54,26;10,73;25,71;37,7;2,62;52,85;42,65
07026;Eivissa;15,17;11,65;36,49;0,99;22301,0;48,31;38,1;8,8;20,76;0,57;16,47;32,15;55,85;11,65;27,24;32,17;4,67;54,59;50,5
07027;Inca;19,45;13,71;25,52;1,36;16379,0;37,28;46,87;9,9;15,46;2,0;23,17;27,34;60,28;14,34;31,1;22,3;7,87;56,97;52,45
07028;Lloret de Vistalegre;20,01;14,71;23,98;1,91;18270,0;35,01;51,73;7,3;20,92;2,82;21,36;35,42;50,99;12,99;27,75;31,66;7,02;62,57;56,3
07029;Lloseta;19,27;15,51;16,16;1,36;17283,0;34,17;49,89;9,39;17,56;2,03;24,81;29,27;61,59;15,66;24,38;22,56;8,65;63,48;56,27
07030;Llubí;18,95;15,61;20,81;1,47;19711,0;35,69;48,45;8,08;23,61;3,19;25,92;35,53;55,41;16,16;23,0;27,71;6,19;59,82;53,07
07031;Llucmajor;16,93;14,63;25,68;1,13;20002,0;37,57;46,34;10,62;20,55;1,19;17,02;31,76;58,95;10,87;28,91;27,38;6,09;58,23;51,92
07032;Maó;15,91;16,48;25,61;1,1;20482,0;40,12;43,3;10,55;18,75;1,21;17,89;33,76;54,3;11,76;26,47;33,99;5,85;59,07;50,61
07033;Manacor;19,22;13,78;28,75;1,4;17034,0;38,64;46,7;8,56;22,29;2,33;26,91;27,54;61,2;18,54;21,98;21,3;6,46;52,47;47,92
07034;Mancor de la Vall;20,89;13,03;12,6;1,34;21251,0;34,36;51,2;9,17;20,41;3,95;18,62;36,45;56,61;9,45;24,15;38,49;3,48;69,79;59,97
07035;Maria de la Salut;17,33;18,51;20,11;1,42;18575,0;33,86;51,92;6,4;21,67;3,63;28,82;37,02;51,33;15,67;26,32;29,79;5,41;61,26;51,21
07036;Marratxí;18,61;14,64;11,25;1,16;22611,0;34,06;52,62;8,45;18,4;0,43;14,62;36,88;56,31;8,65;28,3;34,19;5,18;69,04;60,38
07037;Mercadal, Es;14,73;14,57;25,86;1,03;24914,0;41,79;44,52;9,42;28,77;3,97;17,48;40,72;50,83;8,35;25,3;42,39;5,3;51,83;47,09
07038;Montuïri;17,48;18,09;23,06;1,12;20513,0;34,52;48,23;9,59;21,3;3,21;19,43;35,77;52,52;17,58;25,26;29,64;6,7;63,89;54,17
07039;Muro;20,07;15,83;25,0;1,42;17931,0;35,14;49,71;7,97;24,12;2,97;29,3;28,92;60,01;22,43;18,76;21,49;5,08;51,26;44,6
07040;Palma;15,7;15,26;30,34;1,05;20420,0;41,73;41,84;10,38;15,59;0,58;14,38;34,55;53,57;12,14;27,61;31,02;6,89;61,02;53,98
07041;Petra;17,3;18,51;21,04;1,28;19380,0;33,82;51,46;6,75;23,16;3,98;25,04;33,23;54,83;17,05;22,05;27,53;5,43;62,29;51,96
07042;Pollença;16,08;17,6;30,11;1,14;20957,0;35,75;49,43;8,24;30,64;2,29;19,13;36,34;54,11;15,58;24,25;28,48;5,12;49,15;41,17
07043;Porreres;19,45;17,17;24,9;1,41;18157,0;33,46;51,77;8,14;26,01;6,07;25,01;30,97;55,58;17,83;24,33;24,96;5,53;64,92;53,91
07044;Pobla, Sa;20,75;14,59;27,16;1,67;16693,0;34,94;50,07;8,11;22,08;4,89;26,78;28,19;59,45;17,11;22,12;25,6;6,12;53,31;47,53
07045;Puigpunyent;18,84;14,97;21,27;1,05;24974,0;36,77;49,28;8,56;26,95;1,18;13,16;52,03;41,44;7,62;29,0;44,76;4,26;65,44;56,25
07046;Sant Antoni de Portmany;16,02;11,97;34,37;1,08;19318,0;47,45;39,96;7,89;22,79;1,27;21,63;26,63;62,56;14,66;24,26;24,61;5,02;49,08;45,08
07047;Sencelles;16,65;15,78;22,05;1,18;21405,0;36,93;47,72;9,62;23,64;2,36;16,43;40,11;50,81;10,1;27,54;37,9;6,68;62,52;55,36
07048;Sant Josep de sa Talaia;15,67;11,7;29,69;1,04;22687,0;47,96;39,05;8,97;28,01;0,76;16,87;34,32;56,93;9,28;28,09;33,48;4,71;54,12;49,0
07049;Sant Joan;18,66;18,47;21,95;1,63;18653,0;31,33;51,47;8,96;21,23;6,03;18,99;31,27;55,77;17,77;24,76;27,87;4,92;62,48;53,09
07050;Sant Joan de Labritja;16,58;14,18;39,08;1,03;20340,0;47,82;39,37;7,91;36,79;3,65;17,24;33,39;55,79;12,91;30,38;31,35;5,08;49,12;43,15
07051;Sant Llorenç des Cardassar;16,43;15,99;29,83;1,14;17636,0;38,57;46,86;8,27;30,95;2,0;22,9;27,51;61,58;14,81;24,32;19,74;5,28;47,12;40,15
07052;Sant Lluís;14,32;17,23;19,39;0,83;25485,0;39,5;45,07;10,39;25,22;1,38;15,67;41,52;49,77;10,07;26,15;39,19;5,02;58,34;50,01
07053;Santa Eugènia;17,19;15,54;19,4;1,27;22686,0;35,37;49,74;9,34;20,48;2,19;12,67;43,35;49,94;9,44;27,28;40,05;4,89;67,57;57,92
07054;Santa Eulària des Riu;15,95;12,07;35,57;1,05;21736,0;47,29;39,68;8,69;29,31;1,5;17,99;32,4;58,18;11,37;34,77;27,54;4,74;53,34;48,15
07055;Santa Margalida;17,03;14,55;33,48;1,28;18090,0;39,23;46,67;8,14;25,43;2,15;21,19;28,48;60,93;15,86;22,93;22,53;7,45;39,56;36,07
07056;Santa María del Camí;18,63;15,12;14,04;1,15;22628,0;34,9;50,46;8,11;18,69;1,37;16,19;37,06;55,27;11,36;27,92;33,13;5,12;67,73;59,77
07057;Santanyí;15,42;17,29;32,13;1,2;19832,0;40,12;45,63;7,66;34,51;2,41;22,48;29,44;59,11;18,98;23,73;23,26;4,92;46,84;39,05
07058;Selva;17,17;18,18;17,16;1,16;20659,0;34,54;50,57;8,42;24,93;3,53;18,8;38,58;53,77;10,95;25,52;34,5;6,18;64,51;53,64
07059;Salines, Ses;15,79;17,23;30,32;1,06;20782,0;34,08;49,79;9,58;28,67;3,3;20,53;35,27;53,22;15,99;24,52;30,25;5,25;49,34;41,94
07060;Sineu;18,19;15,49;22,19;1,32;18864,0;35,91;48,83;9,55;22,95;2,66;19,77;36,49;54,26;11,67;24,88;34,24;6,12;62,59;54,77
07061;Sóller;15,42;19,27;28,42;1,21;21452,0;37,49;45,91;9,02;28,18;1,81;20,06;34,6;56,1;11,6;28,34;30,83;4,2;53,54;43,29
07062;Son Servera;17,39;14,52;27,88;1,12;17581,0;39,73;44,81;9,32;24,39;1,61;22,37;24,83;62,23;14,39;24,04;17,27;5,57;40,58;35,59
07063;Valldemossa;14,39;19,9;27,02;1,1;29625,0;36,83;47,67;8,92;28,89;2,44;12,08;44,73;46,2;7,28;33,28;44,37;4,64;63,88;50,59
07064;Castell, Es;13,67;17,13;20,13;0,92;20255,0;40,64;42,22;11,28;20,07;1,18;18,21;32,23;58,35;9,66;26,73;33,41;6,2;60,22;50,91
07065;Vilafranca de Bonany;19,36;15,13;20,97;1,4;16911,0;36,54;48,65;7,94;22,62;4,31;26,62;30,31;59,26;16,38;23,31;25,56;5,53;63,64;56,75
07901;Ariany;16,58;19,23;30,91;1,39;19710,0;32,88;51,88;6,38;22,48;11,24;19,02;28,27;56,85;19,85;20,73;23,93;6,22;53,02;44,77
07902;Migjorn Gran, Es;13,14;16,49;19,3;0,93;22244,0;42,86;44,67;7,18;24,75;2,66;23,92;34,81;57,85;13,59;22,39;31,98;2,79;50,32;43,43
08001;Abrera;18,47;15,24;13,44;1,02;20681,0;33,67;51,34;9,23;10,43;0,23;32,44;30,83;53,97;11,7;25,56;33,79;7,08;67,59;60,64
08002;Aguilar de Segarra;19,59;17,0;4,44;0,97;24041,0;35,71;48,74;9,24;29,08;13,48;18,44;45,8;45,8;10,29;21,81;43,62;5,26;76,6;63,33
08003;Alella;18,33;20,42;17,59;1,21;35386,0;34,18;50,66;8,36;30,53;0,64;14,58;55,52;38,9;8,11;23,43;52,77;4,9;69,37;54,63
08004;Alpens;12,43;18,65;10,49;0,81;24656,0;39,57;46,52;5,22;30,88;2,96;31,85;45,38;45,38;7,85;18,18;48,76;5,71;72,53;58,09
08005;Ametlla del Vallès, L';18,79;14,74;11,95;1,33;28899,0;33,85;51,42;9,94;26,26;0,48;22,73;51,15;42,7;6,09;23,41;51,87;6,36;72,83;63,48
08006;Arenys de Mar;15,89;20,95;20,03;1,08;20939,0;35,38;43,92;11,84;18,71;0,99;17,79;41,05;49,28;11,21;27,9;36,08;9,0;64,41;54,0
08007;Arenys de Munt;16,99;16,85;11,59;1,14;21085,0;36,59;47,04;10,15;20,43;1,51;20,55;39,82;51,18;11,23;24,1;36,72;8,8;68,49;60,26
08008;Argençola;20,41;14,12;6,53;1,86;19838,0;36,08;46,91;9,79;36,28;13,27;19,47;44,55;50,91;4,02;18,09;52,26;7,75;74,38;65,48
08009;Argentona;17,56;17,67;9,46;1,09;23089,0;35,65;48,32;9,49;21,8;0,93;23,83;44,0;48,8;9,57;23,16;39,99;7,57;70,49;60,17
08010;Artés;18,13;17,57;15,17;1,26;19628,0;33,5;50,05;9,16;13,34;3,63;38,62;31,66;52,72;13,43;22,44;28,6;7,89;66,93;57,97
08011;Avià;16,67;20,19;7,11;1,22;20992,0;32,03;51,53;7,93;24,07;5,52;26,74;38,94;53,65;13,48;21,64;40,39;5,66;72,56;58,39
08012;Avinyó;15,9;20,23;14,32;1,31;19454,0;33,67;50,47;6,99;14,15;3,23;44,54;28,43;57,75;11,18;23,8;26,85;8,08;70,03;57,73
08013;Avinyonet del Penedès;14,57;17,99;13,49;1,0;20427,0;36,73;49,36;7,83;22,64;8,02;25,12;30,24;56,09;10,71;24,53;33,94;8,63;68,92;61,07
08014;Aiguafreda;14,04;19,89;11,13;1,16;22178,0;35,11;45,92;10,27;16,34;0,41;30,05;35,94;51,65;7,79;23,9;37,9;7,8;72,29;59,38
08015;Badalona;17,37;17,79;24,06;1,23;17856,0;35,76;48,57;8,33;12,78;0,23;19,13;30,07;55,65;15,39;24,69;29,15;10,68;62,95;56,29
08016;Bagà;12,62;25,34;7,38;0,93;21194,0;32,86;50,76;6,65;24,18;1,69;27,34;34,41;55,79;13,04;20,24;35,31;8,39;68,84;51,28
08017;Balenyà;16,8;16,99;16,77;0,96;17577,0;35,15;48,7;8,92;15,95;1,34;38,54;25,84;57,08;11,87;23,99;26,81;9,41;67,1;58,73
08018;Balsareny;13,89;21,59;10,23;1,12;19010,0;33,05;51,46;7,32;14,31;1,48;41,37;27,09;59,07;13,36;20,32;29,0;8,91;65,51;52,92
08019;Barcelona;13,86;18,9;34,62;0,95;25597,0;43,01;41,28;8,26;15,73;0,15;10,59;48,74;42,04;10,71;20,78;51,03;7,38;63,99;54,33
08020;Begues;19,22;14,38;11,73;1,09;29011,0;34,59;51,28;9,34;20,83;0,55;15,99;50,23;44,57;6,29;24,53;50,96;5,13;71,07;63,19
08022;Berga;16,18;20,75;23,33;1,15;18681,0;33,3;48,13;9,15;15,56;1,47;27,98;34,63;52,95;12,81;22,07;30,74;10,51;61,01;51,54
08023;Bigues i Riells del Fai;17,48;14,55;8,84;1,03;21677,0;34,36;50,8;9,45;20,69;0,76;29,59;36,19;52,69;8,74;27,31;33,63;8,41;69,21;63,18
08024;Borredà;12,26;25,21;13,13;0,75;19097,0;37,47;47,23;5,28;34,86;11,43;30,29;28,65;59,06;15,99;22,59;34,52;10,7;60,29;48,2
08025;Bruc, El;17,68;13,11;8,76;1,03;22223,0;38,38;47,53;9,68;17,37;0,94;28,23;34,89;50,54;8,36;23,9;41,69;6,38;72,54;65,8
08026;Brull, El;19,39;12,32;9,09;0,86;33049,0;39,67;48,76;4,96;38,03;7,04;22,54;49,26;43,38;5,56;22,62;48,02;6,54;66,51;61,45
08027;Cabanyes, Les;21,84;11,92;5,83;1,57;22520,0;35,75;52,58;7,37;16,24;2,18;32,28;39,58;50,74;7,49;27,42;40,34;6,77;68,51;64,88
08028;Cabrera d'Anoia;16,49;14,49;14,29;1,51;16676,0;36,59;48,14;9,99;15,43;1,75;30,86;22,43;62,98;7,59;27,17;27,51;13,14;59,1;57,96
08029;Cabrera de Mar;17,67;17,7;12,39;1,31;31090,0;35,55;48,87;9,83;27,62;1,88;13,85;55,34;39,37;6,7;23,03;54,25;5,53;72,54;60,32
08030;Cabrils;18,01;15,33;18,13;1,14;33306,0;36,51;49,93;8,64;30,06;0,65;15,35;60,01;34,83;5,89;22,88;56,4;5,87;68,42;58,7
08031;Calaf;19,93;19,19;25,89;1,69;17140,0;30,55;54,31;6,56;15,85;4,67;37,9;28,63;56,04;15,43;22,81;24,7;11,22;62,42;53,88
08032;Caldes d'Estrac;15,24;19,29;25,45;1,01;25472,0;37,36;41,71;12,99;23,17;0,7;13,43;46,18;45,81;9,51;24,22;47,07;7,2;64,53;55,16
08033;Caldes de Montbui;16,79;17,33;15,97;1,07;21455,0;35,12;47,85;9,9;17,5;1,31;28,18;37,83;49,89;9,57;31,77;36,8;7,75;69,31;60,36
08034;Calders;17,36;15,79;7,14;1,33;22530,0;36,38;47,69;10,33;22,24;3,2;24,02;47,07;44,99;7,13;22,75;46,96;3,95;76,91;64,37
08035;Calella;16,14;19,55;30,59;1,13;17026,0;35,85;43,61;12,09;18,91;0,8;16,16;34,61;53,32;14,21;24,27;31,71;10,93;55,04;48,47
08036;Calonge de Segarra;13,85;28,27;1,12;2,04;20264,0;28,76;50,98;5,23;45,88;29,41;23,53;27,16;65,43;15,03;20,92;37,25;6,1;77,78;53,59
08037;Calldetenes;17,49;17,26;11,78;1,36;21531,0;34,96;51,12;8,35;18,65;2,38;35,15;32,28;55,13;12,23;24,98;34,25;5,19;74,19;62,28
08038;Callús;19,25;17,25;14,5;1,25;19014,0;34,59;47,54;9,43;15,6;1,88;32,36;33,62;55,28;12,04;24,68;33,22;10,23;66,48;59,29
08039;Campins;17,72;15,41;11,39;1,41;24315,0;37,83;45,47;11,67;31,58;1,64;22,7;53,9;37,94;3,69;25,44;54,56;9,15;75,44;64,19
08040;Canet de Mar;15,59;20,67;16,36;0,93;19356,0;34,48;45,89;11,06;18,84;0,57;18,28;40,01;51,24;12,84;24,84;34,41;9,37;64,69;54,13
08041;Canovelles;19,86;14,7;30,99;1,33;15536,0;34,14;51,12;8,44;12,24;1,03;35,87;21,32;55,11;19,51;21,39;18,9;13,04;58,09;55,43
08042;Cànoves i Samalús;18,03;14,98;9,02;1,26;21555,0;33,66;52,78;8,26;22,03;1,12;27,26;34,39;55,53;8,36;26,66;36,08;8,9;69,28;63,76
08043;Canyelles;17,04;14,56;14,73;1,15;20542,0;35,31;51,7;8,34;19,58;0,46;24,47;34,62;54,92;9,75;25,57;35,48;9,47;65,18;60,95
08044;Capellades;16,08;20,04;13,81;1,1;18783,0;36,1;45,83;9,38;11,55;0,44;36,68;32,1;54,83;13,09;27,45;27,36;9,67;65,31;54,98
08045;Capolat;21,72;16,56;3,23;0,0;22825,0;41,33;40,0;12,0;29,55;13,64;20,45;33,33;64,29;2,63;32,89;48,68;3,92;81,67;68,0
08046;Cardedeu;18,81;16,35;12,34;1,11;22577,0;36,38;47,87;9,64;17,24;0,73;22,3;44,47;46,6;9,05;23,81;43,46;7,84;70,71;61,6
08047;Cardona;14,0;25,99;10,37;0,85;19576,0;32,32;49,95;6,91;19,02;6,32;33,09;30,88;57,77;20,71;19,55;24,86;10,4;64,55;48,76
08048;Carme;16,79;20,16;17,56;1,36;19229,0;32,51;52,6;7,8;15,76;0,57;35,24;32,82;54,91;9,85;22,61;30,93;13,8;60,51;54,08
08049;Casserres;15,69;24,43;8,41;0,98;18955,0;30,9;51,37;8,61;25,94;7,54;26,85;34,29;55,77;13,35;22,11;31,71;9,35;69,43;52,56
08050;Castellar del Riu;18,41;14,97;3,31;1,83;20738,0;36,84;44,36;10,53;20,83;5,56;19,44;36,23;50,72;5,93;25,19;46,67;5,33;70,3;55,97
08051;Castellar del Vallès;17,24;16,89;8,64;1,02;21638,0;33,97;50,6;9,37;16,94;0,3;26,08;39,65;51,23;8,78;26,82;37,1;7,08;71,28;61,41
08052;Castellar de n'Hug;7,23;21,69;7,83;0,0;21916,0;37,91;41,83;9,8;44,71;9,41;18,82;34,15;60,98;8,81;18,87;35,85;10,1;77,39;63,06
08053;Castellbell i el Vilar;16,58;16,72;11,75;1,05;17987,0;37,97;44,24;10,78;15,5;0,45;33,35;25,04;61,2;9,03;25,01;26,13;11,08;65,34;59,12
08054;Castellbisbal;18,93;13,35;12,05;1,18;21154,0;35,98;49,56;9,05;13,03;0,35;26,76;35,8;52,91;10,35;25,39;34,26;7,16;70,41;64,4
08055;Castellcir;19,15;14,61;9,23;1,42;22727,0;35,45;46,9;11,45;24,48;3,12;28,12;40,0;51,67;7,48;25,04;42,29;8,19;70,3;64,84
08056;Castelldefels;17,35;14,6;31,6;1,02;24568,0;37,72;45,93;10,46;17,53;0,15;14,15;44,11;47,52;9,51;25,9;45,92;6,87;64,38;57,54
08057;Castell de l'Areny;7,65;21,18;2,94;0,0;22825,0;47,69;40,0;10,77;32,43;5,41;2,7;44,44;41,67;1,54;26,15;49,23;2,78;76,09;55,38
08058;Castellet i la Gornal;17,74;16,91;15,51;1,35;18303,0;33,92;49,42;10,2;18,11;4,07;26,17;28,1;59,6;10,51;24,54;31,06;11,44;62,05;58,06
08059;Castellfollit del Boix;15,48;21,07;5,97;1,14;22474,0;34,1;50,77;8,72;32,72;7,83;22,12;43,96;51,21;9,32;21,66;44,08;5,42;75,17;61,07
08060;Castellfollit de Riubregós;15,16;27,84;2,61;2,33;20076,0;28,46;53,85;6,92;39,74;26,92;20,51;33,8;56,34;8,4;19,08;39,69;5,06;89,29;60,77
08061;Castellgalí;17,53;16,47;9,08;1,0;20270,0;33,75;50,23;9,44;15,14;0,48;30,1;31,96;58,39;10,3;25,4;32,25;9,44;65,55;60,35
08062;Castellnou de Bages;20,44;12,85;4,42;1,2;22777,0;31,03;56,47;8,22;20,2;1,68;32,96;37,04;53,04;5,64;24,18;41,62;7,91;69,81;66,35
08063;Castellolí;19,94;15,61;6,87;1,08;24721,0;37,04;48,52;8,33;20,78;2,11;23,19;48,23;46,3;4,17;26,09;50,72;3,49;73,45;62,77
08064;Castellterçol;15,46;20,2;15,46;1,11;19890,0;36,63;44,86;9,8;20,88;2,73;30,84;36,16;47,25;13,63;23,82;37,32;7,34;69,99;57,23
08065;Castellví de la Marca;16,39;18,53;11,99;1,16;19119,0;35,6;50,0;8,23;21,03;8,73;28,97;32,77;54,85;12,24;25,96;32,01;6,95;69,18;58,03
08066;Castellví de Rosanes;17,12;16,87;11,54;1,37;24496,0;34,58;51,38;7,13;17,69;0,3;27,7;42,87;50,0;13,08;24,26;41,62;5,22;68,8;59,25
08067;Centelles;16,88;18,45;10,8;1,03;20018,0;35,82;46,08;10,21;18,15;1,32;31,92;33,07;53,96;11,33;24,94;31,22;6,93;70,74;59,83
08068;Cervelló;18,07;16,19;12,77;1,17;23773,0;34,21;50,53;9,31;18,07;0,15;22,39;41,15;49,65;8,47;26,03;41,68;7,43;71,29;62,22
08069;Collbató;17,78;13,62;7,41;1,08;26489,0;36,28;50,01;9,1;19,34;0,12;24,99;44,98;46,97;5,74;25,73;46,48;5,59;70,81;63,45
08070;Collsuspina;19,28;20,0;6,41;1,04;20148,0;30,07;51,96;12,09;30,59;6,47;28,82;43,29;48,17;10,03;27,27;40,75;4,26;75,0;60,45
08071;Copons;20,0;17,5;4,83;1,03;21492,0;39,16;45,1;9,79;21,47;1,23;23,93;49,68;46,45;4,38;18,18;48,15;4,57;73,25;60,98
08072;Corbera de Llobregat;17,83;14,46;17,2;1,12;23025,0;35,49;49,54;9,87;18,41;0,23;21,11;40,39;50,21;9,28;27,6;39,96;6,75;68,72;61,61
08073;Cornellà de Llobregat;16,25;18,24;27,1;1,1;18142,0;36,2;47,53;8,42;9,96;0,14;19,42;30,37;54,12;15,17;23,53;31,99;8,77;65,47;56,76
08074;Cubelles;17,1;16,8;19,04;1,1;20168,0;33,44;47,2;12,89;16,16;0,41;18,28;34,07;56,14;10,57;27,92;34,75;10,65;62,59;56,86
08075;Dosrius;19,34;13,3;10,46;1,45;21146,0;35,68;49,63;9,47;21,63;0,7;25,1;39,08;51,7;7,69;26,07;39,02;7,95;69,69;64,59
08076;Esparreguera;17,03;16,43;13,31;1,17;19934,0;35,47;48,05;10,17;12,02;0,24;30,61;30,92;53,94;11,96;24,42;31,18;8,76;67,71;59,91
08077;Esplugues de Llobregat;16,38;21,66;25,77;1,05;22926,0;36,08;47,79;8,14;14,16;0,12;16,12;39,58;48,01;13,96;24,42;37,81;7,45;66,1;53,39
08078;Espunyola, L';15,38;21,23;3,46;1,75;20183,0;31,96;54,79;5,94;38,93;21,37;20,61;36,07;60,66;13,22;22,03;38,33;5,15;77,71;60,99
08079;Estany, L';14,07;26,75;4,86;0,95;22046,0;36,21;47,7;8,62;28,02;6,04;25,27;41,28;46,51;9,47;19,78;41,23;2,08;82,1;54,24
08081;Fogars de Montclús;20,2;15,94;7,3;1,29;20125,0;41,5;45,15;9,71;35,37;4,8;20,09;38,91;50,68;5,62;29,98;40,75;6,84;74,47;62,17
08082;Fogars de la Selva;15,84;16,81;8,5;1,41;17876,0;34,18;52,07;7,79;18,22;1,17;32,36;26,57;58,83;11,28;26,83;25,68;12,21;61,59;55,74
08083;Folgueroles;18,03;16,22;4,38;0,94;24202,0;33,81;52,96;6,77;19,5;3,14;32,58;42,77;49,73;6,61;23,93;42,43;4,19;75,63;64,0
08084;Fonollosa;16,22;19,53;5,79;1,12;21465,0;33,28;53,1;7,93;20,47;4,01;30,98;35,23;54,15;11,31;23,14;36,35;8,67;71,97;59,43
08085;Font-rubí;16,18;20,45;18,11;1,02;20713,0;34,32;49,87;7,9;28,32;10,94;27,26;32,37;54,75;11,97;22,67;36,47;6,42;67,97;55,38
08086;Franqueses del Vallès, Les;19,14;13,76;18,73;1,05;19036,0;35,88;48,91;9,88;13,4;0,99;30,8;32,1;53,71;12,62;23,88;30,93;8,89;67,3;62,31
08087;Gallifa;12,98;22,92;14,04;1,7;30323,0;34,46;46,62;12,16;33,72;6,98;12,79;48,15;37,04;5,7;29,75;44,3;6,9;72,97;56,13
08088;Garriga, La;17,83;16,75;14,94;1,06;23764,0;35,22;47,86;10,37;17,44;0,59;22,7;44,49;46,37;9,26;25,53;41,69;5,94;71,06;60,94
08089;Gavà;17,43;17,12;19,34;1,06;21821,0;35,55;47,37;10,02;14,22;0,39;16,54;36,28;52,17;11,1;25,67;36,66;8,27;66,24;57,52
08090;Gaià;16,78;17,82;5,75;2,06;20662,0;31,97;52,38;9,52;33,33;10,34;37,93;36,25;53,75;8,67;23,33;38,67;10,99;71,05;61,07
08091;Gelida;18,41;14,35;16,99;1,29;20398,0;34,87;48,61;10,23;12,75;0,93;24,23;38,63;49,02;10,81;26,27;37,33;8,23;66,42;60,82
08092;Gironella;17,49;23,99;14,46;1,43;18025,0;29,19;53,07;7,76;17,68;2,94;35,41;33,83;55,73;16,69;20,45;28,82;8,47;67,78;51,64
08094;Granada, La;18,99;15,2;11,88;1,19;20627,0;36,59;48,4;8,89;15,91;3,53;27,91;36,72;51,37;7,56;24,93;36,96;7,14;71,86;63,38
08096;Granollers;16,44;17,49;26,33;1,16;20162,0;36,07;47,08;9,85;12,64;0,69;25,48;35,56;49,01;12,37;25,22;34,05;9,46;64,88;57,41
08097;Gualba;20,51;13,82;11,52;0,8;22146,0;36,33;48,22;10,8;17,31;2,05;26,92;41,95;46,28;7,08;25,58;41,54;6,72;69,88;62,62
08098;Sant Salvador de Guardiola;18,65;15,6;9,98;1,11;20357,0;34,98;49,81;9,24;17,82;1,09;31,34;31,33;57,06;10,72;25,76;33,11;8,45;63,8;58,63
08099;Guardiola de Berguedà;11,89;24,14;14,14;1,28;18486,0;33,91;44,84;11,3;21,23;1,4;27,09;30,37;59,03;12,95;19,25;31,86;11,64;60,98;49,88
08100;Gurb;18,46;17,36;6,14;1,35;30018,0;34,35;55,56;5,27;31,76;9,01;24,85;46,88;45,9;5,15;23,55;47,32;3,66;76,74;62,82
08101;Hospitalet de Llobregat, L';16,07;16,95;40,55;1,12;15975,0;39,47;44,76;8,23;10,21;0,21;15,73;25,6;54,06;18,42;24,98;27,36;8,84;60,03;54,21
08102;Igualada;17,73;18,63;20,64;1,25;19458,0;34,84;47,7;9,7;15,04;0,69;26,58;38,99;49,92;11,66;24,92;34,36;10,23;63,33;55,53
08103;Jorba;15,74;13,78;6,48;0,85;21742,0;37,91;46,21;10,01;20,41;2,52;24,08;42,24;50,6;6,1;23,86;43,0;7,34;69,31;64,85
08104;Llacuna, La;15,71;23,41;16,02;1,43;20013,0;33,29;48,29;10,0;27,11;8,21;29,35;35,71;55,82;9,67;23,89;36,83;10,68;70,45;53,87
08105;Llagosta, La;16,46;18,35;21,84;1,06;16435,0;34,11;49,24;8,95;10,55;0,23;29,27;21,95;58,7;17,83;23,4;20,99;10,61;63,24;56,13
08106;Llinars del Vallès;16,75;16,63;14,3;1,2;21469,0;36,27;46,96;9,84;15,82;0,73;27,16;35,29;52,05;10,16;24,12;36,63;8,71;68,27;61,06
08107;Lliçà d'Amunt;17,25;15,45;7,09;1,06;21050,0;33,75;52,72;8,04;17,57;0,32;29,48;32,51;56,0;10,06;25,65;33,36;7,97;69,34;62,57
08108;Lliçà de Vall;17,18;18,1;8,02;1,15;23946,0;32,59;53,45;7,84;20,53;0,38;29,23;35,14;54,5;10,23;29,96;32,69;7,24;71,31;60,13
08109;Lluçà;17,36;18,64;5,71;0,62;19375,0;34,85;49,79;8,3;32,89;18,12;20,81;35,17;55,86;7,76;22,45;41,22;4,58;82,02;62,96
08110;Malgrat de Mar;15,61;20,09;19,46;1,04;17652,0;34,13;46,42;10,88;16,85;1,84;22,03;30,03;57,07;13,55;24,43;27,05;10,16;56,69;48,77
08111;Malla;18,81;22,03;6,64;1,94;31096,0;34,5;51,53;4,8;37,31;19,4;23,88;46,56;43,51;4,29;24,89;46,78;1,37;86,23;62,93
08112;Manlleu;19,73;16,78;29,43;1,46;16540,0;31,83;53,73;7,5;13,96;2,1;40,2;24,49;56,2;18,2;21,75;22,51;12,65;61,09;55,27
08113;Manresa;17,95;18,28;28,35;1,22;18549,0;34,5;47,73;9,93;12,74;0,74;26,95;34,57;50,75;13,18;23,02;32,17;11,96;60,65;54,11
08114;Martorell;17,97;15,74;24,86;1,15;18233,0;36,2;48,03;9,24;9,08;0,63;28,62;28,18;53,52;16,01;24,53;26,09;9,38;62,01;56,78
08115;Martorelles;17,18;18,7;12,59;1,17;21040,0;33,3;49,99;9,03;14,09;0,05;33,2;33,59;52,8;13,08;23,77;30,27;10,18;66,8;57,39
08116;Masies de Roda, Les;17,23;20,69;9,89;1,36;21099,0;31,6;54,13;7,78;22,16;5,41;32,7;31,62;56,41;8,31;21,94;30,56;4,5;75,21;60,1
08117;Masies de Voltregà, Les;16,78;17,75;8,73;1,36;20730,0;33,37;53,1;6,59;15,56;4,66;40,5;28,2;56,2;11,87;22,75;29,58;6,75;73,04;61,51
08118;Masnou, El;15,8;19,09;17,73;1,1;24910,0;37,07;44,91;10,89;19,08;0,43;14,55;49,58;42,82;8,47;22,39;50,44;7,85;69,53;58,58
08119;Masquefa;17,92;13,74;11,4;1,2;19125,0;35,06;49,42;9,72;11,78;0,61;29,7;25,98;57,44;9,96;28,23;28,47;9,68;66,61;62,42
08120;Matadepera;20,21;16,78;7,64;1,37;37959,0;34,42;51,63;8,81;32,19;0,42;19,27;66,23;31,04;3,39;23,69;59,19;4,08;74,87;61,37
08121;Mataró;17,58;17,08;22,13;1,16;17714,0;36,09;47,19;9,85;13,91;1,3;22,26;33,16;53,32;15,32;22,11;29,62;10,82;64,25;57,33
08122;Mediona;17,99;16,82;13,7;1,14;17694,0;34,4;47,89;10,68;18,88;3,41;27,62;37,0;51,41;12,53;23,59;34,06;12,79;61,89;57,1
08123;Molins de Rei;17,75;16,75;13,02;1,13;23415,0;35,67;48,7;9,16;13,64;0,23;19,43;42,83;47,83;8,59;25,28;43,29;6,34;70,69;61,24
08124;Mollet del Vallès;16,19;17,06;21,62;1,02;18586,0;35,37;48,79;8,91;9,99;0,21;29,03;28,94;55,21;15,83;22,81;27,22;9,72;64,78;57,86
08125;Montcada i Reixac;18,71;14,87;20,78;1,28;17963,0;37,0;48,05;8,58;12,02;0,1;23,25;29,47;56,02;13,86;24,47;29,96;10,62;65,08;60,15
08126;Montgat;17,78;14,9;16,7;1,03;23254,0;37,41;46,69;10,24;17,38;0,2;15,11;43,17;49,32;8,33;25,52;44,39;7,42;69,57;62,74
08127;Monistrol de Montserrat;17,93;16,96;19,89;1,46;17889,0;36,21;44,92;11,01;10,98;0,71;26,25;28,94;57,05;10,33;23,93;29,93;9,01;66,67;58,7
08128;Monistrol de Calders;13,82;21,68;7,07;1,2;18074,0;35,9;44,95;10,71;15,43;1,48;33,53;29,19;57,14;12,22;22,68;28,42;13,83;66,26;55,95
08129;Muntanyola;18,11;15,49;6,86;1,32;25993,0;36,7;47,47;11,11;25,27;4,4;25,27;37,35;55,29;4,96;25,79;46,45;7,65;76,21;65,55
08130;Montclar;19,7;21,5;2,26;0,95;16566,0;28,3;58,49;1,89;44,83;31,03;25,86;33,93;57,14;10,0;21,82;40,0;1,72;71,25;53,21
08131;Montesquiu;18,76;19,89;16,06;1,52;17214,0;31,63;49,36;9,5;12,88;1,09;37,77;24,19;59,53;8,24;28,57;30,99;11,27;63,27;55,04
08132;Montmajor;16,22;25,44;9,55;1,01;18083,0;33,33;52,05;6,15;42,36;32,51;23,65;23,08;67,18;7,6;25,0;30,88;3,52;78,78;56,47
08133;Montmaneu;13,52;26,15;16,48;1,75;19171,0;24,54;57,06;11,66;25,53;9,57;14,89;33,33;56,67;11,05;29,28;34,25;2,17;81,82;51,69
08134;Figaró-Montmany;14,27;19,29;18,37;0,92;19886,0;38,14;42,68;10,49;16,61;0,55;22,51;31,36;50,3;11,48;26,89;37,8;9,24;70,8;59,5
08135;Montmeló;15,41;18,93;13,78;0,99;19375,0;34,61;49,35;9,15;10,1;0,2;30,99;30,02;53,73;15,41;24,5;29,41;8,78;68,34;57,99
08136;Montornès del Vallès;18,74;15,22;17,45;1,18;18227,0;34,6;50,4;8,55;11,07;0,52;33,61;26,41;56,95;14,99;23,54;26,18;10,32;66,44;60,52
08137;Montseny;17,31;18,5;11,11;1,29;26997,0;38,19;45,63;11,33;40,54;4,32;14,05;44,07;49,72;12,46;24,61;43,61;8,96;75,0;63,01
08138;Moià;16,15;17,21;19,17;1,14;19486,0;35,95;47,21;9,77;18,89;2,54;35,03;31,71;52,49;11,24;25,15;33,33;8,81;68,27;60,26
08139;Mura;14,36;20,77;4,27;0,32;24104,0;35,82;44,78;12,94;25,66;2,68;20,54;54,37;34,95;4,35;21,74;51,21;7,87;75,48;61,95
08140;Navarcles;15,62;21,32;11,07;1,17;20284,0;32,07;50,63;8,68;13,59;0,47;34,58;29,84;56,42;13,72;22,49;29,5;6,89;69,67;56,11
08141;Navàs;16,26;20,1;14,18;1,11;19151,0;32,23;51,57;7,56;17,75;2,45;37,96;31,3;55,3;13,72;19,96;31,88;9,8;66,97;56,39
08142;Nou de Berguedà, La;10,67;26,63;11,04;0,9;20526,0;34,23;52,35;8,72;30,99;8,45;18,31;34,78;57,97;6,62;26,49;41,72;6,76;66,35;49,33
08143;Òdena;19,06;16,21;9,4;1,1;18749,0;34,46;48,93;9,34;17,15;1,56;35,43;32,91;56,75;12,97;23,75;29,48;9,52;66,79;60,56
08144;Olvan;14,15;21,9;10,04;1,27;18344,0;32,44;50,7;7,54;25,97;6,49;30,13;25,83;63,61;9,84;21,4;31,73;9,6;65,2;53,31
08145;Olèrdola;18,12;15,18;11,84;1,28;21338,0;35,24;51,19;8,27;18,65;2,79;28,01;33,43;55,31;9,63;25,65;35,55;7,99;68,22;60,78
08146;Olesa de Bonesvalls;16,79;14,29;10,87;0,94;20872,0;35,71;50,52;8,36;18,34;0,4;27,58;30,36;60,82;9,74;26,21;34,34;7,93;67,0;61,4
08147;Olesa de Montserrat;18,14;15,76;14,98;1,11;19206,0;35,67;47,21;10,25;11,82;0,27;30,7;32,49;53,0;12,47;25,28;31,59;8,71;65,92;59,44
08148;Olivella;19,97;11,54;28,55;1,23;20272,0;35,65;50,64;9,74;23,33;0,86;19,11;38,58;52,13;7,7;26,55;43,29;10,0;60,4;57,96
08149;Olost;14,0;23,21;8,06;1,19;22921,0;31,81;52,33;7,2;19,76;7,22;30,41;32,62;54,55;10,79;21,21;34,33;5,54;77,03;57,87
08150;Orís;15,34;14,72;5,97;1,24;23391,0;40,4;49,83;5,39;29,0;8,5;28,0;33,51;55,5;5,26;27,96;43,42;8,21;78,19;68,77
08151;Oristà;14,35;26,19;7,37;1,63;20184,0;30,53;57,17;4,1;24,91;16,98;29,81;28,52;62,11;12,95;22,71;31,87;3,58;80,78;56,02
08152;Orpí;19,77;15,45;5,11;1,26;21115,0;42,86;44,9;4,76;22,67;5,33;24,0;40,58;55,07;6,04;28,86;38,26;8,42;76,32;63,76
08153;Òrrius;18,57;15,04;6,27;1,22;22474,0;37,5;48,48;9,76;26,42;1,48;21,73;50,13;44,83;4,3;26,96;49,33;7,48;75,84;65,92
08154;Pacs del Penedès;17,84;18,37;10,49;1,06;29945,0;32,39;52,52;9,42;24,2;3,7;30,37;45,97;44,16;10,2;23,88;44,15;8,94;70,86;59,42
08155;Palafolls;18,31;13,89;10,84;1,01;17701,0;37,5;45,65;11,11;16,37;2,24;25,05;27,42;59,72;9,87;24,78;26,61;9,03;64,23;59,66
08156;Palau-solità i Plegamans;17,22;17,24;11,33;1,01;22045,0;34,5;50,06;8,85;18,69;0,36;27,13;36,74;52,35;9,13;31,0;36,56;7,37;70,66;60,58
08157;Pallejà;18,33;15,61;10,97;1,12;23263,0;35,66;48,59;9,18;14,75;0,2;23,7;38,83;51,67;10,0;24,86;39,81;6,38;68,75;60,5
08158;Papiol, El;18,01;15,5;14,1;1,16;21981,0;35,9;49,53;8,47;16,84;1,27;22,22;38,54;51,13;8,94;27,18;38,12;6,68;71,93;63,12
08159;Parets del Vallès;17,18;16,2;11,5;0,99;20965,0;34,81;50,13;9,03;12,09;0,22;30,17;34,67;52,16;11,31;24,88;34,31;7,65;70,35;61,56
08160;Perafita;16,3;22,31;11,78;1,59;20868,0;32,13;52,91;5,26;25,13;9,55;32,16;28,8;60,73;9,6;21,6;36,53;7,76;80,75;62,2
08161;Piera;17,88;15,08;14,67;1,28;17511,0;35,53;48,41;9,55;13,24;1,3;31,47;23,88;58,55;11,74;26,97;25,75;11,18;63,48;59,3
08162;Hostalets de Pierola, Els;18,42;12,03;12,38;1,08;19587,0;38,04;45,18;11,36;14,98;1,47;28,96;28,87;55,34;10,49;27,07;31,75;10,09;65,26;63,55
08163;Pineda de Mar;15,68;20,31;24,06;1,13;16664,0;34,55;46,52;11,04;17,07;1,76;21,58;27,66;58,0;15,96;23,69;24,75;12,58;55,01;48,45
08164;Pla del Penedès, El;19,99;15,1;14,73;1,34;18547,0;36,27;47,31;10,2;14,36;7,34;28,06;31,5;51,29;11,71;25,56;31,01;7,88;68,36;62,27
08165;Pobla de Claramunt, La;18,1;17,65;9,74;1,3;19635,0;35,85;48,99;8,64;14,37;0,29;36,54;28,98;58,16;10,72;25,57;30,09;8,26;70,21;59,92
08166;Pobla de Lillet, La;10,6;32,28;12,12;0,88;19336,0;34,07;46,27;6,1;24,39;4,63;28,05;35,53;53,55;18,47;18,77;29,0;8,58;64,7;43,01
08167;Polinyà;20,13;11,35;10,55;0,96;19319,0;35,63;49,14;10,75;12,01;0,28;36,43;25,82;58,59;9,21;27,07;27,78;8,49;70,1;67,12
08168;Pontons;10,29;19,15;19,22;0,55;16054,0;35,63;48,28;11,03;18,66;4,78;28,23;29,35;55,22;9,29;31,53;25,7;16,05;56,98;52,94
08169;Prat de Llobregat, El;16,94;18,72;16,69;1,19;19273,0;35,8;47,8;8,64;9,43;0,26;16,37;29,16;54,56;13,73;24,28;30,35;8,78;67,6;57,49
08170;Prats de Rei, Els;15,55;21,92;6,33;1,27;19817,0;34,71;50,33;6,94;24,48;14,94;32,37;33,77;56,71;17,15;20,71;28,87;6,88;68,05;51,78
08171;Prats de Lluçanès;15,51;22,36;14,79;1,38;19870,0;29,54;53,75;7,24;19,58;5,02;33,33;31,44;55,52;14,09;22,22;29,12;6,83;72,09;56,79
08172;Premià de Mar;16,12;19,56;21,99;1,03;20715,0;35,48;46,78;9,87;14,99;1,85;15,91;40,32;48,06;12,1;23,82;38,88;9,04;66,8;56,72
08174;Puigdàlber;22,42;14,62;12,08;1,47;19010,0;29,05;57,88;7,26;20,3;4,14;27,82;34,82;52,23;7,65;22,74;34,0;8,22;70,63;62,04
08175;Puig-reig;15,22;23,71;16,39;1,32;18840,0;31,75;49,32;8,74;19,3;2,66;34,89;33,98;55,44;17,13;21,77;31,28;8,25;64,18;50,35
08176;Pujalt;14,63;24,59;11,22;0,78;23375,0;31,43;53,14;5,14;45,63;33,98;23,3;36,17;57,45;5,95;32,97;38,92;1,9;83,74;57,69
08178;Rajadell;16,05;17,93;6,35;1,39;26693,0;35,11;50,1;9,86;22,68;4,81;30,24;38,41;54,71;7,93;23,6;41,97;6,99;76,69;64,01
08179;Rellinars;16,94;14,27;7,33;1,18;20693,0;35,29;50,26;10,03;18,53;0,65;24,78;36,45;51,71;5,59;27,19;36,98;8,43;73,2;65,13
08180;Ripollet;18,29;14,71;19,66;1,05;17494,0;35,98;48,72;8,99;11,39;0,16;27,13;28,76;56,38;13,08;23,87;28,24;10,01;65,17;60,4
08181;Roca del Vallès, La;17,5;15,8;8,74;1,12;24245,0;35,37;48,68;10,04;17,8;0,98;26,72;39,52;50,83;9,86;24,7;38,64;7,09;71,56;62,81
08182;Pont de Vilomara i Rocafort, El;18,56;16,24;9,9;1,19;17333,0;33,48;49,28;10,56;11,96;0,33;37,88;23,51;59,17;11,8;24,46;22,92;10,41;67,85;61,05
08183;Roda de Ter;18,96;16,23;20,28;1,53;18682,0;33,49;52,0;7,53;14,77;1,7;39,6;26,77;59,15;13,92;22,55;26,19;7,2;69,69;59,84
08184;Rubí;17,97;15,18;23,51;1,08;18078,0;36,76;47,55;9,69;11,86;0,21;27,11;30,04;54,1;11,48;25,75;31,46;9,85;64,47;59,35
08185;Rubió;13,07;20,53;7,02;1,17;19801,0;39,81;50,49;4,37;38,14;16,1;16,95;43,24;46,85;10,38;24,53;42,45;7,03;78,81;60,95
08187;Sabadell;17,64;17,29;20,87;1,19;19329,0;36,36;46,78;9,71;12,75;0,23;22,75;35,46;51,27;13,54;23,91;32,65;9,97;64,65;57,48
08188;Sagàs;16,73;17,39;3,27;1,58;22189,0;40,94;44,09;9,45;32,88;27,4;21,92;47,06;44,12;4,55;17,42;48,48;3,7;75,73;62,31
08189;Sant Pere Sallavinera;23,28;20,79;9,6;1,65;25529,0;28,35;58,27;7,09;23,19;17,39;34,78;35,94;53,12;8,59;22,66;46,88;0,0;73,0;57,48
08190;Saldes;9,77;28,5;7,64;1,71;25619,0;35,06;50,92;7,01;37,6;6,4;20,8;34,43;56,56;9,39;27,8;37,91;9,03;74,01;52,17
08191;Sallent;15,8;22,49;13,23;1,19;18953,0;33,22;48,2;8,79;12,32;1,37;35,6;30,12;55,42;11,28;23,18;27,84;9,37;64,83;52,28
08192;Santpedor;19,0;18,02;7,64;1,05;22590,0;31,9;51,38;9,78;14,84;0,95;31,86;41,08;48,73;9,93;22,82;38,3;5,67;72,59;60,16
08193;Sant Iscle de Vallalta;18,39;14,21;12,89;1,25;20572,0;35,49;46,64;12,0;19,39;2,42;23,64;38,61;49,27;7,93;25,24;38,22;7,87;67,09;61,43
08194;Sant Adrià de Besòs;18,1;15,76;25,6;1,3;15977,0;39,73;44,5;8,3;12,33;0,12;16,8;26,47;57,42;15,95;27,88;27,21;13,09;60,08;56,18
08195;Sant Agustí de Lluçanès;19,06;20,0;4,72;3,5;21394,0;37,08;48,31;6,74;45,76;23,73;23,73;28,07;63,16;6,74;13,48;42,7;6,67;88,89;67,42
08196;Sant Andreu de la Barca;18,23;15,52;16,62;0,97;19210,0;34,58;49,48;9,19;9,54;0,2;28,94;28,15;56,77;13,98;25,25;28,42;8,22;67,74;60,58
08197;Sant Andreu de Llavaneres;17,19;17,27;18,88;1,09;27284,0;35,07;47,0;11,94;26,38;1,15;14,21;50,84;42,17;7,01;27,37;48,6;6,83;67,01;56,45
08198;Sant Antoni de Vilamajor;18,85;15,25;10,5;1,3;23131,0;34,99;49,32;9,35;19,65;1,36;23,42;41,36;48,92;9,21;26,71;41,31;8,7;69,86;62,27
08199;Sant Bartomeu del Grau;19,53;19,85;18,69;1,62;19297,0;32,75;54,94;5,95;18,13;10,1;30,57;32,79;50,95;12,55;20,18;30,01;9,09;70,8;57,52
08200;Sant Boi de Llobregat;16,66;18,35;17,61;1,09;18712,0;35,22;48,04;9,13;10,54;0,35;20,09;29,94;56,46;13,95;25,12;30,58;8,78;66,63;57,41
08201;Sant Boi de Lluçanès;10,7;30,8;14,17;0,55;21322,0;36,31;40,37;10,95;21,43;5,1;31,63;27,08;61,98;16,22;19,66;29,01;5,14;58,67;41,23
08202;Sant Celoni;17,27;16,82;18,71;1,05;19342,0;35,38;47,87;9,63;13,76;0,91;32,32;32,74;52,8;12,32;23,64;32,3;9,7;65,12;58,44
08203;Sant Cebrià de Vallalta;18,37;13,65;16,78;1,3;21106,0;35,89;47,66;11,74;24,2;1,62;22,29;37,79;53,71;7,29;25,39;39,88;8,71;65,82;60,51
08204;Sant Climent de Llobregat;19,51;13,43;7,07;1,14;22030,0;35,47;51,17;8,72;15,18;1,22;19,78;38,56;52,51;9,31;25,98;40,18;6,51;73,66;65,84
08205;Sant Cugat del Vallès;21,11;14,16;22,0;1,3;34785,0;37,75;48,62;8,79;20,19;0,17;13,08;64,9;29,81;5,06;19,45;63,43;4,97;69,8;60,16
08206;Sant Cugat Sesgarrigues;19,56;17,61;10,32;1,59;20411,0;30,95;56,07;5,1;20,89;4,64;30,38;38,74;47,3;11,66;24,36;37,06;4,84;73,61;61,21
08207;Sant Esteve de Palautordera;19,57;14,16;11,97;1,25;23802,0;39,72;45,37;9,86;25,8;1,11;21,14;49,45;44,32;6,13;23,74;51,44;6,32;70,81;62,96
08208;Sant Esteve Sesrovires;17,08;15,58;12,91;1,18;25172,0;35,99;49,09;8,78;14,89;0,59;27,66;41,28;48,09;10,66;25,22;41,09;5,88;69,86;61,13
08209;Sant Fost de Campsentelles;16,56;19,37;9,26;1,16;23350,0;33,28;51,56;7,37;21,29;0,24;24,84;37,57;53,77;12,57;25,93;35,61;7,61;68,76;58,16
08210;Sant Feliu de Codines;16,86;14,66;17,92;1,0;19852,0;37,9;44,99;10,99;16,64;0,89;28,04;35,74;49,98;9,81;25,01;36,55;8,75;67,56;62,92
08211;Sant Feliu de Llobregat;16,8;18,59;16,36;1,08;22240,0;35,12;49,45;8,47;12,03;0,27;19,67;40,86;48,65;11,86;23,77;37,76;6,82;69,52;58,33
08212;Sant Feliu Sasserra;14,86;26,31;9,78;0,8;20169,0;30,51;55,37;4,9;26,69;8,54;39,15;34,93;52,57;14,96;16,79;32,48;7,72;75,55;54,78
08213;Sant Fruitós de Bages;18,92;15,62;10,4;1,17;23328,0;33,3;49,96;10,42;17,99;0,85;30,9;34,34;52,96;9,61;24,8;34,36;6,43;71,15;62,29
08214;Vilassar de Dalt;16,66;19,03;12,27;1,06;25300,0;35,74;48,63;9,13;22,47;1,15;19,11;46,92;44,31;10,01;23,42;43,35;6,96;68,81;57,54
08215;Sant Hipòlit de Voltregà;16,91;16,72;15,62;1,1;20194,0;36,49;47,3;8,27;15,82;4,0;41,39;28,56;55,71;12,3;22,28;29,96;6,76;72,39;61,46
08217;Sant Joan Despí;17,44;17,08;18,07;1,15;23328,0;35,31;49,81;8,5;12,38;0,16;18,5;42,33;47,61;11,24;22,76;41,98;6,63;69,55;60,33
08218;Sant Joan de Vilatorrada;17,23;18,71;12,51;1,08;18979,0;32,31;51,34;8,89;12,98;0,75;36,34;27,73;58,77;15,42;23,97;27,24;8,28;67,68;57,65
08219;Vilassar de Mar;16,87;19,9;13,58;1,08;26152,0;34,74;47,35;10,63;19,51;1,16;14,15;52,02;41,69;7,8;23,73;49,31;6,46;71,17;57,85
08220;Sant Julià de Vilatorta;17,53;17,39;7,82;1,05;26833,0;34,09;53,0;6,95;21,78;1,82;28,16;45,7;46,27;8,14;23,47;44,86;4,14;76,27;63,07
08221;Sant Just Desvern;21,63;16,32;19,5;1,48;35405,0;35,26;49,86;8,91;20,7;0,18;14,98;61,01;34,07;7,07;19,18;61,52;4,88;72,03;60,64
08222;Sant Llorenç d'Hortons;18,37;15,14;10,03;1,33;21285,0;36,75;49,2;7,82;15,21;3,5;25,96;37,47;51,05;10,36;26,79;38,09;7,48;71,45;62,99
08223;Sant Llorenç Savall;16,14;20,56;10,65;1,22;18633,0;33,89;47,3;10,86;17,89;0,63;27,19;29,84;56,72;9,48;27,37;27,95;8,56;68,48;55,72
08224;Sant Martí de Centelles;16,42;14,26;17,84;0,99;18428,0;41,72;40,85;12,29;16,18;3,41;28,28;29,13;54,17;8,23;26,43;33,09;9,84;68,13;62,83
08225;Sant Martí d'Albars;20,0;24,3;0,74;2,5;21574,0;30,09;54,87;8,85;28,07;22,81;24,56;35,71;58,93;9,73;18,58;46,02;4,35;88,0;61,06
08226;Sant Martí de Tous;20,27;16,74;4,96;1,23;20890,0;33,75;52,76;7,76;20,54;3,57;23,77;47,07;46,52;7,92;21,32;45,19;6,4;71,01;61,58
08227;Sant Martí Sarroca;17,41;17,55;13,72;1,24;18461,0;34,41;48,68;9,83;21,61;8,0;28,48;29,29;58,04;12,37;23,71;30,36;7,81;68,25;59,64
08228;Sant Martí Sesgueioles;12,18;19,6;4,82;1,2;19264,0;35,35;50,32;6,05;23,4;6,38;36,17;33,7;54,35;5,57;29,41;31,27;4,04;78,84;61,88
08229;Sant Mateu de Bages;14,88;27,59;7,03;1,87;22988,0;34,37;47,71;7,13;35,82;16,42;23,88;32,56;57,36;6,74;19,33;36,35;6,42;75,68;52,76
08230;Premià de Dalt;18,04;18,13;14,85;1,13;27371,0;34,5;50,55;9,11;23,43;1,86;15,93;48,91;42,16;9,51;22,64;46,41;7,36;70,08;58,59
08231;Sant Pere de Ribes;17,86;15,32;23,91;1,13;20029,0;37,06;46,64;10,16;18,03;0,85;18,23;35,37;53,48;11,55;22,81;36,29;10,08;62,38;57,48
08232;Sant Pere de Riudebitlles;17,05;19,36;11,15;1,05;19678,0;34,71;47,46;9,6;16,76;3,06;38,98;32,15;54,07;14,37;21,79;28,04;8,05;67,57;57,92
08233;Sant Pere de Torelló;17,36;20,11;13,08;1,35;19778,0;33,79;50,57;7,68;18,11;2,74;48,26;30,59;54,72;12,13;23,46;31,48;8,11;71,85;58,5
08234;Sant Pere de Vilamajor;17,53;13,94;11,09;1,12;21553,0;35,68;50,1;8,62;21,08;1,01;25,33;40,44;50,91;7,33;27,26;42,7;8,09;68,34;63,95
08235;Sant Pol de Mar;15,73;20,15;19,21;1,01;25459,0;35,94;46,32;11,01;24,27;0,89;15,73;54,48;39,51;7,47;25,07;49,16;7,36;65,0;53,17
08236;Sant Quintí de Mediona;18,59;15,93;20,93;1,4;16268,0;35,97;46,52;9,79;14,02;3,96;37,8;28,91;55,43;16,2;22,71;25,51;11,76;61,12;57,59
08237;Sant Quirze de Besora;15,07;23,33;13,87;0,97;20790,0;33,78;49,86;6,88;16,51;4,0;41,01;28,92;55,2;15,27;23,47;28,35;8,28;69,43;55,01
08238;Sant Quirze del Vallès;19,02;16,35;9,87;1,01;29394,0;33,9;51,5;9,18;19,77;0,16;19,03;53,51;40,72;6,18;24,76;50,55;6,12;71,55;61,05
08239;Sant Quirze Safaja;15,75;13,1;11,45;1,01;29220,0;37,68;50,0;8,75;29,23;1,72;24,64;47,13;42,3;5,15;23,54;48,45;6,93;73,01;65,1
08240;Sant Sadurní d'Anoia;17,77;17,05;13,35;1,09;22066,0;33,77;50,88;8,38;13,31;3,87;32,15;33,96;52,42;12,07;26,15;33,3;7,48;69,39;59,7
08242;Marganell;11,77;17,43;11,25;0,95;19341,0;43,65;37,3;12,7;32,82;2,31;23,08;36,67;53,33;7,27;28,0;38,91;18,9;60,45;59,85
08243;Santa Cecília de Voltregà;19,8;18,27;2,03;1,7;27090,0;26,28;60,26;6,41;43,88;21,43;24,49;39,13;57,61;8,18;25,16;40,88;1,89;88,89;67,09
08244;Santa Coloma de Cervelló;18,59;14,0;8,37;0,88;23110,0;35,28;49,85;8,78;14,28;0,43;19,95;42,14;49,87;8,12;25,6;43,21;5,29;71,16;63,1
08245;Santa Coloma de Gramenet;17,3;17,56;32,13;1,2;14876,0;36,01;48,18;7,97;11,51;0,19;20,05;22,25;59,33;19,69;24,81;21,69;11,3;59,88;54,24
08246;Santa Eugènia de Berga;16,38;19,0;13,79;1,31;20003,0;33,02;51,88;7,21;17,19;4,01;37,17;29,68;57,51;13,66;24,01;28,58;6,47;74,5;61,16
08247;Santa Eulàlia de Riuprimer;20,37;14,76;8,64;1,46;21771,0;37,16;48,9;7,77;20,03;4,28;28,31;40,96;49,71;10,34;23,22;40,36;6,01;74,28;66,47
08248;Santa Eulàlia de Ronçana;18,72;16,31;8,66;1,26;20737,0;34,7;49,75;9,21;18,75;0,92;29,2;35,6;53,16;10,42;25,94;35,99;7,71;70,52;61,81
08249;Santa Fe del Penedès;18,2;15,69;9,81;1,42;21250,0;34,01;53,2;8,08;18,58;5,46;30,05;43,02;49,42;8,09;25,57;40,13;7,92;75,0;66,45
08250;Santa Margarida de Montbui;20,16;16,76;17,51;1,46;14756,0;32,58;50,49;8,73;11,5;0,95;37,73;21,1;61,92;17,13;18,96;17,98;14,42;59,19;55,53
08251;Santa Margarida i els Monjos;20,17;14,89;17,95;1,07;16946,0;33,65;50,8;9,5;11,44;2,57;37,57;24,75;58,28;13,32;22,81;25,48;9,75;63,86;58,55
08252;Barberà del Vallès;17,58;17,26;14,55;1,08;19577,0;33,77;50,78;8,76;12,5;0,09;25,35;32,83;55,18;10,59;25,66;34,47;8,29;68,74;60,04
08253;Santa Maria de Besora;13,17;25,24;5,49;1,81;18787,0;37,86;43,57;10,0;28,36;10,45;20,9;43,1;46,55;5,56;26,39;31,25;5,41;70,71;51,39
08254;Esquirol, L';15,2;22,27;9,94;1,15;20760,0;36,66;47,28;7,82;26,74;8,12;24,74;40,81;47,77;10,3;22,0;37,72;6,76;71,92;56,43
08255;Santa Maria de Merlès;22,91;14,08;1,12;1,4;23933,0;44,2;42,03;9,42;37,21;25,58;16,28;42,31;51,28;7,64;25,69;38,19;9,8;77,31;73,91
08256;Santa Maria de Martorelles;17,39;16,61;4,84;0,73;22828,0;39,78;46,5;6,45;21,41;0,23;27,11;43,47;47,98;8,56;24,6;42,78;7,16;75,38;64,54
08257;Santa Maria de Miralles;14,03;23,61;12,5;2,52;22514,0;34,78;48,7;9,57;35,0;3,33;35,0;37,29;59,32;10,57;26,83;33,33;10,61;65,56;54,55
08258;Santa Maria d'Oló;16,47;23,22;9,82;1,24;18756,0;33,92;50,22;8,81;17,33;5,85;37,37;35,34;49,78;13,82;17,22;34,01;5,84;69,96;53,85
08259;Santa Maria de Palautordera;17,57;16,84;13,35;1,09;20863,0;35,7;48,54;9,3;18,21;0,83;29,32;37,01;51,64;10,63;24,15;37,68;9,07;67,47;59,07
08260;Santa Perpètua de Mogoda;18,1;15,39;15,32;1,04;19275,0;35,07;49,91;8,96;13,11;0,4;26,67;30,0;55,96;12,78;25,31;29,91;9,03;66,3;59,93
08261;Santa Susanna;18,63;15,11;22,99;1,02;19935,0;34,85;48,25;10,8;26,66;1,48;17,49;36,65;55,48;9,5;26,59;33,77;8,26;61,38;55,59
08262;Sant Vicenç de Castellet;17,71;17,85;19,66;1,12;16837,0;33,31;48,15;10,5;11,88;0,57;34,39;27,74;55,42;16,36;22,56;25,73;11,47;62,84;55,61
08263;Sant Vicenç dels Horts;17,25;16,47;15,08;1,23;18453,0;34,77;49,45;8,64;12,47;0,34;26,61;28,07;57,15;13,9;25,16;28,15;9,65;65,76;58,35
08264;Sant Vicenç de Montalt;17,04;17,24;18,41;1,06;32846,0;33,93;49,09;10,69;30,93;0,27;15,25;56,36;38,46;6,66;25,85;52,74;6,6;65,19;56,29
08265;Sant Vicenç de Torelló;17,5;17,21;7,88;1,01;22141,0;33,58;50,63;8,18;16,0;1,96;40,63;37,38;51,09;10,58;24,19;36,67;7,0;73,7;63,28
08266;Cerdanyola del Vallès;15,32;19,5;17,09;0,97;22963,0;36,83;47,67;8,76;14,11;0,1;18,8;43,23;47,17;10,46;23,25;40,82;7,25;67,7;56,3
08267;Sentmenat;19,32;14,64;9,96;1,25;20035,0;35,37;49,98;9,35;15,63;0,63;34,04;32,26;54,88;9,36;27,89;34,75;6,82;72,11;63,17
08268;Cercs;13,24;24,9;8,66;1,03;19311,0;31,24;47,54;9,84;13,98;1,48;32,63;28,26;56,95;14,91;23,58;28,02;11,85;63,05;51,33
08269;Seva;16,53;16,65;8,93;1,14;24084,0;35,74;48,86;9,06;20,94;2,28;30,29;39,65;49,69;8,03;26,8;38,25;6,29;72,91;62,28
08270;Sitges;15,49;17,77;34,96;1,07;29550,0;38,51;44,16;10,93;26,57;0,3;10,5;51,51;42,25;7,61;26,99;51,88;7,25;60,74;51,51
08272;Sora;19,91;19,56;7,11;1,11;19400,0;37,14;47,43;9,71;37,86;18,45;21,36;30,93;60,82;10,99;26,92;40,66;4,35;80,29;63,19
08273;Subirats;16,04;18,92;8,64;1,1;20475,0;36,88;49,12;7,34;21,45;5,11;26,43;33,85;57,0;11,15;24,73;37,55;6,82;71,98;58,9
08274;Súria;16,15;21,06;12,78;1,39;20130,0;30,47;51,06;8,2;12,19;2,46;36,26;28,7;56,95;13,9;22,75;28,4;9,67;61,87;50,97
08275;Tavèrnoles;19,55;20,51;5,93;1,92;28446,0;33,09;49,64;9,71;27,91;4,65;19,19;48,8;45,78;3,81;24,91;47,75;1,69;80,65;63,12
08276;Tagamanent;15,32;13,56;14,59;1,18;23100,0;35,71;50,38;10,53;21,21;0,61;22,42;40,88;49,06;7,56;26,8;44,33;8,7;71,19;63,67
08277;Talamanca;15,31;20,77;6,7;1,09;21707,0;36,81;41,76;14,84;21,51;0,0;11,83;51,14;43,18;5,88;25,67;43,85;10,89;67,16;54,3
08278;Taradell;17,81;18,57;11,74;1,12;22493,0;32,89;51,49;8,65;20,91;2,14;31,24;37,31;51,91;9,76;24,17;35,56;6,36;73,74;60,85
08279;Terrassa;18,09;16,04;21,27;1,17;18906,0;35,94;47,2;10,24;11,8;0,21;25,34;35,51;51,75;12,98;23,28;32,99;10,54;64,26;59,07
08280;Tavertet;5,94;28,44;10,16;0,61;25190,0;37,5;48,33;8,33;32,84;4,48;14,93;55,56;34,92;4,88;19,51;56,1;5,26;88,89;61,79
08281;Teià;18,14;19,04;13,9;1,42;31656,0;35,4;49,5;8,43;27,11;0,64;13,91;59,75;35,47;6,23;24,53;50,75;5,59;70,61;57,8
08282;Tiana;19,13;16,27;9,0;1,31;31894,0;35,42;50,9;8,72;24,67;0,59;14,59;57,97;37,79;5,35;25,59;55,94;4,75;75,81;63,21
08283;Tona;17,24;17,45;14,6;1,09;21328,0;34,88;49,89;8,7;17,12;1,45;33,36;30,28;56,67;11,47;25,92;30,72;6,4;72,75;61,44
08284;Tordera;18,23;16,2;16,15;1,16;16491,0;35,64;47,02;10,39;15,73;2,05;25,91;24,92;57,58;12,67;24,09;23,19;12,44;59,62;55,34
08285;Torelló;17,34;18,26;20,72;1,19;19756,0;32,58;52,39;7,66;12,97;1,17;47,57;29,3;53,17;14,06;22,48;28,76;9,21;67,23;58,32
08286;Torre de Claramunt, La;16,92;15,96;7,78;1,18;18282,0;35,48;49,35;9,49;15,61;0,7;38,73;27,66;59,24;10,66;24,46;26,69;12,14;63,1;58,37
08287;Torrelavit;18,13;16,94;13,08;1,27;22208,0;32,83;51,62;8,48;17,17;5,15;34,05;33,13;53,5;10,13;24,21;35,21;5,48;68,44;59,84
08288;Torrelles de Foix;17,96;15,48;21,63;1,54;14862,0;35,32;48,48;9,79;17,38;6,6;34,35;21,46;59,18;12,81;24,04;23,82;17,21;52,06;52,41
08289;Torrelles de Llobregat;18,86;12,89;8,83;1,04;23983,0;37,69;47,42;9,68;16,26;0,47;18,88;44,66;47,92;6,3;24,94;47,31;5,72;73,52;66,28
08290;Ullastrell;21,33;12,06;5,94;1,37;22230,0;35,86;51,29;8,38;19,23;0,83;23,55;43,51;49,9;5,26;26,69;44,32;5,39;74,42;67,52
08291;Vacarisses;20,24;10,95;9,25;1,23;20709,0;37,37;48,48;9,35;15,94;0,16;27,15;37,26;53,96;5,86;28,26;36,69;7,79;68,55;66,2
08292;Vallbona d'Anoia;17,0;18,48;12,54;1,47;19193,0;35,0;50,04;7,87;11,44;0,83;33,5;28,8;56,72;11,29;25,39;31,41;10,67;64,42;56,44
08293;Vallcebre;7,54;29,23;4,23;0,61;24358,0;33,6;51,6;6,8;37,01;5,51;21,26;35,77;54,47;16,21;23,72;34,78;5,97;79,75;53,17
08294;Vallgorguina;19,33;11,15;13,26;1,21;20706,0;36,87;47,25;11,28;21,25;0,97;25,67;42,52;48,68;5,5;27,59;43,88;9,47;66,47;65,78
08295;Vallirana;17,94;16,26;12,57;1,14;20734,0;34,69;50,46;8,9;16,44;0,16;24,4;34,01;55,43;9,67;30,53;33,75;7,79;68,42;60,93
08296;Vallromanes;18,92;13,8;12,44;1,24;30446,0;36,01;50,45;9,46;24,85;0,37;18,99;51,41;41,63;3,78;25,03;52,9;5,17;72,36;64,15
08297;Veciana;21,76;24,94;6,47;1,21;16811,0;32,59;51,11;10,37;39,44;22,54;16,9;35,38;56,92;13,48;33,33;32,62;2,67;76,84;53,96
08298;Vic;19,16;14,54;36,09;1,33;18942,0;36,78;49,33;7,82;12,78;1,76;35,85;30,7;49,21;14,7;22,2;31,17;8,62;64,17;59,18
08299;Vilada;12,14;32,19;3,95;1,64;18984,0;33,93;49,61;7,71;30,54;2,99;23,35;39,24;53,16;8,14;19,85;39,69;7,88;82,74;51,79
08300;Viladecavalls;17,94;16,21;5,71;1,09;24278,0;31,7;54,0;8,62;17,89;0,19;25,33;43,67;48,5;7,96;26,13;39,2;7,55;72,83;62,94
08301;Viladecans;17,6;16,23;14,98;1,05;19461,0;34,44;50,1;8,97;11,41;0,51;19,6;31,12;55,87;12,4;25,39;32,3;8,34;68,54;60,6
08302;Vilanova del Camí;18,79;16,3;12,67;1,16;16013,0;33,07;50,25;10,03;11,38;0,33;37,52;22,8;61,64;15,47;21,17;19,71;12,56;64,09;58,9
08303;Vilanova de Sau;11,45;25,72;8,92;0,64;21308,0;31,87;44,32;13,92;26,53;2,72;22,45;35,21;54,93;6,29;20,63;44,06;8,86;71,64;56,03
08304;Vilobí del Penedès;20,31;19,84;7,52;1,3;21257,0;33,4;53,06;6,77;24,8;7,74;25,99;40,04;50,83;14,91;23,71;36,85;5,88;72,11;57,44
08305;Vilafranca del Penedès;18,61;17,01;22,73;1,26;19105,0;34,91;48,16;9,66;12,86;2,11;25,63;34,66;51,04;14,78;22,38;32,84;9,01;64,28;57,32
08306;Vilalba Sasserra;17,77;14,99;15,32;1,02;17180,0;38,92;45,41;9,81;15,26;0,82;29,97;24,09;58,82;9,05;25,79;32,43;9,86;68,81;63,51
08307;Vilanova i la Geltrú;15,9;18,82;19,71;1,08;20970,0;35,92;45,97;10,7;14,16;0,88;17,44;39,22;50,69;11,97;23,47;37,46;10,49;63,51;55,43
08308;Viver i Serrateix;22,36;21,01;5,06;1,17;26670,0;32,39;52,11;5,63;42,86;23,81;20,24;32,43;55,41;11,81;28,47;43,06;4,76;80,0;58,74
08901;Rupit i Pruit;10,11;30,83;11,55;0,9;22937,0;29,96;53,85;6,07;48,91;10,22;14,6;31,3;61,07;12,06;21,79;41,63;4,86;87,26;56,25
08902;Vilanova del Vallès;19,91;12,86;8,16;0,97;24626,0;34,65;51,57;8,98;21,87;0,49;24,97;39,5;52,26;6,88;27,22;41,3;6,46;72,33;66,59
08903;Sant Julià de Cerdanyola;12,74;22,74;0,43;1,29;23994,0;31,73;53,37;7,69;21,93;0,88;16,67;45,95;45,95;7,62;24,76;49,05;5,0;76,0;57,69
08904;Badia del Vallès;16,22;19,84;11,62;1,13;14684,0;36,14;44,78;10,21;6,71;0,12;28,24;17,43;62,79;15,81;21,55;17,01;15,23;59,68;53,31
08905;Palma de Cervelló, La;15,53;18,31;11,9;0,9;24272,0;36,08;48,31;9,43;16,58;0,61;17,6;44,18;48,44;7,78;26,2;45,17;5,76;72,74;60,24
09003;Adrada de Haza;6,16;27,17;13,13;0,8;16191,0;39,67;43,48;5,98;30,38;13,92;27,85;27,03;60,81;23,83;23,32;26,42;15,15;66,67;51,83
09006;Aguas Cándidas;6,89;39,34;1,64;0,0;20239,0;36,36;43,64;5,45;23,53;11,76;41,18;0,0;80,0;21,43;23,21;16,07;20,0;50,0;36,36
09007;Aguilar de Bureba;2,61;22,17;4,35;0,0;20239,0;51,02;36,73;2,04;23,08;11,54;30,77;24,0;60,0;20,0;22,0;36,0;8,33;62,86;48,98
09009;Albillos;19,09;12,27;3,64;0,91;22670,0;38,2;49,44;8,43;15,18;5,36;33,04;29,13;55,34;6,11;25,56;44,44;6,61;71,07;67,6
09011;Alfoz de Bricia;2,32;29,86;0,0;0,78;16988,0;43,28;46,27;4,48;38,46;26,92;26,92;34,78;52,17;7,35;16,18;38,24;9,38;64,44;47,06
09012;Alfoz de Santa Gadea;6,08;26,08;1,96;0,0;16141,0;28,72;53,19;8,51;52,17;36,96;28,26;17,78;77,78;10,53;24,21;25,26;11,32;71,21;55,79
09014;Altos, Los;1,77;32,6;2,21;0,0;19111,0;38,67;47,51;4,42;36,05;26,74;24,42;23,94;69,01;8,15;23,37;35,87;12,77;73,21;51,09
09016;Ameyugo;16,82;18,69;6,54;1,31;18880,0;40,45;41,57;8,99;20,41;2,04;36,73;27,08;62,5;11,96;19,57;36,96;3,92;70,0;56,67
09017;Anguix;15,67;24,33;47,95;1,47;14425,0;31,67;58,33;3,33;45,1;43,14;25,49;12,24;69,39;36,43;9,29;16,43;0,0;49,52;37,41
09018;Aranda de Duero;16,51;20,95;18,89;1,19;17777,0;35,62;50,07;6,37;16,39;4,72;33,54;28,19;57,47;19,43;20,2;30,54;9,76;66,1;54,59
09019;Arandilla;7,52;36,43;13,38;0,37;19075,0;41,84;44,68;4,96;26,15;15,38;44,62;15,25;69,49;20,0;22,07;18,62;1,56;75,9;44,14
09020;Arauzo de Miel;8,14;31,78;8,53;0,8;16103,0;41,63;43,67;3,67;37,5;19,17;35,0;21,05;60,53;22,44;17,72;24,41;9,23;77,12;51,59
09022;Arauzo de Torre;4,64;43,57;10,71;0,0;21516,0;39,66;39,66;5,17;42,86;23,81;28,57;12,5;75,0;27,12;16,95;22,03;4,76;76,92;36,21
09023;Arcos;27,76;6,75;5,28;1,42;19092,0;32,84;58,02;6,09;13,59;1,17;33,23;26,97;58,77;5,95;26,07;43,48;4,5;75,28;73,77
09024;Arenillas de Riopisuerga;9,87;35,77;3,85;1,4;17964,0;36,81;49,31;4,86;34,33;20,9;35,82;22,81;66,67;15,33;12,0;27,33;10,67;83,75;51,02
09025;Arija;11,3;32,35;9,57;1,0;18160,0;34,65;46,53;7,92;30,3;6,06;45,45;18,18;66,67;12,26;18,87;27,36;14,29;57,14;40,0
09026;Arlanzón;8,07;30,91;6,99;0,61;23756,0;29,15;55,28;6,03;25,56;6,11;31,11;32,75;54,97;14,85;19,55;32,67;7,37;71,54;47,15
09029;Atapuerca;5,75;28,4;7,18;0,93;22411,0;38,24;42,35;7,06;28,09;4,49;23,6;20,48;67,47;11,49;24,14;37,93;9,47;74,14;54,91
09030;Ausines, Los;9,09;37,2;4,2;0,78;20890,0;33,99;50,98;5,23;19,72;14,08;23,94;22,39;65,67;12,9;18,06;30,32;8,64;98,67;52,6
09032;Avellanosa de Muñó;1,26;35,58;2,11;0,0;21925,0;32,29;46,88;2,08;27,45;29,41;7,84;23,08;53,85;18,56;26,8;24,74;7,84;81,03;53,12
09033;Bahabón de Esgueva;2,47;29,14;8,64;0,7;21925,0;40,0;45,0;6,25;34,88;25,58;27,91;27,78;61,11;21,95;24,39;34,15;6,52;81,13;56,1
09034;Balbases, Los;6,29;39,47;9,27;1,84;19879,0;32,62;52,48;6,03;31,65;11,59;21,74;26,19;65,87;31,14;18,69;23,88;8,51;82,69;48,79
09035;Baños de Valdearados;12,24;28,88;13,35;0,91;15159,0;45,36;40,36;3,21;29,75;25,62;38,84;20,18;66,67;24,31;17,36;19,79;7,75;68,59;49,65
09037;Barbadillo de Herreros;1,54;40,96;5,77;0,0;21766,0;32,67;52,48;6,93;25,58;11,63;44,19;28,57;47,62;17,48;19,42;29,13;6,38;75,86;45,63
09038;Barbadillo del Mercado;4,66;38,35;20,3;0,82;22734,0;33,33;53,66;4,07;39,66;15,52;27,59;16,0;80,0;29,46;22,48;19,38;9,84;79,71;47,29
09039;Barbadillo del Pez;4,0;35,38;9,23;0,0;21516,0;31,75;50,79;6,35;50,0;11,76;26,47;26,47;64,71;23,44;26,56;28,12;5,26;100,0;59,38
09043;Barrios de Bureba, Los;2,91;34,19;3,35;0,33;20661,0;36,57;44,57;7,43;33,72;20,93;26,74;29,11;60,76;18,29;21,14;31,43;5,88;74,77;48,57
09044;Barrios de Colina;2,91;38,55;10,91;0,0;21025,0;27,78;53,7;11,11;46,67;16,67;36,67;14,81;81,48;9,26;20,37;25,93;9,38;96,67;59,26
09045;Basconcillos del Tozo;4,44;33,09;3,27;1,25;18638,0;37,13;47,79;5,15;37,68;30,43;26,81;24,56;64,04;20,85;15,9;31,45;6,99;85,81;50,53
09047;Belbimbre;6,04;24,91;7,55;0,0;20893,0;39,22;35,29;11,76;38,71;32,26;16,13;15,38;73,08;21,57;25,49;29,41;3,12;83,78;62,75
09048;Belorado;12,94;25,23;19,23;1,21;16758,0;35,28;49,84;4,29;24,4;8,13;26,53;23,5;65,03;18,8;23,89;23,35;7,46;66,81;50,28
09050;Berberana;5,0;20,0;7,69;2,33;16988,0;31,91;51,06;2,13;41,67;25,0;29,17;4,55;81,82;22,92;39,58;20,83;6,9;71,05;61,7
09051;Berlangas de Roa;12,12;31,63;12,81;1,4;19669,0;35,2;48,6;4,47;17,65;10,29;35,29;31,25;54,69;6,99;12,9;34,95;8,05;70,18;47,8
09054;Bozoó;7,33;33,86;4,95;1,91;19338,0;28,72;48,94;11,7;37,78;15,56;26,67;11,36;77,27;26,32;24,21;21,05;6,12;80,7;51,58
09055;Brazacorta;6,05;46,51;2,33;0,0;19375,0;30,77;48,72;2,56;44,44;33,33;38,89;21,43;64,29;17,95;12,82;23,08;5,88;84,21;43,59
09056;Briviesca;14,76;18,56;22,9;0,97;16361,0;36,49;49,18;6,42;18,84;3,78;37,75;19,92;63,86;18,38;24,4;24,46;13,04;60,29;54,53
09057;Bugedo;14,85;25,26;2,06;0,82;20484,0;34,97;52,76;9,2;27,96;3,23;26,88;24,44;70,0;8,28;34,91;40,24;5,38;74,58;55,36
09058;Buniel;20,51;10,13;13,1;0,96;18236,0;37,71;50,83;8,54;14,2;2,07;33,73;21,36;63,47;9,38;23,75;41,92;4,55;74,5;71,4
09059;Burgos;15,65;22,19;14,68;1,13;20512,0;37,08;48,44;6,59;12,27;0,55;26,2;36,37;50,02;14,45;20,37;42,41;8,21;67,21;53,88
09060;Busto de Bureba;5,14;31,0;5,0;0,41;19466,0;40,15;43,07;2,92;43,66;12,68;43,66;31,25;62,5;27,01;24,09;30,66;7,79;81,61;56,2
09061;Cabañes de Esgueva;1,39;40,14;7,64;0,0;20644,0;37,06;44,06;4,2;35,9;23,08;29,49;24,29;64,29;20,41;17,01;24,49;5,0;98,7;54,42
09063;Cavia;11,43;19,92;7,54;1,71;25118,0;33,91;55,22;6,09;33,1;15,17;28,97;22,63;63,5;13,98;25,85;30,08;5,81;85,38;66,24
09064;Caleruega;8,33;29,02;26,53;1,11;20535,0;33,65;48,25;6,03;27,33;12,42;30,43;30,97;58,71;22,68;23,5;27,87;8,88;65,25;46,56
09065;Campillo de Aranda;13,1;25,75;18,97;1,22;22226,0;32,64;52,78;5,56;25,0;10,53;35,53;29,17;58,33;23,38;27,27;32,47;2,41;74,31;53,9
09066;Campolara;2,17;44,78;0,0;3,5;21516,0;31,91;57,45;4,26;42,86;14,29;23,81;14,29;71,43;23,4;19,15;27,66;10,0;81,82;42,55
09067;Canicosa de la Sierra;9,51;33,85;8,05;1,23;17338,0;35,51;44,91;6,53;26,06;3,03;29,7;23,31;60,74;24,05;20,0;23,29;10,16;74,01;47,95
09072;Carcedo de Burgos;16,19;17,12;12,06;0,69;22877,0;33,41;54,72;8,47;21,29;2,41;28,92;39,08;53,36;7,78;24,29;48,35;3,79;74,27;63,16
09073;Cardeñadijo;21,29;9,32;9,47;1,2;19278,0;38,19;53,03;6,5;16,32;0,53;35,66;32,38;57,51;7,0;24,3;45,57;6,54;72,16;70,13
09074;Cardeñajimeno;18,68;13,0;9,61;1,29;23305,0;37,87;51,79;6,14;19,36;1,92;27,52;42,0;47,0;8,17;22,91;47,61;5,84;71,93;64,24
09075;Cardeñuela Riopico;11,13;26,79;6,6;0,47;22929,0;35,71;48,98;7,14;35,29;5,88;29,41;21,28;70,21;9,0;27,0;32,0;11,54;74,19;53,06
09084;Castrillo de la Reina;5,16;43,52;6,29;0,88;19361,0;47,62;38,1;6,12;20,97;4,84;50,0;18,33;68,33;30,26;16,45;15,79;5,97;82,89;44,67
09085;Castrillo de la Vega;17,29;20,19;16,27;1,32;16870,0;39,61;44,08;6,99;22,35;12,12;37,5;17,89;67,07;24,16;23,98;25,46;11,44;67,58;57,84
09086;Castrillo del Val;14,98;18,62;7,93;1,74;24438,0;38,04;51,87;4,76;21,48;1,85;21,71;32,38;57,86;8,91;25,77;46,1;5,45;72,22;61,8
09088;Castrillo de Riopisuerga;1,79;42,14;0,0;0,0;20893,0;33,33;50,88;0,0;21,74;4,35;52,17;19,05;71,43;21,05;22,81;19,3;0,0;82,76;42,11
09091;Castrojeriz;7,55;34,04;11,62;0,91;18610,0;36,0;50,71;4,43;43,37;20,39;30,1;23,72;63,87;23,1;18,07;28,8;6,0;74,6;47,68
09093;Cayuela;16,54;25,84;3,78;1,4;20659,0;28,03;54,14;13,38;28,57;15,38;27,47;27,38;60,71;12,5;22,5;32,5;4,17;87,62;60,76
09094;Cebrecos;5,0;31,33;0,0;0,0;21925,0;51,85;37,04;1,85;27,59;24,14;17,24;37,04;55,56;21,82;16,36;45,45;9,38;78,38;58,18
09095;Celada del Camino;9,45;44,4;2,2;0,88;21025,0;35,71;39,29;4,76;45,16;12,9;32,26;25,0;64,29;32,94;20,0;23,53;8,11;80,95;44,05
09098;Cerezo de Río Tirón;7,25;37,36;7,68;0,95;19910,0;35,84;50,44;1,99;26,23;13,66;36,07;17,58;75,15;27,65;15,55;20,95;7,77;72,65;41,87
09100;Cerratón de Juarros;0,0;44,29;0,0;0,0;20239,0;27,27;52,27;6,82;42,11;31,58;10,53;35,71;57,14;35,56;11,11;37,78;9,52;90,48;46,67
09101;Ciadoncha;3,85;45,13;8,97;1,17;21925,0;28,99;56,52;1,45;50,0;28,95;31,58;23,08;73,08;34,29;21,43;30,0;0,0;108,11;57,14
09103;Cilleruelo de Abajo;9,0;41,14;9,0;1,47;15668,0;35,29;53,48;1,6;41,77;29,11;32,91;21,88;60,94;23,56;21,99;27,23;11,83;84,54;48,69
09105;Ciruelos de Cervera;3,33;38,89;4,44;0,0;21925,0;41,49;41,49;6,38;36,36;18,18;32,73;33,33;52,08;11,58;20,0;38,95;9,09;108,7;57,89
09108;Cogollos;20,06;12,57;16,47;1,64;17790,0;38,38;47,97;8,67;14,78;2,83;32,39;21,31;60,66;13,56;23,94;36,09;9,65;72,32;66,13
09109;Condado de Treviño;16,74;12,77;8,29;0,63;19392,0;35,71;49,68;10,23;24,52;9,06;30,8;24,34;63,16;11,99;27,51;33,54;4,71;79,59;70,74
09110;Contreras;4,44;47,9;6,17;2,33;21516,0;45,78;34,94;1,2;21,43;7,14;32,14;16,0;64,0;36,9;17,86;19,05;6,67;82,35;35,71
09112;Coruña del Conde;5,47;35,79;3,16;0,64;18857,0;45,74;38,3;3,19;26,19;11,9;45,24;28,21;64,1;12,5;16,67;21,88;8,89;77,36;46,88
09113;Covarrubias;8,36;33,18;9,07;0,31;18656,0;38,04;46,3;5,22;33,03;6,79;19,46;26,07;59,72;14,83;21,19;31,57;5,73;73,54;48,4
09114;Cubillo del Campo;12,76;28,38;24,76;2,33;16365,0;40,23;45,98;3,45;20,83;18,75;18,75;19,05;61,9;20,65;21,74;35,87;8,0;75,41;54,35
09115;Cubo de Bureba;11,57;27,06;9,8;1,24;17043,0;28,09;50,56;11,24;28,95;7,89;34,21;25,0;61,11;11,11;35,56;31,11;16,33;66,13;54,44
09117;Cueva de Roa, La;4,77;41,82;22,73;0,7;19375,0;35,37;43,9;7,32;13,79;13,79;41,38;20,69;48,28;25,0;18,18;17,05;14,29;66,67;40,23
09122;Espinosa de Cervera;4,88;31,46;15,85;0,0;21516,0;38,89;47,22;5,56;29,41;29,41;29,41;17,65;73,53;28,05;18,29;19,51;0,0;82,98;47,56
09124;Espinosa de los Monteros;12,63;30,47;4,43;1,11;15054,0;35,59;49,34;4,75;31,06;7,97;26,18;20,37;69,36;26,06;19,11;25,19;10,8;70,08;49,32
09125;Estépar;6,44;33,68;8,2;0,91;22278,0;35,03;48,9;6,6;32,06;16,19;32,06;20,49;61,46;19,31;20,79;33,72;5,18;83,83;54,13
09127;Fontioso;5,38;36,92;13,46;1,0;21925,0;32,0;58,0;6,0;50,0;11,11;22,22;35,29;52,94;17,31;21,15;38,46;25,0;58,06;46,15
09128;Frandovínez;15,79;26,53;11,58;0,78;21025,0;36,25;53,75;5,0;14,29;7,14;28,57;22,5;60,0;15,0;31,25;27,5;15,09;81,82;66,25
09129;Fresneda de la Sierra Tirón;5,31;34,69;7,14;0,58;21516,0;37,36;49,45;6,59;18,18;12,12;51,52;28,12;65,62;16,13;20,43;24,73;9,76;66,07;44,09
09130;Fresneña;2,35;39,12;19,12;0,0;20239,0;35,38;46,15;7,69;43,75;28,12;21,88;16,67;70,83;12,12;22,73;18,18;3,33;76,32;45,45
09131;Fresnillo de las Dueñas;19,72;15,58;13,11;1,01;21349,0;36,05;54,53;5,25;14,6;2,17;36,65;30,03;59,74;10,76;23,78;39,58;4,27;71,34;62,23
09132;Fresno de Río Tirón;4,87;36,03;2,56;1,62;15810,0;40,79;42,76;5,26;41,18;23,53;38,24;20,34;67,8;18,83;22,08;22,73;15,28;67,78;47,06
09134;Frías;8,6;27,98;8,53;0,82;17075,0;33,88;47,52;7,44;42,98;10,53;19,3;20,18;69,72;25,0;20,56;28,23;7,63;69,43;48,16
09136;Fuentecén;11,48;29,51;24,18;0,47;18175,0;36,82;43,28;6,97;33,33;22,92;22,92;16,67;61,9;20,66;23,94;26,76;7,0;64,58;47,62
09137;Fuentelcésped;19,03;19,58;21,88;1,81;21009,0;38,43;43,98;8,8;13,91;8,7;35,65;22,73;65,45;15,72;20,96;36,68;7,09;67,05;55,95
09138;Fuentelisendo;7,88;37,78;14,14;0,88;20079,0;33,33;48,89;5,56;25,0;13,64;34,09;28,57;61,9;22,58;17,2;34,41;6,38;81,48;50,54
09139;Fuentemolinos;3,37;38,2;2,25;2,8;19375,0;39,53;52,33;2,33;31,11;17,78;42,22;32,5;55,0;17,05;20,45;31,82;11,11;83,33;51,14
09140;Fuentenebro;7,21;33,97;14,71;0,39;17693,0;45,08;40,16;5,74;25,0;21,15;36,54;21,74;56,52;33,33;18,6;19,38;12,07;64,56;45,31
09141;Fuentespina;17,87;21,39;8,15;1,05;20598,0;34,36;51,4;5,43;14,13;4,27;41,07;25,21;62,6;8,96;19,91;37,27;4,2;74,62;58,61
09148;Grijalba;15,38;17,78;17,95;1,47;18870,0;44,0;45,0;2,0;12,96;29,63;24,07;32,65;46,94;17,65;18,63;41,18;6,67;71,79;60,0
09149;Grisaleña;11,03;23,1;32,76;0,78;20239,0;43,9;48,78;4,88;40,0;24,0;28,0;9,52;76,19;33,33;13,73;23,53;4,55;53,85;45,83
09151;Gumiel de Izán;10,75;25,63;13,99;0,72;19018,0;43,08;43,86;5,07;21,46;6,87;38,63;24,55;63,18;21,67;22,59;29,26;5,71;61,93;45,97
09152;Gumiel de Mercado;16,21;18,42;31,05;1,77;14897,0;42,55;45,34;5,59;25,68;33,78;29,73;18,57;59,29;28,53;19,22;23,72;9,36;61,26;51,98
09154;Hacinas;7,08;38,47;2,78;0,82;19197,0;37,41;44,6;7,91;27,12;6,78;37,29;26,32;71,93;17,14;22,14;37,86;7,94;75,32;45,0
09159;Hontanas;5,8;29,57;21,74;1,17;20893,0;46,88;40,62;6,25;48,39;29,03;12,9;25,0;60,71;22,06;25,0;23,53;9,09;69,77;48,53
09160;Hontangas;7,39;35,43;11,96;0,0;19375,0;47,19;37,08;4,49;37,84;27,03;35,14;6,25;81,25;12,77;19,15;27,66;11,11;76,92;48,91
09162;Hontoria de la Cantera;14,65;24,3;5,23;1,75;20667,0;37,33;54,67;5,33;21,79;15,38;21,79;19,18;68,49;7,95;28,48;37,75;8,6;84,16;61,59
09163;Hontoria del Pinar;5,48;39,61;10,6;1,15;18440,0;31,96;46,86;3,95;28,84;7,91;33,02;29,95;58,45;30,46;18,07;24,61;10,68;64,51;40,41
09164;Hontoria de Valdearados;5,51;37,44;9,62;2,15;18400,0;45,81;40,0;3,87;25,33;30,67;20,0;13,04;68,12;26,58;18,99;21,52;12,2;85,71;52,23
09166;Hormazas, Las;3,01;40,86;0,0;0,0;20893,0;34,41;52,69;2,15;40,91;40,91;18,18;28,57;62,86;24,73;20,43;30,11;6,82;82,0;47,31
09167;Hornillos del Camino;2,27;43,18;0,0;2,33;21025,0;36,36;45,45;9,09;48,15;29,63;14,81;40,91;54,55;6,67;22,22;40,0;4,35;100,0;51,11
09168;Horra, La;11,8;31,39;13,9;1,14;19165,0;36,19;48,64;5,45;31,45;19,35;41,13;17,54;67,54;18,22;16,36;22,68;6,77;72,09;50,19
09169;Hortigüela;2,52;40,19;1,94;1,4;28114,0;32,69;48,08;9,62;41,18;5,88;45,1;22,45;71,43;17,31;22,12;25,96;11,11;88,89;51,92
09170;Hoyales de Roa;9,0;33,68;2,39;1,35;20228,0;36,22;44,9;8,67;13,33;7,78;52,22;15,66;62,65;15,15;22,73;27,27;7,92;81,58;51,01
09172;Huérmeces;7,92;40,25;3,77;0,33;20661,0;30,99;56,34;5,63;45,9;19,67;24,59;30,19;62,26;19,44;18,06;36,11;6,35;71,95;44,37
09173;Huerta de Arriba;0,83;39,17;0,0;0,64;20928,0;34,13;43,65;7,14;23,08;5,77;34,62;23,08;63,46;15,08;16,67;22,22;6,78;84,62;46,83
09174;Huerta de Rey;11,23;29,9;10,69;1,64;16556,0;38,56;46,4;4,5;30,62;12,74;32,79;22,41;65,52;21,29;18,44;23,14;8,73;70,79;50,19
09175;Humada;0,88;46,9;2,65;0,88;18663,0;50,86;39,66;5,17;48,98;42,86;30,61;21,21;72,73;19,83;13,79;14,66;12,5;92,45;48,28
09176;Hurones;11,72;28,28;1,72;2,0;21025,0;36,73;44,9;10,2;31,82;9,09;40,91;14,29;61,9;11,76;31,37;19,61;4,35;62,86;46,0
09177;Ibeas de Juarros;16,04;18,84;9,64;1,25;19490,0;36,77;49,19;7,31;18,62;4,87;27,65;25,82;61,72;13,77;27,46;35,41;5,51;70,37;59,24
09180;Iglesias;9,1;33,13;11,94;0,7;20917,0;31,15;54,92;1,64;34,72;29,17;19,44;28,33;53,33;26,72;21,37;35,88;4,05;97,26;57,36
09181;Isar;3,6;39,14;1,8;0,19;21868,0;36,33;50,94;3,37;29,37;17,46;33,33;27,93;58,56;17,33;22,74;25,99;6,87;81,88;47,46
09182;Itero del Castillo;3,51;33,24;1,35;1,56;20893,0;38,57;51,43;0,0;36,11;16,67;36,11;32,26;51,61;20,0;12,86;30,0;0,0;80,85;54,29
09189;Junta de Traslaloma;4,92;33,9;5,93;0,0;16801,0;28,21;49,57;7,69;44,68;36,17;10,64;26,32;65,79;20,34;22,03;33,05;8,06;81,43;52,99
09190;Junta de Villalba de Losa;3,8;18,73;5,06;0,58;16988,0;36,0;53,33;1,33;52,0;30,0;22,0;21,74;69,57;16,0;13,33;30,67;6,0;78,33;66,67
09192;Jurisdicción de San Zadornil;1,61;37,42;3,23;0,0;16988,0;33,85;36,92;13,85;17,86;7,14;25,0;14,81;74,07;21,54;24,62;32,31;11,54;62,16;40,0
09194;Lerma;14,71;21,19;17,86;0,94;16860,0;38,46;47,44;5,2;23,42;7,1;23,25;24,07;61,55;16,1;24,53;27,25;7,07;67,97;55,81
09195;Llano de Bureba;0,0;29,33;2,22;0,0;20239,0;38,3;34,04;8,51;42,86;32,14;39,29;28,57;66,67;21,28;34,04;29,79;3,7;83,87;57,45
09196;Madrigal del Monte;2,41;35,89;4,96;0,0;23316,0;31,91;53,19;3,55;27,4;16,44;39,73;22,95;63,93;29,37;14,69;34,27;7,89;82,35;53,15
09197;Madrigalejo del Monte;11,68;26,34;13,66;1,84;18982,0;26,97;55,92;9,21;23,81;15,48;29,76;16,88;66,23;17,09;27,22;31,65;8,89;82,83;57,32
09198;Mahamud;1,5;38,88;1,87;0,64;26452,0;34,29;41,9;9,52;23,91;19,57;36,96;36,59;51,22;23,81;25,71;35,24;2,0;81,67;47,62
09199;Mambrilla de Castrejón;6,23;23,4;14,15;0,82;22390,0;38,0;52,0;1,0;26,92;32,69;28,85;26,0;64,0;9,0;25,0;32,0;9,8;63,89;51,0
09206;Mazuela;3,64;44,0;1,82;0,0;21925,0;37,74;49,06;1,89;38,71;32,26;29,03;18,52;70,37;21,82;14,55;29,09;3,33;111,54;54,55
09208;Mecerreyes;5,11;28,64;4,55;0,61;21155,0;36,67;47,78;3,33;19,77;11,63;29,07;31,33;57,83;13,26;18,78;35,91;4,3;79,46;51,38
09209;Medina de Pomar;14,01;21,15;15,51;1,07;16442,0;34,86;49,26;7,79;28,8;5,36;23,69;24,24;64,71;18,83;24,54;33,1;11,58;61,29;53,18
09211;Melgar de Fernamental;10,06;29,24;9,97;1,62;16373,0;38,31;45,95;5,2;26,18;13,32;29,31;17,86;66,11;28,24;17,49;22,08;11,55;70,64;51,34
09213;Merindad de Cuesta-Urria;5,93;33,84;5,7;1,96;17512,0;38,98;37,01;7,09;44,34;25,47;19,81;31,58;60,0;20,08;16,6;33,2;6,84;72,67;45,35
09214;Merindad de Montija;7,85;29,6;7,63;0,72;16444,0;38,3;44,56;5,07;40,89;12,71;25,77;20,57;69,15;7,44;20,6;28,47;8,8;70,2;48,92
09215;Merindad de Sotoscueva;10,0;30,95;7,25;2,13;15453,0;31,64;49,33;6,97;44,1;15,53;24,22;21,29;65,16;21,15;19,32;29,5;9,34;71,74;47,89
09216;Merindad de Valdeporres;8,81;30,41;7,54;0,59;16131,0;35,01;45,36;6,63;37,58;8,48;26,67;22,93;64,97;14,18;22,94;28,61;9,24;69,58;47,79
09217;Merindad de Valdivielso;5,71;35,48;3,9;0,73;17496,0;37,53;43,43;5,63;36,36;9,79;36,36;34,33;55,97;14,06;19,27;40,1;10,06;69,72;44,13
09218;Milagros;12,92;30,91;7,13;1,05;19554,0;33,99;47,47;8,71;18,64;10,8;36,93;29,52;56,63;14,13;19,73;30,4;10,47;74,35;52,04
09219;Miranda de Ebro;15,75;20,94;17,75;1,17;18500,0;33,43;51,55;6,53;12,19;0,84;32,42;25,57;61,27;15,91;24,98;31,32;9,84;63,96;53,39
09220;Miraveche;5,81;35,91;7,53;1,17;20239,0;36,26;47,25;6,59;26,83;17,07;29,27;25,0;69,44;15,22;22,83;26,09;6,82;74,55;48,35
09221;Modúbar de la Emparedada;19,43;11,73;13,1;1,01;19463,0;33,01;55,34;7,18;13,65;0,5;40,69;22,48;60,72;7,0;32,04;38,41;7,57;73,14;68,88
09224;Monasterio de Rodilla;7,21;29,42;8,72;1,04;20463,0;37,18;50,0;3,85;31,08;12,16;28,38;20,59;52,94;11,88;26,88;21,88;5,68;77,57;55,0
09225;Moncalvillo;2,34;43,9;5,19;0,0;21516,0;44,0;40,0;2,67;5,88;0,0;52,94;23,53;55,88;33,33;8,0;18,67;3,03;80,0;44,0
09226;Monterrubio de la Demanda;0,0;53,45;3,64;0,0;21516,0;34,55;49,09;3,64;33,33;4,76;19,05;35,0;50,0;30,36;19,64;35,71;5,26;81,82;33,93
09227;Montorio;8,37;31,77;12,77;0,0;23390,0;36,3;52,59;5,93;19,18;13,7;32,88;25,76;60,61;19,42;25,18;28,78;0,0;88,89;52,17
09228;Moradillo de Roa;9,04;34,1;5,42;1,87;20519,0;39,1;44,23;5,13;47,3;24,32;25,68;42,19;45,31;18,87;16,35;36,48;3,61;86,02;52,53
09229;Nava de Roa;10,74;30,34;16,75;1,17;17071,0;31,93;50,0;5,42;42,35;31,76;18,82;20,0;65,33;26,78;17,49;18,03;3,75;64,17;44,94
09231;Nebreda;0,0;56,8;0,0;0,0;21925,0;28,85;53,85;0,0;39,13;13,04;34,78;19,05;66,67;32,08;16,98;22,64;16,0;116,67;47,17
09232;Neila;2,5;37,32;8,93;0,0;21516,0;31,36;50,85;5,93;19,23;15,38;36,54;30,61;61,22;25,42;27,12;21,19;8,77;81,25;48,31
09235;Olmedillo de Roa;13,09;31,81;20,74;1,4;15733,0;33,33;46,0;6,0;32,26;22,58;29,03;23,73;59,32;38,18;15,76;17,58;10,81;63,46;45,4
09238;Oña;5,57;45,78;4,8;0,95;19262,0;31,9;43,97;6,73;23,43;9,9;26,07;17,18;67,35;29,24;18,51;20,7;8,41;72,81;37,91
09241;Orbaneja Riopico;19,59;15,19;19,35;1,54;17983,0;39,16;47,9;7,69;14,69;6,21;34,46;18,24;65,88;10,31;27,84;31,96;5,46;77,58;63,1
09242;Padilla de Abajo;2,74;59,73;9,59;2,33;20893,0;27,27;59,09;6,06;40,91;31,82;22,73;26,32;63,16;23,88;23,88;19,4;4,35;95,65;34,33
09243;Padilla de Arriba;7,95;28,41;3,41;1,08;20893,0;37,8;51,22;4,88;28,57;30,61;22,45;13,95;79,07;11,63;30,23;38,37;5,66;96,15;61,63
09246;Palacios de la Sierra;9,31;30,27;11,78;0,72;16888,0;41,9;41,4;6,01;26,62;6,47;39,57;26,32;62,41;23,13;18,5;31,58;10,0;69,05;48,47
09248;Palazuelos de la Sierra;3,79;38,95;8,42;0,93;21025,0;25,56;62,22;2,22;16,28;9,3;41,86;20,93;67,44;15,38;26,37;26,37;0,0;80,39;45,56
09249;Palazuelos de Muñó;2,31;32,69;0,0;0,0;20893,0;33,96;52,83;3,77;22,58;19,35;35,48;39,29;42,86;16,98;16,98;37,74;0,0;93,94;58,49
09250;Pampliega;4,11;34,89;8,51;0,41;18090,0;31,37;50,18;7,38;18,33;10,0;31,67;24,11;58,93;24,73;27,96;25,45;8,21;72,35;48,2
09251;Pancorbo;11,04;25,15;14,62;0,69;17397,0;38,03;44,41;7,98;22,09;6,4;28,49;18,07;72,29;17,09;24,12;23,12;11,27;64,41;52,04
09253;Pardilla;6,61;23,49;8,26;0,0;17606,0;47,92;39,58;2,08;22,81;17,54;38,6;24,53;60,38;5,21;16,67;40,62;5,56;69,86;56,25
09255;Partido de la Sierra en Tobalina;0,8;52,27;2,67;0,0;20239,0;34,18;51,9;6,33;32,14;25,0;14,29;3,7;81,48;17,28;18,52;23,46;3,7;83,87;33,33
09256;Pedrosa de Duero;14,43;24,49;25,7;1,26;17486,0;36,51;48,94;6,88;40,54;37,84;28,11;15,53;54,66;26,11;20,44;24,38;5,67;66,06;47,9
09257;Pedrosa del Páramo;4,49;31,24;4,49;2,62;20893,0;42,35;45,88;2,35;34,69;30,61;34,69;14,63;75,61;21,84;22,99;33,33;3,92;90,74;58,62
09258;Pedrosa del Príncipe;4,26;47,23;4,52;0,0;20968,0;39,33;41,33;4,67;32,2;18,64;38,98;23,53;56,86;18,59;17,31;21,79;15,38;79,71;41,94
09259;Pedrosa de Río Úrbel;6,94;29,66;4,15;1,81;24350,0;35,22;49,57;6,09;40,48;26,19;26,98;28,97;64,49;12,82;22,65;35,04;6,5;71,88;53,02
09261;Peñaranda de Duero;11,22;31,94;6,4;0,56;16824,0;41,52;43,73;3,93;34,07;11,54;36,26;19,64;69,05;26,78;15,4;20,62;11,68;64,93;47,02
09262;Peral de Arlanza;6,86;36,92;3,55;1,4;19542,0;32,91;54,43;2,53;37,04;30,86;24,69;10,29;75,0;22,78;12,03;31,01;6,1;85,56;51,9
09266;Pineda de la Sierra;0,0;37,2;6,45;0,0;21516,0;32,97;52,75;4,4;27,45;7,84;35,29;16,33;69,39;13,83;28,72;29,79;13,21;85,19;56,38
09267;Pineda Trasmonte;2,32;40,21;1,05;0,0;21925,0;33,33;42,71;3,12;24,53;16,98;30,19;41,3;50,0;25,77;14,43;36,08;0,0;92,45;50,52
09268;Pinilla de los Barruecos;3,56;38,02;5,94;1,08;21516,0;38,95;44,21;8,42;27,5;12,5;32,5;34,21;52,63;18,75;17,71;33,33;9,3;69,64;44,79
09270;Pinilla Trasmonte;3,61;33,16;3,87;0,37;21531,0;40,13;42,68;7,01;29,55;23,86;27,27;30,14;56,16;21,02;17,83;40,76;8,79;89,25;57,96
09272;Poza de la Sal;4,1;35,4;6,47;0,42;20903,0;34,24;42,41;12,06;28,46;6,5;30,08;28,81;61,86;21,03;20,3;32,47;8,76;78,62;50,93
09273;Prádanos de Bureba;2,91;26,18;1,82;0,0;20239,0;38,46;50,0;5,77;45,16;16,13;45,16;16,67;73,33;3,64;21,82;21,82;21,62;76,32;68,52
09274;Pradoluengo;9,15;31,66;5,79;0,97;17857,0;34,9;48,67;3,67;27,03;1,54;39,12;24,72;64,17;19,46;17,55;27,48;12,35;69,73;50,71
09275;Presencio;6,42;35,38;11,79;1,88;20543,0;31,44;50,52;4,64;40,0;22,35;31,76;32,86;61,43;29,65;17,59;29,65;11,76;77,59;51,52
09276;Puebla de Arganzón, La;16,62;9,5;14,95;1,24;20143,0;36,34;49,34;9,69;16,72;2,34;32,78;25,09;64,31;7,25;31,13;39,23;6,83;71,43;69,4
09277;Puentedura;3,05;42,54;3,39;0,7;22485,0;42,02;46,22;5,88;25,0;2,27;38,64;31,71;58,54;16,81;20,17;34,45;6,12;76,67;41,18
09279;Quemada;12,15;27,77;23,48;1,2;15059,0;36,59;47,8;6,83;35,79;23,4;35,11;18,82;60,0;27,19;17,97;17,97;6,38;60,27;43,52
09281;Quintana del Pidio;12,85;24,77;12,58;1,88;18948,0;41,09;44,96;5,43;34,25;30,14;27,4;18,75;64,06;17,04;26,67;31,11;0,0;83,52;56,3
09287;Quintanaortuño;19,33;10,57;11,11;1,63;19498,0;37,45;53,91;5,35;17,81;4,11;29,45;33,33;55,8;7,29;26,72;46,96;4,32;73,11;66,39
09288;Quintanapalla;13,66;28,62;26,02;2,21;17776,0;27,88;50,96;9,62;35,29;7,84;25,49;27,66;57,45;22,94;24,77;27,52;8,62;75,71;53,21
09289;Quintanar de la Sierra;9,96;33,09;11,11;1,02;16648,0;36,01;44,62;7,42;25,44;4,36;36,06;19,78;68,35;24,87;18,18;22,76;12,12;69,88;48,14
09292;Quintanavides;1,54;33,54;10,77;0,0;20239,0;45,16;37,1;8,06;21,88;12,5;34,38;14,29;75,0;20,63;22,22;30,16;12,12;74,36;52,38
09294;Quintanilla de la Mata;6,97;29,54;2,75;1,75;15991,0;52,43;39,81;4,85;21,82;16,36;32,73;11,76;66,67;12,5;18,27;28,85;6,9;81,82;56,31
09295;Quintanilla del Coco;5,2;29,6;0,0;0,0;21925,0;39,58;41,67;4,17;40,0;30,0;20,0;13,04;78,26;20,83;18,75;29,17;6,45;96,67;64,58
09297;Quintanillas, Las;10,16;23,01;9,07;0,36;19115,0;42,65;47,55;2,88;16,2;5,03;39,11;21,05;61,99;12,99;21,19;31,64;7,25;69,11;54,99
09298;Quintanilla San García;3,03;32,73;9,09;0,0;20239,0;30,3;46,97;4,55;37,84;27,03;27,03;26,47;70,59;22,73;24,24;31,82;2,7;90,0;56,06
09301;Quintanilla Vivar;17,1;13,63;8,85;1,16;22129,0;36,26;52,61;5,77;18,4;1,73;30,09;33,79;57,08;8,44;23,22;48,68;5,51;76,19;67,91
09302;Rabanera del Pinar;2,13;44,04;2,13;0,0;21516,0;32,29;46,88;4,17;27,91;9,3;20,93;30,95;57,14;16,49;22,68;31,96;6,98;85,11;44,33
09303;Rábanos;7,57;46,22;4,05;1,17;21516,0;28,38;62,16;1,35;24,14;13,79;20,69;20,69;68,97;21,33;26,67;17,33;9,38;96,67;42,67
09304;Rabé de las Calzadas;11,95;35,86;9,2;1,87;23576,0;32,74;51,33;5,31;23,76;3,96;39,6;23,16;67,37;14,16;19,31;40,77;5,83;74,62;44,4
09307;Redecilla del Camino;4,69;31,43;16,33;0,0;20239,0;43,18;42,05;5,68;23,4;10,64;23,4;17,78;57,78;22,22;27,78;16,67;20,41;65,0;55,06
09308;Redecilla del Campo;9,54;32,31;9,23;1,56;20239,0;35,0;53,33;5,0;37,5;20,83;16,67;14,29;71,43;35,48;8,06;24,19;12,5;75,68;52,46
09309;Regumiel de la Sierra;9,44;27,84;10,63;0,93;20381,0;38,72;48,87;3,01;23,29;10,27;26,71;18,31;62,68;22,42;19,22;20,28;8,78;72,58;54,21
09311;Retuerta;5,36;41,07;0,0;0,0;21925,0;35,71;44,64;10,71;28,57;19,05;38,1;5,26;68,42;16,07;23,21;19,64;9,09;76,92;39,29
09312;Revilla y Ahedo, La;8,87;33,4;7,22;0,0;17154,0;35,87;46,74;4,35;35,42;12,5;22,92;14,29;69,05;18,28;24,73;17,2;13,46;84,91;55,91
09314;Revilla del Campo;6,25;37,92;3,12;0,0;21025,0;38,46;50,55;4,4;18,18;13,64;36,36;26,32;55,26;15,38;21,98;28,57;8,89;82,0;49,45
09315;Revillarruz;20,72;7,34;14,31;1,15;20369,0;34,69;53,49;9,5;15,49;2,54;29,3;27,78;59,65;9,48;30,3;37,36;6,75;77,87;75,61
09316;Revilla Vallejera;10,35;34,39;7,89;1,75;19628,0;27,36;54,72;7,55;41,82;25,45;30,91;27,08;64,58;27,78;20,37;26,85;5,56;82,26;50,0
09318;Riocavado de la Sierra;3,7;54,44;3,7;0,0;21516,0;44,23;36,54;5,77;10,53;5,26;47,37;11,11;66,67;35,85;20,75;18,87;17,65;66,67;32,08
09321;Roa;15,78;21,68;23,77;1,24;14898,0;35,78;49,74;5,46;27,39;20,12;29,7;18,95;61,86;33,08;16,05;18,98;10,67;58,3;47,59
09323;Rojas;8,06;30,32;14,52;1,0;20239,0;48,08;36,54;5,77;41,38;41,38;34,48;13,64;72,73;18,87;26,42;22,64;9,68;80,0;58,49
09325;Royuela de Río Franco;2,72;49,23;5,33;0,0;19400,0;29,7;52,73;3,64;47,69;38,46;18,46;21,43;69,64;38,69;11,31;21,43;10,0;86,3;41,67
09326;Rubena;14,45;15,79;13,88;1,44;21272,0;39,2;47,16;6,25;16,67;2,78;31,48;29,25;59,43;7,94;28,57;40,21;9,76;77,08;66,13
09328;Rucandio;0,0;46,94;1,39;0,0;20239,0;35,21;45,07;2,82;28,57;7,14;46,43;39,29;57,14;18,06;22,22;33,33;11,11;68,57;37,5
09329;Salas de Bureba;6,82;21,55;10,85;0,0;17504,0;40,35;40,35;9,65;30,0;8,57;27,14;15,62;71,88;15,7;27,27;29,75;7,89;78,65;63,33
09330;Salas de los Infantes;13,13;24,73;20,06;1,08;17384,0;40,51;45,17;5,31;21,4;4,55;29,15;28,33;59,1;18,3;19,31;28,66;7,43;68,69;51,93
09332;Saldaña de Burgos;15,83;16,5;17,96;0,92;20450,0;39,08;46,55;9,77;16,82;3,74;27,1;26,67;62,86;12,85;28,49;35,75;2,65;77,46;64,2
09334;Salinillas de Bureba;1,79;22,14;8,93;0,0;20239,0;48,94;44,68;4,26;19,23;23,08;15,38;24,0;56,0;19,15;29,79;19,15;13,79;60,98;61,7
09335;San Adrián de Juarros;2,38;29,29;3,57;1,0;21025,0;35,71;48,81;8,33;13,33;6,67;31,11;37,21;51,16;13,1;25,0;40,48;11,9;67,27;50,0
09337;San Juan del Monte;16,05;19,01;27,78;0,93;15128,0;33,07;49,61;8,66;25,0;6,67;38,33;26,32;50,88;20,59;17,65;24,26;11,43;57,41;52,24
09338;San Mamés de Burgos;14,55;16,41;10,84;1,06;18796,0;37,92;43,49;8,55;15,48;2,98;27,98;29,88;58,54;14,75;19,78;38,85;5,81;70,13;63,24
09339;San Martín de Rubiales;5,29;37,57;18,57;0,54;17335,0;32,06;51,15;6,87;19,64;26,79;35,71;9,8;62,75;22,96;12,59;16,3;10,94;73,08;47,76
09340;San Millán de Lara;0,0;50,16;1,64;0,0;21516,0;30,16;58,73;0,0;29,63;18,52;40,74;28,0;52,0;28,57;19,05;15,87;6,67;107,69;47,62
09343;Santa Cecilia;7,41;37,78;5,56;1,56;18826,0;40,62;45,83;6,25;33,33;29,41;39,22;22,22;53,33;31,96;22,68;16,49;9,43;92,31;54,64
09345;Santa Cruz de la Salceda;10,2;24,7;28,19;1,17;17242,0;41,27;45,24;3,17;29,51;27,87;37,7;20,0;52,73;29,63;23,7;23,7;4,29;70,53;52,24
09346;Santa Cruz del Valle Urbión;6,17;30,0;1,06;0,58;20036,0;42,71;39,58;5,21;14,0;4,0;50,0;25,53;55,32;17,53;16,49;28,87;14,29;81,36;58,33
09347;Santa Gadea del Cid;9,56;29,23;12,09;1,06;18618,0;27,52;55,7;5,37;31,71;10,98;30,49;25,71;67,14;18,42;17,11;38,16;8,33;71,96;55,26
09348;Santa Inés;5,51;36,28;7,05;1,75;15668,0;34,03;51,39;3,47;14,81;7,41;40,74;20,0;58,0;22,45;13,61;21,09;17,65;67,47;46,58
09350;Santa María del Campo;9,28;31,27;13,94;0,68;19129,0;34,38;51,78;3,77;34,88;16,67;29,07;23,33;66,67;25,67;19,88;27,33;4,83;87,37;56,04
09351;Santa María del Invierno;4,29;41,14;2,86;1,4;20239,0;46,88;40,62;9,38;41,94;29,03;32,26;22,22;62,96;16,92;23,08;23,08;8,57;91,43;53,85
09352;Santa María del Mercadillo;5,25;35,25;10,17;1,0;19723,0;45,19;41,35;4,81;35,56;20,0;35,56;33,33;56,41;28,3;20,75;30,19;5,88;71,64;48,11
09353;Santa María Ribarredonda;7,72;28,51;18,81;2,55;20239,0;38,46;42,86;8,79;21,62;10,81;29,73;15,62;78,12;11,7;25,53;25,53;16,0;66,67;53,19
09355;Santibáñez de Esgueva;0,83;48,89;4,17;0,0;21925,0;44,74;42,11;1,32;25,71;17,14;25,71;33,33;50,0;27,63;14,47;22,37;6,45;85,29;40,79
09356;Santibáñez del Val;1,88;34,06;4,69;0,0;21925,0;38,24;47,06;7,35;16,22;10,81;29,73;19,44;63,89;17,39;14,49;39,13;2,7;92,31;53,62
09358;Santo Domingo de Silos;5,34;39,68;11,95;0,52;22648,0;41,44;48,2;4,05;34,26;15,74;28,7;23,71;64,95;24,58;18,33;27,5;7,48;75,0;44,58
09361;Sargentes de la Lora;3,69;41,38;6,15;0,58;21484,0;25,6;56,8;7,2;29,41;13,73;29,41;20,45;59,09;12,5;25,0;32,03;13,56;75,0;46,09
09362;Sarracín;14,09;21,06;6,06;1,34;20248,0;34,36;56,39;5,73;19,83;3,31;26,45;31,03;56,9;11,54;25,64;35,47;8,82;70,86;59,65
09363;Sasamón;5,56;35,09;4,13;0,55;20450,0;35,66;48,55;2,9;31,03;14,06;34,38;23,7;65,68;17,78;18,46;30,16;6,19;84,13;51,95
09366;Solarana;0,0;45,14;4,05;0,0;21925,0;48,68;39,47;1,32;24,24;18,18;42,42;35,48;61,29;20,51;20,51;32,05;7,69;97,3;50,0
09369;Sotillo de la Ribera;10,31;26,5;11,18;1,38;18489,0;41,16;45,04;2,66;26,22;18,22;40,0;19,81;62,32;24,65;17,51;28,8;6,36;73,67;55,27
09372;Sotragero;15,25;11,75;5,28;0,75;20256,0;38,58;53,94;5,51;17,2;0,64;29,94;31,79;58,94;8,46;25,77;42,31;6,9;71,05;67,44
09373;Sotresgudo;5,31;35,75;3,62;0,64;19234,0;39,04;44,84;3,27;45,15;31,07;21,84;19,44;68,89;26,11;17,0;20,94;5,07;88,03;53,71
09374;Susinos del Páramo;7,65;23,3;0,0;0,64;26496,0;36,94;50,45;5,41;16,36;9,09;38,18;26,0;58,0;13,27;18,58;53,1;3,28;74,68;54,95
09377;Tardajos;14,94;25,34;6,82;1,54;18746,0;37,15;46,21;5,33;21,07;4,0;38,13;27,65;63,41;12,48;20,16;35,24;4,74;72,21;52,97
09380;Terradillos de Esgueva;1,03;37,93;3,45;0,0;19375,0;48,39;41,94;4,84;34,48;24,14;41,38;20,0;64,0;20,31;9,38;34,38;0,0;70,59;37,5
09384;Tordómar;9,6;27,72;7,72;1,71;20274,0;41,54;46,32;3,68;30,92;31,58;18,42;24,09;64,96;28,36;16,36;29,09;7,93;80,75;59,64
09386;Torrecilla del Monte;17,72;20,25;3,8;1,27;21925,0;32,31;52,31;7,69;41,03;15,38;25,64;22,22;61,11;20,0;24,62;30,77;5,13;82,22;60,0
09387;Torregalindo;15,81;26,82;11,63;1,65;19921,0;36,45;50,47;0,93;17,31;11,54;46,15;28,89;57,78;24,07;14,81;35,19;3,64;70,67;51,4
09389;Torrepadre;4,35;46,67;8,7;2,33;21925,0;36,92;49,23;0,0;29,63;37,04;25,93;4,55;72,73;32,31;20,0;23,08;8,0;74,19;38,46
09390;Torresandino;5,89;32,2;5,85;0,24;19931,0;38,89;48,33;2,41;30,74;21,19;28,62;30,8;59,6;13,48;19,49;31,69;7,64;78,93;52,84
09391;Tórtoles de Esgueva;5,32;35,01;19,11;0,15;17617,0;40,69;46,7;3,72;33,52;26,14;30,68;22,15;61,39;28,3;16,76;24,45;7,34;79,61;48,9
09392;Tosantos;5,53;32,34;4,26;0,0;20239,0;34,0;48,0;0,0;38,46;30,77;30,77;26,09;65,22;23,53;15,69;25,49;7,14;89,66;54,9
09394;Trespaderne;9,06;31,08;10,66;0,68;17671,0;32,67;46,69;6,47;32,87;7,27;28,72;20,08;66,29;24,14;20,39;26,99;8,92;66,82;47,43
09395;Tubilla del Agua;4,6;32,54;6,35;0,54;24522,0;30,65;54,03;6,45;18,03;6,56;32,79;24,59;57,38;14,4;21,6;42,4;11,29;71,43;49,6
09396;Tubilla del Lago;6,39;37,71;14,46;1,05;16393,0;25,81;53,55;7,1;42,65;23,53;35,29;15,52;68,97;25,15;26,38;23,31;11,84;73,63;46,91
09400;Vadocondes;14,18;25,98;9,78;1,69;17606,0;39,94;43,45;5,43;30,46;21,85;36,42;19,12;67,65;14,91;18,94;29,81;10,78;68,35;52,35
09403;Valdeande;6,41;38,25;4,85;1,87;19375,0;36,56;46,24;2,15;22,45;12,24;32,65;31,91;59,57;25,26;23,16;34,74;2,08;87,04;51,06
09405;Valdezate;4,52;37,74;4,35;0,0;18600,0;34,78;40,0;6,96;32,69;28,85;23,08;28,26;58,7;27,35;17,09;29,91;1,82;84,38;47,01
09406;Valdorros;14,57;12,37;13,98;1,45;18877,0;37,86;44,98;12,3;12,3;2,14;33,69;22,35;57,54;7,62;28,57;37,46;5,58;74,91;68,47
09409;Valle de Manzanedo;5,86;38,45;7,76;0,88;15797,0;30,28;51,38;7,34;28,21;21,05;10,53;34,21;47,37;18,75;24,11;29,46;12,82;56,67;35,45
09410;Valle de Mena;14,59;21,2;13,2;0,98;16278,0;32,02;50,83;8,04;27,74;6,61;26,57;25,56;62,99;15,99;23,85;34,36;10,13;66,29;54,61
09411;Valle de Oca;5,89;29,82;8,59;0,91;20056,0;32,67;50,0;8,0;31,43;15,71;30,0;20,63;66,67;11,54;29,49;24,36;13,16;66,67;49,03
09412;Valle de Tobalina;9,98;30,52;10,36;0,91;18545,0;35,61;45,42;7,48;31,9;11,96;27,3;26,85;60,4;18,38;20,0;29,38;12,76;65,18;48,42
09413;Valle de Valdebezana;11,33;27,79;8,75;1,48;15400,0;38,12;41,88;7,53;39,0;12,0;28,5;20,53;71,05;17,01;23,81;28,34;13,51;66,44;50,92
09414;Valle de Valdelaguna;6,02;40,32;6,45;0,82;22007,0;29,07;58,72;2,91;24,32;5,41;40,54;28,77;63,01;16,29;17,98;38,2;10,84;79,57;46,63
09415;Valle de Valdelucio;8,74;30,79;11,14;0,95;18829,0;35,33;50,67;5,0;30,07;28,76;30,07;18,94;67,42;21,5;16,61;30,94;5,84;72,5;50,66
09418;Valles de Palenzuela;3,24;31,35;2,7;0,0;20893,0;50,0;36,49;1,35;51,22;48,78;12,2;6,25;75,0;36,0;14,67;18,67;7,69;72,0;52,0
09419;Valluércanes;5,14;31,43;2,86;1,4;20239,0;31,67;58,33;6,67;66,67;50,0;25,0;16,0;68,0;34,43;11,48;19,67;5,56;79,07;59,02
09421;Vid y Barrios, La;6,5;34,01;1,69;0,81;18020,0;34,82;49,55;4,46;16,82;11,21;32,71;18,0;67,0;8,3;17,03;26,2;8,04;77,44;49,34
09425;Vilviestre del Pinar;4,31;34,36;7,83;0,28;19405,0;38,24;45,59;5,04;36,53;9,59;39,27;19,32;71,01;22,09;16,97;25,36;7,39;70,3;47,13
09427;Villadiego;8,06;33,12;9,9;1,01;20415,0;39,94;45,27;4,35;32,72;15,68;23,59;24,92;63,04;17,23;20,53;29,33;5,58;80,29;51,43
09428;Villaescusa de Roa;6,46;41,88;7,29;1,4;19375,0;41,38;43,68;1,15;47,92;22,92;29,17;19,57;67,39;4,55;13,64;30,68;8,0;95,83;56,82
09429;Villaescusa la Sombría;7,0;35,67;21,67;1,4;20239,0;34,55;49,09;7,27;44,0;12,0;48,0;30,43;65,22;17,86;17,86;26,79;17,86;67,65;50,91
09431;Villafranca Montes de Oca;4,27;38,46;3,42;1,62;23857,0;28,7;48,7;9,57;35,56;8,89;26,67;22,73;68,18;26,27;12,71;34,75;6,0;77,05;42,74
09432;Villafruela;3,43;38,71;0,71;0,64;14513,0;34,53;50,36;0,0;60,0;50,0;17,14;12,5;75,0;20,14;17,99;15,83;1,49;86,84;48,2
09433;Villagalijo;5,0;40,0;0,0;1,4;21516,0;42,0;48,0;2,0;28,0;8,0;36,0;24,0;64,0;16,0;28,0;26,0;8,33;84,62;48,0
09434;Villagonzalo Pedernales;23,37;10,35;8,68;1,37;19062,0;34,82;56,22;5,2;14,56;2,55;30,18;30,56;55,89;9,21;24,37;45,03;4,94;71,98;67,07
09437;Villahoz;4,89;37,25;4,2;0,68;21739,0;38,89;41,27;7,14;26,98;12,7;25,4;29,06;56,41;24,62;18,18;35,61;11,63;77,55;49,05
09438;Villalba de Duero;14,99;18,06;9,03;0,99;21410,0;34,63;52,2;5,2;21,63;8,71;41,01;29,25;59,1;15,08;22,22;36,98;6,12;74,19;62,82
09439;Villalbilla de Burgos;21,45;9,5;11,97;1,44;19313,0;37,73;51,01;7,23;16,12;1,52;32,78;26,26;61,41;9,55;24,53;41,62;6,04;75,34;72,74
09440;Villalbilla de Gumiel;2,19;42,74;6,85;0,0;19375,0;37,31;49,25;1,49;27,03;18,92;56,76;13,89;69,44;36,11;19,44;23,61;6,25;75,0;45,07
09441;Villaldemiro;13,26;23,91;1,09;0,93;20893,0;25,61;68,29;3,66;37,78;26,67;22,22;27,5;67,5;24,39;25,61;36,59;6,38;77,19;57,32
09442;Villalmanzo;6,11;30,12;8,07;0,11;18657,0;40,1;45,05;3,91;18,62;8,51;35,64;23,03;62,92;21,28;16,41;25,38;7,07;71,04;50,9
09443;Villamayor de los Montes;6,2;32,03;7,59;1,22;19357,0;36,84;49,34;2,63;35,37;24,39;23,17;35,71;48,57;20,25;24,05;31,65;5,88;89,89;53,8
09444;Villamayor de Treviño;0,0;47,12;3,39;0,0;20893,0;32,73;49,09;5,45;70,37;62,96;11,11;16,67;83,33;25,0;16,07;21,43;0,0;90,0;48,21
09448;Villangómez;3,13;33,04;10,43;0,67;22783,0;29,86;53,55;3,32;47,32;36,61;27,68;17,53;65,98;23,11;22,22;27,11;5,83;80,71;53,57
09449;Villanueva de Argaño;12,14;32,65;5,98;0,41;21311,0;35,45;52,73;5,45;24,44;6,67;33,33;29,27;60,98;18,75;23,21;26,79;5,88;72,73;45,95
09451;Villanueva de Gumiel;8,0;28,36;10,0;0,89;19147,0;36,43;50,39;4,26;10,53;3,01;43,61;11,2;74,4;15,85;22,64;23,02;5,71;75,0;53,44
09456;Villaquirán de los Infantes;6,01;30,59;16,34;0,47;21821,0;39,37;47,24;3,15;14,93;8,96;37,31;19,05;66,67;21,8;16,54;30,08;8,45;69,89;53,38
09458;Villariezo;22,18;10,42;5,44;1,29;20986,0;35,38;51,84;7,71;18,39;2,77;33,0;27,94;57,96;7,89;24,53;46,48;4,82;77,91;72,3
09460;Villasandino;7,42;37,98;3,93;1,75;19476,0;29,34;53,89;5,39;28,57;17,14;30,0;23,08;64,62;19,41;20,0;27,06;8,64;77,89;48,21
09463;Villasur de Herreros;5,41;33,56;4,07;1,09;19985,0;45,56;43,24;4,25;25,64;6,84;32,48;20,35;64,6;11,88;21,46;31,42;7,75;77,27;49,43
09466;Villaverde del Monte;1,95;49,2;0,88;0,78;20474,0;29,25;47,17;5,66;30,43;17,39;32,61;22,5;67,5;35,51;23,36;29,91;2,13;88,46;44,34
09467;Villaverde-Mogina;2,57;33,14;20,0;0,0;20893,0;40,0;45,71;4,29;28,95;23,68;26,32;8,57;80,0;29,17;19,44;18,06;10,81;75,0;52,11
09471;Villayerno Morquillas;13,65;20,38;5,77;0,98;18205,0;32,2;54,24;5,65;18,07;7,23;26,51;30,77;53,85;13,51;23,24;35,14;6,67;59,15;49,72
09472;Villazopeque;3,92;34,9;3,92;1,0;20893,0;41,18;49,02;1,96;38,46;30,77;26,92;14,29;52,38;37,25;15,69;19,61;3,57;90,0;54,9
09473;Villegas;0,0;34,46;1,2;0,0;20893,0;39,24;46,84;0,0;31,82;20,45;31,82;23,08;66,67;18,99;17,72;32,91;6,82;82,0;55,7
09476;Villoruebo;4,19;41,94;0,0;1,75;21516,0;38,33;50,0;1,67;31,43;5,71;48,57;22,86;60,0;16,67;20,0;28,33;6,45;90,62;51,67
09480;Zael;1,88;39,83;0,85;0,37;21006,0;36,28;49,56;1,77;26,09;19,57;30,43;28,57;64,29;19,83;16,38;42,24;1,96;74,63;44,35
09483;Zazuar;7,27;26,97;5,05;0,0;17892,0;36,32;50,0;3,68;35,11;18,09;28,72;19,32;68,18;17,26;25,89;25,38;5,71;76,15;54,4
09485;Zuñeda;1,03;39,66;3,45;0,0;20239,0;36,36;47,27;1,82;35,71;21,43;25,0;36,0;56,0;29,82;10,53;40,35;6,45;82,86;54,39
09901;Quintanilla del Agua y Tordueles;6,28;37,54;12,02;0,74;17520,0;34,5;44,09;3,83;23,08;19,58;25,87;19,26;56,3;23,68;17,45;24,3;5,88;78,26;47,66
09902;Valle de Santibáñez;7,11;30,56;4,99;0,67;21151,0;34,3;50,67;6,28;27,97;19,92;31,78;22,38;62,86;18,28;23,35;31,5;7,5;77,89;53,22
09903;Villarcayo de Merindad de Castilla la Vieja;13,35;22,62;16,24;0,85;16484,0;36,59;47,07;7,22;25,41;4,59;28,26;24,91;61,76;21,04;20,07;28,59;11,34;63,08;52,5
09904;Valle de las Navas;7,88;25,55;7,62;0,75;22867,0;34,61;49,7;6,24;27,27;12,73;31,27;25,2;64,17;17,88;25,15;35,36;6,14;77,68;58,37
09905;Valle de Sedano;7,52;26,88;6,93;1,1;17576,0;38,16;46,32;7,11;33,88;8,74;27,87;29,65;56,4;11,66;24,35;36,79;12,56;70,7;53,77
09906;Merindad de Río Ubierna;11,94;22,06;7,26;0,97;22598,0;32,77;54,3;5,3;23,31;9,06;32,52;31,99;56,37;14,46;23,38;38,39;6,05;75,4;59,14
09907;Alfoz de Quintanadueñas;21,59;9,81;8,24;1,26;18586,0;36,74;52,5;7,37;13,97;1,83;33,7;26,96;57,78;6,99;25,75;39,51;8,77;69,76;69,36
09908;Valle de Losa;6,75;26,71;8,44;0,46;14978,0;35,49;50,45;5,36;39,22;26,72;18,53;14,62;72,64;21,15;22,22;26,71;9,87;67,31;49,89
10001;Abadía;12,07;27,93;4,14;0,9;13408,0;29,79;56,85;5,48;18,33;5,83;33,33;14,53;76,07;21,14;21,81;20,81;20,41;57,35;49,33
10002;Abertura;7,02;30,17;2,21;0,56;12705,0;33,24;48,42;7,74;27,86;26,43;19,29;16,67;62,88;25,28;18,75;13,35;20,24;60,09;48,0
10003;Acebo;7,94;35,33;6,97;0,62;12690,0;33,33;49,91;7,34;45,16;10,32;17,42;27,03;57,43;33,03;16,97;21,35;26,73;50,96;39,82
10004;Acehúche;15,54;25,2;1,61;1,29;12021,0;36,3;51,17;3,5;32,08;27,17;24,53;18,33;75,3;24,68;12,77;13,49;17,66;58,51;48,41
10005;Aceituna;12,76;27,98;5,1;0,88;11071,0;29,86;56,97;2,75;24,6;24,06;24,06;12,71;71,27;24,81;11,64;13,17;17,48;60,06;47,67
10006;Ahigal;11,25;29,18;2,38;1,48;11741,0;31,56;51,99;4,65;39,43;18,08;20,48;17,97;72,58;28,28;10,35;16,71;18,58;59,59;46,27
10007;Albalá;8,72;29,31;4,31;1,2;16895,0;29,16;53,54;5,93;31,52;14,01;12,84;29,88;60,58;21,43;17,69;25,49;15,03;72,14;53,09
10008;Alcántara;9,88;27,93;3,24;0,8;16121,0;37,33;46,6;5,09;20,59;8,82;16,73;26,25;62,16;21,5;20,61;26,17;9,35;69,04;50,2
10009;Alcollarín;8,91;33,44;7,81;0,15;12094,0;35,17;45,34;4,66;22,06;17,65;14,71;14,06;71,88;32,53;11,65;11,65;22,64;55,03;43,09
10010;Alcuéscar;12,79;23,17;3,61;1,26;12187,0;32,91;49,36;7,26;19,91;17,41;14,47;18,48;68,59;19,25;17,36;17,45;15,45;62,68;52,22
10011;Aldeacentenera;9,34;27,18;7,81;0,97;13738,0;38,92;44,69;6,7;25,3;23,69;18,88;16,03;70,89;23,82;16,91;18,55;12,46;67,83;52,93
10012;Aldea del Cano;10,05;26,9;4,27;1,35;15053,0;32,28;48,32;7,65;21,86;11,74;12,96;25,21;57,14;19,49;15,85;21,68;16,1;66,58;53,58
10013;Aldea del Obispo, La;10,0;29,32;13,36;1,14;12216,0;31,76;49,41;5,1;33,68;29,47;14,74;21,98;67,03;27,07;12,41;14,66;20,0;55,09;43,4
10014;Aldeanueva de la Vera;10,98;26,2;3,72;0,88;12493,0;31,03;51,55;6,63;47,55;34,97;16,42;21,29;66,77;28,15;15,21;18,79;13,59;61,34;47,83
10015;Aldeanueva del Camino;10,66;29,57;7,06;0,95;14557,0;31,1;49,28;7,34;30,34;7,49;22,47;23,62;66,93;20,5;17,68;26,13;13,8;69,38;51,42
10016;Aldehuela del Jerte;12,13;24,71;0,86;1,61;13956,0;32,38;53,02;4,76;20,67;6,0;22,0;26,21;58,62;17,55;13,48;22,57;16,29;68,66;56,33
10017;Alía;6,43;36,04;4,29;0,88;14236,0;30,14;52,03;4,64;36,47;25,94;16,17;11,72;76,57;34,65;13,3;13,44;10,03;72,84;45,31
10018;Aliseda;11,93;24,64;1,62;1,35;11730,0;31,77;53,75;4,11;21,23;24,89;19,64;17,6;60,75;22,35;12,59;12,4;17,15;60,48;50,91
10019;Almaraz;15,67;19,74;8,03;1,37;20325,0;29,57;55,72;6,55;11,67;3,53;33,65;26,15;57,18;15,2;20,13;26,27;9,43;73,72;59,67
10020;Almoharín;12,96;24,75;3,0;1,02;12686,0;30,06;53,33;6,22;25,08;13,42;22,36;20,1;59,45;23,64;15,45;17,51;21,81;58,21;51,58
10021;Arroyo de la Luz;12,74;23,35;1,87;1,14;13156,0;33,54;53,04;3,74;19,42;6,61;25,2;24,41;66,17;16,66;15,27;20,58;17,31;63,22;53,98
10022;Arroyomolinos de la Vera;8,44;30,0;5,19;1,42;13237,0;32,39;50,64;4,11;34,59;22,64;14,47;33,11;56,76;24,19;16,46;23,69;11,83;65,86;46,85
10023;Arroyomolinos;8,88;28,16;5,46;1,14;12947,0;28,84;53,06;6,53;29,9;20,58;18,65;21,3;64,62;22,67;14,81;17,3;16,92;64,13;52,17
10024;Baños de Montemayor;10,73;30,79;5,83;1,08;15545,0;33,33;46,73;6,7;29,51;2,87;16,39;33,62;54,04;17,19;19,73;29,45;11,4;63,4;46,3
10025;Barrado;7,68;28,46;2,35;0,34;12468,0;36,23;51,01;3,48;45,91;34,59;13,84;33,09;52,94;16,95;11,3;29,38;11,67;65,98;51,58
10026;Belvís de Monroy;12,65;22,44;9,13;0,9;18454,0;30,53;54,05;8,7;20,6;9,3;18,27;33,79;53,45;14,81;19,41;30,22;11,94;66,27;56,35
10028;Berrocalejo;7,67;34,17;17,5;0,88;12889,0;40,91;44,55;5,45;27,27;9,09;18,18;15,0;67,5;25,64;24,79;17,95;16,67;59,7;41,03
10029;Berzocana;6,88;37,17;7,2;0,73;13936,0;35,29;45,38;6,72;28,67;29,53;13,42;20,29;65,94;32,08;16,44;18,33;16,36;70,77;44,72
10030;Bohonal de Ibor;8,49;41,63;7,76;1,12;13012,0;29,21;46,07;6,74;28,28;11,03;24,83;20,0;66,43;34,42;14,72;17,32;14,05;68,53;40,22
10031;Botija;10,38;26,27;8,65;1,4;13916,0;33,53;44,31;8,98;30,23;11,76;20,0;30,14;60,27;16,96;25,73;21,64;14,58;71,93;56,47
10032;Brozas;12,13;29,2;2,39;1,22;13171,0;33,66;51,06;3,55;27,53;17,18;20,7;21,41;69,88;25,41;13,69;21,17;13,2;67,23;49,42
10033;Cabañas del Castillo;7,96;37,3;3,69;1,31;13691,0;34,93;44,8;6,13;43,84;28,77;18,49;16,42;70,9;30,37;13,35;16,23;20,35;64,93;45,26
10034;Cabezabellosa;2,15;43,23;1,9;0,35;14164,0;35,69;43,38;6,77;38,6;23,68;15,79;20,54;67,86;29,88;12,8;20,43;15,27;67,68;40,18
10035;Cabezuela del Valle;13,78;24,74;4,49;1,28;11001,0;32,87;51,83;5,77;47,59;43,97;10,72;15,17;66,97;22,6;17,34;14,64;10,63;59,0;44,6
10036;Cabrero;10,4;28,02;6,21;1,78;9485,0;41,85;44,09;2,88;59,26;43,52;13,89;14,58;77,08;24,69;10,8;14,81;12,88;52,51;40,87
10037;Cáceres;16,13;17,83;6,67;1,06;18327,0;36,94;48,24;8,04;14,1;1,42;9,59;44,38;46,83;9,97;21,0;41,35;12,54;65,23;58,34
10039;Cadalso;5,57;33,82;3,8;0,76;11926,0;36,46;45,83;3,91;27,91;18,75;22,66;14,17;73,23;31,96;13,92;19,33;26,32;55,26;44,07
10040;Calzadilla;8,81;32,13;2,46;0,93;14167,0;32,13;50,84;4,8;20,65;16,77;27,74;19,08;66,45;24,76;16,51;15,8;17,02;60,47;44,44
10041;Caminomorisco;13,4;26,64;3,64;1,24;12956,0;34,41;50,4;5,53;28,91;15,2;15,44;20,65;65,24;26,41;15,03;18,89;16,67;63,26;49,75
10042;Campillo de Deleitosa;4,76;53,81;11,9;1,75;17731,0;26,03;45,21;10,96;33,33;9,52;19,05;19,05;71,43;36,59;12,2;15,85;20,69;71,88;35,37
10043;Campo Lugar;10,62;27,43;5,2;1,26;13392,0;33,75;47,78;5,28;34,16;35,71;11,49;19,45;63,82;23,16;15,53;18,26;14,64;65,33;49,59
10044;Cañamero;12,73;24,48;5,0;1,0;12058,0;34,05;48,24;7,24;36,21;14,74;21,94;20,74;65,43;23,86;15,47;15,26;16,31;63,24;52,59
10045;Cañaveral;9,77;30,39;2,3;1,17;13995,0;34,17;46,25;6,96;20,6;3,79;25,47;21,49;63,04;22,92;18,23;16,84;18,71;62,39;48,18
10046;Carbajo;10,39;32,71;1,1;1,88;15943,0;34,16;49,07;3,11;21,74;8,7;11,59;14,06;71,88;23,6;11,18;23,6;16,46;67,35;49,07
10047;Carcaboso;14,92;22,13;3,71;1,84;13616,0;30,33;55,0;6,41;20,52;9,67;23,58;20,74;61,98;19,11;13,8;17,94;19,58;62,63;55,72
10048;Carrascalejo;5,14;55,41;8,56;1,05;16496,0;26,09;47,34;4,83;38,67;9,33;22,67;18,57;71,43;43,98;13,43;12,96;10,26;85,37;36,11
10049;Casar de Cáceres;15,74;18,27;3,83;1,46;13962,0;33,63;53,24;6,06;18,65;6,1;27,02;25,18;62,78;13,03;20,35;23,34;14,41;65,33;58,96
10050;Casar de Palomero;9,99;37,34;5,34;1,26;13925,0;28,43;52,84;5,57;36,18;29,01;11,6;20,79;67,03;30,7;13,84;16,97;16,09;60,54;40,85
10051;Casares de las Hurdes;2,31;52,69;5,49;0,21;15782,0;20,78;62,33;3,6;24,14;9,66;17,24;12,95;70,5;46,07;7,59;13,55;8,33;80,13;35,77
10052;Casas de Don Antonio;6,83;34,25;4,19;0,41;15818,0;31,33;46,39;7,83;28,21;10,26;16,67;23,38;67,53;17,86;17,26;22,02;11,25;75,53;47,9
10053;Casas de Don Gómez;13,49;26,98;5,57;1,63;11825,0;37,28;47,04;4,18;38,14;14,58;21,88;20,65;63,04;29,97;12,46;13,13;30,99;48,04;48,46
10054;Casas del Castañar;6,6;27,91;2,59;0,46;14142,0;35,98;47,79;4,61;39,74;21,4;13,54;32,67;54,95;24,5;15,61;25,41;11,74;65,78;51,18
10055;Casas del Monte;13,3;23,35;2,75;0,88;12588,0;32,07;52,19;5,14;30,45;10,8;36,59;23,48;68,18;25,4;14,45;23,65;15,82;58,63;49,41
10056;Casas de Millán;6,95;35,84;5,58;1,53;12023,0;34,37;46,8;6,21;28,65;14,69;12,99;21,76;67,06;29,62;11,89;15,47;19,18;66,89;46,58
10057;Casas de Miravete;7,17;30,19;0,0;0,0;16835,0;38,46;50,0;2,88;16,67;14,58;12,5;34,04;46,81;16,19;25,71;22,86;23,73;68,18;56,19
10058;Casatejada;16,46;18,82;22,81;1,56;12624,0;33,48;52,14;6,36;16,02;16,67;25,76;16,7;65,45;22,63;16,47;13,56;15,35;57,14;52,1
10059;Casillas de Coria;7,91;38,98;0,85;1,02;12527,0;31,99;47,52;3,42;25,23;19,82;22,52;9,35;82,24;27,47;11,73;9,88;14,17;60,56;39,2
10060;Castañar de Ibor;10,34;30,07;9,15;1,2;13561,0;30,33;53,04;5,65;33,24;16,34;22,16;22,35;63,53;21,6;14,96;20,86;19,4;62,44;49,26
10061;Ceclavín;11,35;27,7;1,3;1,23;12013,0;34,48;49,66;5,25;29,19;15,44;30,7;17,59;72,53;24,48;15,21;16,44;24,77;52,59;46,78
10062;Cedillo;9,65;31,55;2,43;1,15;15498,0;34,91;45,64;6,98;13,07;27,84;22,16;18,45;45,24;25,68;16,54;21,48;10,78;68,68;50,75
10063;Cerezo;4,19;42,16;0,0;0,64;13095,0;28,28;52,41;6,21;35,42;36,17;0,0;24,39;68,29;27,21;18,37;22,45;18,03;68,49;41,78
10064;Cilleros;11,69;28,59;3,29;0,78;11976,0;31,56;51,27;5,45;29,03;21,77;19,35;20,34;69,59;34,57;11,5;14,43;22,53;55,51;47,44
10065;Collado de la Vera;17,97;10,72;5,8;1,24;15331,0;40,27;46,46;8,41;25,85;16,33;10,88;33,33;51,39;12,77;26,38;34,04;8,02;75,63;70,43
10066;Conquista de la Sierra;13,23;22,5;8,85;0,28;13729,0;32,92;45,96;11,8;32,2;22,03;11,86;25,93;61,11;12,43;15,38;27,81;26,51;48,8;50,3
10067;Coria;13,84;21,11;5,61;0,9;14232,0;33,85;50,21;7,49;20,05;6,06;21,06;27,77;60,3;19,89;17,95;25,04;15,3;61,97;53,99
10068;Cuacos de Yuste;12,19;26,72;6,55;1,02;15412,0;29,7;53,04;7,18;28,32;10,5;35,28;22,39;60,43;19,84;16,46;22,13;15,32;68,34;52,31
10069;Cumbre, La;7,91;33,83;2,69;1,1;15649,0;36,1;50,59;2,11;15,59;12,94;15,0;25,62;64,2;21,47;18,37;26,78;11,17;75,92;51,3
10070;Deleitosa;8,98;30,61;9,48;0,61;14638,0;30,72;54,74;2,78;35,0;13,93;22,86;24,54;67,29;27,36;15,25;22,48;14,07;68,54;51,9
10071;Descargamaría;1,52;37,9;1,9;0,0;16954,0;33,65;46,15;5,77;13,16;28,95;5,26;16,22;78,38;29,91;14,02;23,36;22,22;59,32;42,06
10072;Eljas;6,78;37,14;6,17;0,55;13227,0;29,53;52,5;4,62;31,96;9,13;20,09;26,57;57,0;34,8;9,42;13,69;27,33;48,55;38,02
10073;Escurial;15,15;24,89;2,58;1,42;12717,0;31,07;52,51;7,33;24,34;13,86;31,35;18,75;62,5;19,53;16,09;17,28;19,1;59,69;50,33
10075;Fresnedoso de Ibor;8,39;32,71;9,75;0,7;12178,0;29,91;45,33;9,81;41,89;13,89;26,39;17,39;62,32;23,64;14,09;13,64;26,42;56,93;48,18
10076;Galisteo;10,27;27,16;6,42;0,58;13035,0;31,35;51,19;6,48;17,91;12,5;21,96;20,56;66,55;23,91;13,11;19,67;18,82;54,02;46,17
10077;Garciaz;7,19;32,06;4,66;0,92;12159,0;31,87;52,68;3,58;32,1;34,98;11,93;14,16;69,91;28,82;14,65;14,33;23,43;59,79;48,87
10078;Garganta, La;4,17;46,59;5,63;0,44;15257,0;35,33;48,5;2,99;25,77;10,31;24,74;27,37;64,21;36,34;12,21;20,35;16,67;64,42;36,63
10079;Garganta la Olla;9,59;29,07;3,19;1,06;12633,0;35,92;48,95;6,03;44,71;27,43;16,22;27,57;61,79;25,61;13,47;21,84;14,82;64,69;48,6
10080;Gargantilla;6,53;39,02;3,47;0,62;10825,0;26,18;63,82;2,35;47,41;32,76;18,97;8,65;75,0;33,92;11,99;17,25;19,31;63,93;42,52
10081;Gargüera;2,34;38,3;3,72;0,23;15616,0;29,28;47,51;10,5;35,09;28,07;8,77;25,45;65,45;23,5;17,49;28,42;13,75;63,89;43,72
10082;Garrovillas de Alconétar;12,81;29,28;2,11;1,51;11960,0;29,68;52,8;5,59;20,32;8,74;25,28;20,44;70,52;23,0;15,13;15,18;24,33;59,31;49,31
10083;Garvín;16,22;28,83;9,91;1,0;11603,0;33,33;51,19;5,95;17,14;40,0;11,43;9,38;71,88;25,58;12,79;9,3;18,6;58,33;50,59
10084;Gata;10,25;31,23;5,67;1,24;12418,0;31,78;51,92;4,91;36,28;20,49;20,94;20,24;63,29;27,56;12,87;17,24;16,79;61,15;45,02
10085;Gordo, El;13,12;19,78;9,95;0,71;14121,0;36,89;48,78;7,01;17,79;4,91;38,04;13,64;70,78;19,88;14,84;14,24;17,39;66,54;62,16
10086;Granja, La;8,79;35,1;0,96;0,35;12558,0;33,1;52,61;4,53;36,94;18,92;27,03;17,65;62,75;29,15;12,2;17,63;17,16;62,71;45,73
10087;Guadalupe;10,67;29,66;6,98;0,88;13594,0;31,13;50,36;5,83;25,95;9,6;14,97;20,18;65,71;21,24;17,42;20,3;12,06;69,04;50,82
10088;Guijo de Coria;5,88;33,69;5,35;0,74;13030,0;26,82;55,31;8,38;40,62;31,75;20,63;16,13;69,35;31,87;12,64;12,64;24,71;57,14;46,96
10089;Guijo de Galisteo;12,49;20,94;1,71;1,24;11862,0;35,33;52,08;4,09;29,0;23,84;19,04;15,78;72,43;21,6;13,38;13,45;19,07;57,8;51,85
10090;Guijo de Granadilla;7,63;40,6;2,21;1,33;13765,0;29,2;50,0;9,51;32,47;18,18;16,23;22,38;62,94;34,65;10,96;14,25;25,41;57,02;40,66
10091;Guijo de Santa Bárbara;11,2;30,77;4,53;0,94;13694,0;31,66;53,25;5,33;37,93;13,79;24,14;30,43;58,7;23,55;17,44;24,71;15,88;65,0;50,15
10092;Herguijuela;4,87;30,49;4,87;0,82;13414,0;35,16;45,7;5,47;25,0;9,62;18,27;22,0;61,0;17,44;17,83;16,67;25,93;59,52;52,53
10093;Hernán-Pérez;9,83;28,58;4,24;0,97;11438,0;38,32;46,46;2,89;40,94;22,82;18,12;16,79;71,53;22,83;17,59;16,01;19,21;66,67;53,28
10094;Herrera de Alcántara;7,16;37,47;9,17;0,0;15120,0;28,57;51,72;4,93;22,35;30,59;18,82;9,52;76,19;26,54;13,74;15,17;20,43;61,16;44,5
10095;Herreruela;9,82;31,89;0,3;1,26;12917,0;36,42;49,34;3,31;16,67;31,82;30,3;17,46;62,7;21,19;12,91;14,57;14,29;72,13;50,99
10096;Hervás;13,24;24,1;5,87;0,95;14116,0;32,26;50,94;7,35;25,69;2,15;22,46;28,48;62,0;19,04;18,5;28,81;16,68;62,25;52,41
10097;Higuera de Albalat;5,44;28,93;0,97;0,88;17731,0;29,47;45,26;8,42;16,33;12,5;20,83;10,64;74,47;22,11;17,89;23,16;14,29;73,85;58,95
10098;Hinojal;5,22;44,45;0,77;1,23;14256,0;26,81;51,21;8,04;29,2;16,79;21,9;23,31;72,18;28,15;16,09;16,89;16,56;69,68;42,09
10099;Holguera;13,46;27,39;1,87;1,37;11721,0;31,26;52,35;4,33;31,55;26,7;16,02;15,43;70,21;23,6;11,42;13,3;17,02;56,03;44,17
10100;Hoyos;12,31;21,74;4,47;1,3;13284,0;37,12;47,4;5,87;23,81;12,7;16,83;27,18;60,07;22,59;15,15;26,57;25,3;55,82;53,52
10101;Huélaga;17,95;18,63;2,93;1,02;10099,0;38,64;50,57;2,27;33,8;11,27;25,35;16,92;58,46;25,84;13,48;10,11;32,29;48,87;54,24
10102;Ibahernando;8,15;31,44;3,7;1,23;14084,0;32,53;51,72;3,84;22,75;10,58;25,4;18,48;67,39;23,97;19,45;20,43;17,5;63,26;47,15
10103;Jaraicejo;6,32;33,64;3,11;0,78;14393,0;36,25;48,18;4,38;26,92;18,13;13,74;19,54;67,82;23,91;15,7;19,81;14,29;71,19;47,69
10104;Jaraíz de la Vera;17,26;19,68;15,8;1,49;13132,0;32,35;52,5;6,62;23,68;11,17;21,36;25,37;57,24;23,54;16,42;22,33;12,43;57,22;49,66
10105;Jarandilla de la Vera;12,91;23,16;8,15;1,16;14485,0;31,91;51,05;7,96;30,95;13,05;15,91;25,48;60,84;19,7;18,37;24,37;12,02;60,67;50,08
10106;Jarilla;5,31;41,25;3,91;0,0;14033,0;32,06;48,09;6,87;42,55;14,89;19,15;13,64;65,91;17,29;21,05;14,29;16,67;76,92;45,11
10107;Jerte;13,99;24,57;7,17;1,47;11066,0;32,76;52,23;5,98;39,3;38,95;10,94;15,57;62,5;17,13;15,55;15,46;11,32;58,88;45,81
10108;Ladrillar;4,69;33,63;2,23;0,7;12031,0;30,51;51,41;6,21;47,56;35,37;17,07;20,0;70,0;29,67;15,93;20,33;14,61;70,37;49,44
10109;Logrosán;14,76;25,1;2,86;1,56;13183,0;34,51;46,44;7,18;25,28;17,78;17,21;22,29;59,24;22,86;18,73;16,64;16,93;62,06;49,91
10110;Losar de la Vera;12,88;24,33;14,55;1,21;12628,0;34,03;48,75;6,78;35,81;24,65;12,68;19,2;66,7;27,99;16,71;20,52;12,35;59,74;47,54
10111;Madrigal de la Vera;9,28;28,19;10,95;1,32;13455,0;32,71;48,77;8,47;31,44;9,49;20,68;20,75;69,76;19,85;20,27;17,59;18,63;59,03;47,52
10112;Madrigalejo;11,72;24,22;6,15;1,11;12053,0;31,91;51,17;6,86;21,33;32,69;16,26;14,26;57,04;24,26;16,88;14,17;20,56;52,03;46,16
10113;Madroñera;10,93;24,49;3,69;1,16;12596,0;35,73;47,15;5,71;22,89;13,03;20,77;24,67;62,21;20,2;14,13;20,48;19,91;58,44;50,42
10114;Majadas;18,02;18,57;17,45;1,34;12715,0;29,44;60,42;3,28;9,17;19,72;28,21;17,26;60,99;23,12;12,91;11,61;16,9;52,48;47,88
10115;Malpartida de Cáceres;13,1;22,14;2,96;0,8;15711,0;37,85;47,24;6,67;14,0;3,78;17,67;33,02;55,74;14,19;18,53;28,44;13,1;66,81;56,01
10116;Malpartida de Plasencia;16,01;19,19;5,77;1,26;14502,0;33,11;51,57;7,81;17,02;5,88;32,55;26,33;61,65;13,53;18,75;26,07;11,79;65,73;56,87
10117;Marchagaz;8,23;30,74;6,49;1,35;11826,0;32,08;49,53;5,19;40,0;34,55;20,0;13,46;59,62;34,08;12,56;9,87;36,27;47,79;45,95
10118;Mata de Alcántara;11,13;31,72;0,66;1,89;15019,0;33,96;49,25;2,99;29,27;12,2;13,01;31,36;66,1;24,91;17,47;28,25;8,4;71,86;48,7
10119;Membrío;8,62;30,44;3,37;0,87;13135,0;34,83;47,94;4,87;23,0;26,29;19,25;25,0;55,88;26,01;14,39;16,05;18,25;58,52;46,75
10120;Mesas de Ibor;4,11;46,58;6,85;0,54;13326,0;35,17;44,83;4,14;31,48;12,96;20,37;18,87;66,04;37,16;16,22;21,62;19,35;73,53;41,89
10121;Miajadas;15,96;20,61;4,3;1,45;14158,0;32,14;53,07;6,44;29,7;13,52;23,16;25,7;61,17;15,75;18,73;21,83;15,93;59,37;52,62
10122;Millanes;11,28;24,69;6,58;0,5;14412,0;32,69;53,85;2,88;24,72;5,62;23,6;22,35;65,88;26,19;15,71;17,62;13,13;55,13;47,14
10123;Mirabel;9,71;30,81;2,74;0,84;13946,0;36,6;40,89;7,73;14,64;7,14;31,09;21,3;57,83;23,3;16,5;16,33;18,35;62,19;47,52
10124;Mohedas de Granadilla;11,98;28,99;3,88;1,54;12274,0;28,55;54,05;4,12;32,82;21,62;16,99;25,2;64,23;28,78;13,15;16,41;21,53;60,63;48,04
10125;Monroy;10,56;25,87;1,76;0,88;12337,0;35,72;48,18;4,28;28,06;26,74;18,11;14,29;72,89;21,64;12,1;12,22;15,49;65,55;54,53
10126;Montánchez;11,97;28,78;4,39;1,32;14439,0;32,19;49,79;5,94;28,44;7,81;21,25;27,36;62,38;16,36;19,73;21,65;13,79;70,08;51,84
10127;Montehermoso;16,03;21,32;2,8;1,22;12170,0;30,89;56,45;5,28;29,05;11,69;20,52;22,39;68,32;22,49;14,59;18,52;17,83;59,37;53,19
10128;Moraleja;14,15;24,07;5,09;1,03;13077,0;33,01;50,91;7,09;26,57;8,44;22,47;23,91;64,07;19,0;15,13;18,74;16,2;59,85;50,47
10129;Morcillo;7,25;29,42;2,12;0,66;12441,0;30,06;52,31;7,23;15,75;22,83;25,98;20,83;56,67;24,29;7,14;15,14;27,33;52,3;49,43
10130;Navaconcejo;14,79;22,04;5,84;1,38;11026,0;31,52;54,23;5,09;45,2;40,6;10,25;19,44;63,8;20,02;17,74;19,52;10,02;64,13;51,15
10131;Navalmoral de la Mata;18,31;17,04;16,93;1,23;16577,0;34,35;50,99;7,61;16,6;3,9;22,04;35,14;54,37;18,78;19,0;27,56;16,29;56,36;53,71
10132;Navalvillar de Ibor;8,14;33,94;3,46;1,06;12584,0;29,89;52,3;6,61;23,31;30,08;18,05;26,19;62,7;27,25;14,04;13,2;23,27;57,55;45,3
10133;Navas del Madroño;12,17;24,94;1,52;1,32;11986,0;33,13;53,07;4,36;21,47;11,81;31,22;18,52;70,59;21,16;15,52;13,93;22,48;61,26;54,34
10134;Navezuelas;12,51;29,79;4,49;1,87;12023,0;35,04;50,53;2,46;33,19;22,69;13,45;16,44;72,15;30,24;15,46;15,29;11,11;65,09;48,44
10135;Nuñomoral;9,94;31,29;3,87;1,14;12375,0;32,33;49,81;5,77;22,37;15,98;17,78;16,85;71,74;36,17;11,3;12,12;19,58;55,6;43,34
10136;Oliva de Plasencia;10,0;29,05;2,72;1,23;15511,0;31,54;50,38;6,92;20,17;21,01;18,49;27,19;56,14;15,61;20,07;24,16;23,53;59,43;51,13
10137;Palomero;10,73;31,31;6,9;0,82;11785,0;31,43;50,91;4,94;50,0;26,83;17,89;22,43;61,68;30,88;11,52;17,4;19,08;53,85;42,61
10138;Pasarón de la Vera;9,39;27,12;6,78;0,62;13982,0;31,8;49,26;6,62;28,64;16,51;14,15;29,85;49,75;20,47;15,94;24,82;15,0;59,73;47,45
10139;Pedroso de Acim;4,16;31,09;4,95;0,0;13674,0;35,64;36,63;8,91;18,18;22,73;20,45;12,5;72,5;20,59;24,51;15,69;18,52;67,69;53,47
10140;Peraleda de la Mata;16,6;24,32;14,12;1,39;13680,0;29,95;56,26;3,72;21,89;12,23;30,37;19,71;66,32;24,04;18,74;17,85;12,46;59,72;48,55
10141;Peraleda de San Román;8,62;37,4;4,83;0,58;15036,0;29,02;50,59;7,06;34,44;16,67;24,44;20,93;61,63;21,37;14,89;16,03;28,45;58,45;44,79
10142;Perales del Puerto;10,33;27,02;5,13;1,21;11488,0;34,87;49,07;5,48;25,26;24,21;14,74;18,68;70,7;27,93;13,66;15,84;24,94;55,95;48,96
10143;Pescueza;11,68;45,77;3,36;0,82;15435,0;23,31;52,63;6,02;45,0;30,77;5,13;29,41;67,65;40,3;10,45;26,12;3,92;83,05;38,06
10144;Pesga, La;10,0;36,03;1,79;1,11;12762,0;25,32;59,65;3,58;41,81;22,34;12,41;21,56;71,75;26,65;15,83;18,0;18,87;58,06;40,62
10145;Piedras Albas;5,0;31,94;9,68;0,32;13531,0;39,5;42,86;5,04;23,4;25,53;17,02;16,28;72,09;32,77;21,85;11,76;21,82;55,84;46,22
10146;Pinofranqueado;14,9;23,79;4,48;1,43;12564,0;33,13;50,8;7,67;34,86;23,14;14,1;20,2;69,21;25,98;16,18;18,38;14,38;63,13;52,05
10147;Piornal;11,38;22,59;1,95;0,86;11031,0;34,05;54,67;2,55;55,28;43,49;9,28;25,79;66,23;22,65;12,95;23,33;8,7;66,6;52,91
10148;Plasencia;15,84;19,27;7,36;1,14;16000,0;34,29;49,93;8,42;16,99;2,49;14,63;37,02;53,0;15,95;19,15;31,54;15,66;60,25;54,79
10149;Plasenzuela;9,46;36,4;6,0;1,17;12961,0;30,53;46,9;6,86;20,65;14,84;12,26;24,5;64,24;26,68;21,43;17,02;22,63;52,31;40,08
10150;Portaje;9,55;39,52;0,8;1,67;13631,0;38,42;39,59;5,87;16,95;17,95;10,26;19,13;66,96;33,82;17,63;17,92;17,61;62,9;41,28
10151;Portezuelo;10,91;30,1;2,02;1,4;12326,0;36,02;44,09;5,91;15,58;22,08;29,87;14,86;70,27;26,46;12,17;8,99;23,66;63,39;49,47
10152;Pozuelo de Zarzón;9,88;38,56;3,25;1,32;11962,0;23,58;58,29;5,18;32,85;20,44;21,9;19,4;68,66;29,5;14,0;11,25;20,99;57,66;41,43
10153;Puerto de Santa Cruz;7,67;31,28;1,13;0,74;12668,0;33,2;48,36;4,51;22,34;25,53;21,28;18,68;64,84;20,97;16,53;24,6;20,47;63,52;51,84
10154;Rebollar;11,72;27,29;5,91;1,03;10386,0;38,01;49,12;4,09;59,72;40,28;8,33;30,51;54,24;13,97;15,64;13,97;14,1;54,47;44,32
10155;Riolobos;9,97;30,15;1,19;1,06;11079,0;31,42;50,47;5,28;33,98;25,0;20,63;14,54;74,23;27,01;11,56;11,1;18,74;57,99;45,72
10157;Robledillo de la Vera;7,01;33,47;4,78;0,68;13686,0;36,97;41,18;5,04;36,46;18,75;19,79;17,44;67,44;23,17;18,7;18,29;18,26;63,51;47,13
10158;Robledillo de Trujillo;7,56;37,06;6,85;0,68;13505,0;35,52;37,91;8,06;24,8;8,0;21,6;20,18;65,79;33,05;18,39;12,64;11,11;66,67;47,23
10159;Robledollano;6,58;36,55;9,85;0,74;12799,0;33,56;49,66;4,36;41,67;20,37;21,3;14,56;68,93;26,56;9,51;14,1;14,89;67,42;46,38
10160;Romangordo;10,42;39,33;2,5;1,58;19215,0;30,84;46,7;7,05;16,05;6,17;27,16;31,17;62,34;28,26;17,39;23,04;14,29;71,19;42,61
10162;Salorino;7,01;35,28;2,67;0,78;13554,0;39,44;44,67;5,03;15,0;22,5;13,0;20,81;59,39;27,15;13,67;15,82;16,6;69,36;49,01
10163;Salvatierra de Santiago;4,1;48,38;1,75;0,33;15137,0;33,05;48,07;5,15;35,29;17,86;17,86;28,4;64,2;32,91;14,35;18,99;7,87;80,39;37,87
10164;San Martín de Trevejo;6,89;37,07;5,45;0,49;12377,0;33,79;43,16;7,99;36,27;11,27;21,57;16,06;65,8;32,94;15,5;13,56;23,19;55,35;41,44
10165;Santa Ana;5,02;35,91;4,62;1,14;17537,0;28,52;51,55;6,19;21,09;19,53;20,31;30,4;59,2;23,13;14,97;35,03;10,74;77,33;50,68
10166;Santa Cruz de la Sierra;11,27;26,84;3,16;0,84;13375,0;34,95;45,67;9,34;28,0;31,45;12,9;22,13;56,56;19,73;22,07;23,08;16,45;63,18;52,41
10167;Santa Cruz de Paniagua;7,9;36,57;2,45;1,85;13178,0;30,63;53,87;4,43;34,09;36,36;6,82;16,67;72,62;24,09;14,96;12,77;27,64;58,55;44,89
10168;Santa Marta de Magasca;4,71;45,32;0,68;0,0;13810,0;24,28;53,62;3,99;14,63;23,17;10,98;18,99;56,96;34,41;15,77;11,83;17,54;67,63;40,86
10169;Santiago de Alcántara;4,27;43,02;2,89;0,55;14046,0;30,98;49,66;5,01;19,75;15,92;24,2;22,97;61,49;31,61;13,68;17,49;11,76;66,67;38,37
10170;Santiago del Campo;7,17;35,78;2,39;0,6;14543,0;33,62;46,55;3,88;21,05;17,89;23,16;20,65;64,13;20,94;14,53;20,09;12,07;74,45;49,79
10171;Santibáñez el Alto;8,8;30,79;7,12;0,44;12502,0;32,28;49,86;7,2;41,44;28,83;14,41;26,53;59,18;33,24;12,57;19,55;22,81;57,39;48,31
10172;Santibáñez el Bajo;8,56;28,92;2,1;0,95;13281,0;33,94;49,08;5,5;36,36;23,11;21,97;19,84;73,41;23,8;13,86;20,18;23,51;59,35;50,76
10173;Saucedilla;20,18;14,31;22,47;1,82;12597,0;36,01;51,82;6,4;14,11;13,17;31,03;15,79;65,13;19,39;17,58;13,58;21,28;56,19;59,83
10174;Segura de Toro;10,31;26,56;5,73;0,95;12435,0;35,76;44,24;7,27;16,22;10,96;27,4;14,08;66,2;22,75;16,17;23,95;20,0;58,12;50,9
10175;Serradilla;11,67;26,88;3,49;1,54;12529,0;33,11;49,06;7,52;19,19;16,28;19,77;19,33;64,71;26,62;12,5;14,71;22,87;56,6;48,63
10176;Serrejón;14,9;22,3;9,31;1,77;12952,0;35,51;52,84;4,55;12,67;20,67;14,0;21,53;56,25;22,99;15,51;15,24;18,58;58,2;51,26
10177;Sierra de Fuentes;13,39;19,23;3,61;1,31;15566,0;33,52;52,83;6,27;16,28;3,9;19,29;25,55;61,21;11,47;19,25;26,37;14,38;65,69;59,26
10178;Talaván;12,65;31,68;1,55;1,52;12740,0;27,63;53,22;6,43;25,87;15,03;27,27;18,18;69,82;26,22;15,85;13,83;17,35;60,09;46,08
10179;Talaveruela de la Vera;9,7;34,13;13,53;1,02;13087,0;35,16;45,79;6,96;35,56;16,67;20,0;18,82;63,53;25,26;17,89;24,21;21,62;52,1;39,5
10180;Talayuela;20,76;13,09;29,09;1,42;10136,0;33,83;55,25;5,54;21,97;22,1;25,66;14,58;65,0;29,79;15,18;11,29;14,69;46,73;46,63
10181;Tejeda de Tiétar;10,04;28,38;2,23;0,89;13044,0;32,7;51,6;6,25;24,91;32,13;15,88;17,84;59,48;24,71;15,52;16,52;11,64;64,49;48,27
10182;Toril;13,73;13,59;28,1;1,04;15616,0;45,8;42,75;5,34;14,67;54,67;12,0;19,72;54,93;22,3;19,42;15,11;12,35;65,14;58,7
10183;Tornavacas;11,46;26,51;4,37;0,67;10804,0;32,26;55,06;3,45;60,85;44,35;16,94;16,07;71,13;21,0;12,62;15,23;10,29;60,78;45,78
10184;Torno, El;11,02;32,91;7,59;1,22;11679,0;29,96;55,27;5,2;49,01;31,23;12,62;21,57;68,24;24,31;12,95;17,97;11,46;65,15;43,01
10185;Torrecilla de los Ángeles;10,49;33,12;5,81;1,12;11893,0;29,88;50,6;8,98;31,66;24,12;16,08;16,04;72,19;30,15;10,73;14,14;24,03;55,84;44,33
10186;Torrecillas de la Tiesa;11,39;26,58;2,99;1,23;13765,0;33,44;52,75;3,34;26,14;15,0;28,86;19,31;71,03;22,38;13,89;18,98;14,93;68,4;54,5
10187;Torre de Don Miguel;13,17;25,25;7,08;1,21;12288,0;34,56;47,3;7,84;24,58;11,8;13,48;27,91;51,74;24,17;16,35;28,2;17,53;54,98;46,41
10188;Torre de Santa María;6,42;35,35;4,13;0,57;12941,0;30,72;48,66;9,48;29,38;9,04;22,03;17,65;72,94;24,9;15,18;16,8;27,95;57,49;46,64
10189;Torrejoncillo;13,16;24,28;1,78;1,1;13500,0;32,44;51,69;4,98;20,91;7,01;30,49;22,34;69,91;19,38;14,19;18,01;19,0;60,71;52,69
10190;Torrejón el Rubio;10,31;29,72;2,21;1,45;13531,0;33,33;46,63;7,57;17,97;19,82;18,89;21,67;61,58;24,25;12,13;15,11;16,46;62,27;48,8
10191;Torremenga;13,45;21,48;8,71;1,67;14826,0;32,89;51,69;7,71;20,56;13,31;21,37;30,64;51,49;18,98;17,7;27,74;10,9;60,0;48,72
10192;Torremocha;7,8;37,52;6,26;0,9;14938,0;27,66;50,36;7,57;20,89;13,33;12,44;26,03;67,12;20,82;17,0;17,85;17,99;57,87;39,71
10193;Torreorgaz;14,23;18,99;3,35;1,01;13326,0;34,35;53,13;5,56;20,94;6,31;22,82;22,3;65,78;15,82;15,07;21,51;14,69;68,4;60,64
10194;Torrequemada;10,07;34,31;4,77;1,88;15109,0;31,95;47,14;8,28;26,82;6,82;23,18;19,91;63,51;25,68;16,73;17,32;17,24;69,9;50,88
10195;Trujillo;13,55;21,86;5,43;0,94;14204,0;35,09;49,18;7,35;21,74;6,13;21,23;28,4;60,67;15,67;20,19;26,91;15,34;62,89;54,83
10196;Valdastillas;9,97;30,93;7,46;0,91;11565,0;30,8;54,67;4,5;50,0;33,06;12,1;23,85;61,47;13,38;17,06;16,72;17,45;64,06;50,0
10197;Valdecañas de Tajo;7,35;39,18;7,14;0,64;17731,0;23,6;57,3;7,87;29,73;0,0;27,03;16,67;69,44;18,48;28,26;13,04;13,95;74,0;47,25
10198;Valdefuentes;10,14;31,86;2,59;1,28;14380,0;30,01;51,05;5,18;26,71;11,61;17,77;23,13;67,66;24,7;14,62;19,66;16,53;66,56;48,06
10199;Valdehúncar;11,32;19,37;2,65;2,03;14986,0;38,79;45,45;7,88;21,11;10,0;17,78;24,42;63,95;18,34;22,49;18,34;21,62;67,44;66,47
10200;Valdelacasa de Tajo;5,24;41,25;9,82;0,9;13954,0;32,68;46,08;3,92;37,61;13,68;27,35;12,96;65,74;31,0;13,98;13,37;17,65;65,5;41,34
10201;Valdemorales;8,35;24,5;4,13;1,3;14951,0;30,77;54,36;6,15;16,05;25,0;10,0;23,81;63,49;11,27;20,59;24,02;25,0;53,79;51,74
10202;Valdeobispo;9,68;30,49;2,92;0,96;14221,0;33,16;49,2;5,7;21,56;12,84;25,23;20,28;63,68;23,16;14,56;20,35;21,4;58,84;47,96
10203;Valencia de Alcántara;12,42;27,42;7,59;0,93;13470,0;31,73;49,63;8,01;25,85;10,26;18,55;25,04;62,44;23,76;16,76;24,02;15,79;62,5;49,35
10204;Valverde de la Vera;9,23;33,13;10,67;0,47;14633,0;33,83;45,11;6,02;29,2;6,62;13,24;32,0;55,2;31,03;15,04;24,58;26,32;52,07;41,2
10205;Valverde del Fresno;10,94;29,77;7,27;0,82;12411,0;33,77;48,57;6,41;33,28;16,11;20,52;21,49;69,31;30,32;13,73;16,64;20,61;55,6;45,7
10206;Viandar de la Vera;10,0;34,07;6,94;0,22;13880,0;29,38;47,94;5,15;33,33;19,23;24,36;27,03;63,51;28,14;16,08;25,13;17,35;65,85;49,75
10207;Villa del Campo;6,54;36,87;1,15;1,5;13042,0;35,25;43,17;4,32;32,28;25,98;14,96;23,73;67,8;31,76;12,24;13,41;24,62;61,51;46,21
10208;Villa del Rey;7,8;30,68;0,85;0,78;15110,0;35,51;50,47;0,0;22,0;18,0;14,0;14,58;81,25;20,18;16,51;22,94;17,24;67,61;53,21
10209;Villamesías;5,04;31,61;6,93;0,64;12285,0;31,08;48,61;7,17;15,28;19,44;13,89;20,29;49,28;21,59;14,77;16,29;30,28;45,51;41,44
10210;Villamiel;2,74;36,06;1,68;0,24;12923,0;34,15;48,05;2,93;29,92;22,22;24,6;25,0;60,34;39,81;10,55;16,07;23,89;57,32;43,27
10211;Villanueva de la Sierra;12,42;32,84;2,32;2,27;11909,0;26,85;55,56;6,48;40,28;30,56;11,81;13,6;75,2;27,7;14,41;16,22;21,99;57,98;43,31
10212;Villanueva de la Vera;14,01;23,51;11,95;0,87;12904,0;39,12;42,48;9,26;38,17;11,44;18,12;30,51;58,41;17,12;20,15;30,78;18,53;58,94;51,29
10213;Villar del Pedroso;7,5;35,92;11,29;1,29;12969,0;29,12;54,62;2,61;30,19;21,23;16,51;19,21;66,5;30,64;11,56;19,08;15,61;66,89;45,66
10214;Villar de Plasencia;4,8;38,22;1,78;0,24;15316,0;39,45;43,58;3,21;29,21;20,22;11,24;21,18;65,88;23,66;19,64;21,88;13,59;70,08;46,4
10215;Villasbuenas de Gata;7,91;31,68;5,18;1,44;12085,0;35,7;41,94;6,24;31,11;25,93;8,15;17,21;68,85;29,75;13,08;22,15;17,84;69,72;50,95
10216;Zarza de Granadilla;14,17;23,41;4,24;1,17;12540,0;33,01;51,92;5,71;35,84;9,04;24,15;20,25;69,63;24,03;16,02;19,21;14,72;62,24;52,4
10217;Zarza de Montánchez;7,08;35,85;3,16;0,7;14709,0;33,54;46,5;7,2;27,98;15,71;17,28;19,67;70,49;22,65;18,98;19,18;14,88;66,06;43,97
10218;Zarza la Mayor;11,34;28,49;4,96;0,95;11751,0;32,21;50,2;5,43;27,22;28,11;18,34;18,04;68,81;27,07;13,63;14,02;23,77;56,62;47,89
10219;Zorita;10,07;32,13;5,46;1,23;12543,0;29,94;46,56;7,51;24,75;19,06;13,86;22,74;60,47;27,68;14,62;16,45;26,09;54,76;44,42
10901;Rosalejo;14,74;20,58;6,69;1,41;11871,0;30,78;56,32;4,97;29,64;29,45;23,32;13,82;71,27;21,38;16,35;13,2;13,78;63,33;53,14
10902;Vegaviana;14,43;26,9;1,9;1,5;11194,0;30,98;55,43;3,12;24,64;16,49;24,37;15,79;66,54;27,11;11,28;11,28;21,21;58,37;49,12
10903;Alagón del Río;15,04;22,98;2,39;0,98;12747,0;32,52;55,91;3,34;26,99;20,92;20,62;20,39;67,76;20,78;15,74;15,37;19,44;57,17;50,13
10904;Tiétar;15,46;19,78;5,26;1,11;12497,0;30,55;55,62;6,44;23,62;20,39;27,83;13,99;68,53;18,16;16,02;13,22;13,18;55,19;47,48
10905;Pueblonuevo de Miramontes;15,38;19,6;8,9;1,23;11708,0;32,83;52,34;4,99;21,34;29,25;16,21;15,68;69,07;25,89;13,31;13,76;13,83;55,14;46,56
11001;Alcalá de los Gazules;15,38;15,33;3,66;1,25;12893,0;37,09;49,81;5,96;16,79;18,42;15,9;21,04;62,95;17,03;18,74;22,11;24,44;52,05;56,05
11002;Alcalá del Valle;14,99;18,22;4,13;1,04;11481,0;34,67;53,44;4,07;19,3;27,72;20,76;16,35;52,77;14,34;13,6;14,66;15,74;55,24;49,99
11003;Algar;15,04;19,04;6,88;1,32;12624,0;33,5;50,29;6,47;15,42;17,82;25,35;14,53;69,47;22,64;16,63;14,01;22,53;52,58;52,69
11004;Algeciras;18,89;15,56;14,59;1,22;15201,0;36,48;48,36;8,29;12,23;0,73;13,6;27,61;61,76;16,72;20,66;26,4;23,93;49,71;53,43
11005;Algodonales;14,21;20,17;5,99;1,05;11807,0;36,62;48,19;6,3;22,68;18,65;17,43;20,0;59,49;26,33;16,71;15,85;22,94;47,69;46,47
11006;Arcos de la Frontera;16,53;15,68;4,42;1,14;12103,0;34,97;51,45;6,85;14,98;8,01;23,78;22,7;63,91;16,3;22,49;20,28;26,05;49,97;55,11
11007;Barbate;16,08;16,76;5,38;1,13;11931,0;38,66;47,42;6,38;21,34;4,98;18,06;25,51;64,34;17,76;16,03;20,8;30,54;38,91;44,24
11008;Barrios, Los;19,02;13,67;7,57;1,16;15881,0;35,76;50,57;7,81;12,6;1,9;22,61;24,75;64,32;14,51;21,37;25,75;18,68;55,72;57,27
11009;Benaocaz;12,27;17,67;5,75;0,84;15004,0;35,81;46,13;10,93;23,84;7,62;33,44;28,33;60,41;13,11;19,44;27,25;21,22;62,72;60,92
11010;Bornos;15,37;17,29;3,13;1,08;11305,0;34,48;52,13;5,77;15,75;18,0;21,67;20,38;57,62;27,03;15,66;16,22;23,76;46,6;47,93
11011;Bosque, El;16,51;16,7;6,06;0,98;14167,0;38,41;45,5;8,79;19,93;3,63;27,08;25,06;64,53;15,67;18,6;25,8;18,35;57,96;56,26
11012;Cádiz;12,86;24,11;4,75;0,82;18737,0;37,86;44,49;7,9;12,64;0,21;9,7;42,85;47,76;13,41;19,83;39,39;19,31;57,78;50,38
11013;Castellar de la Frontera;17,54;14,15;7,54;1,07;13515,0;39,56;47,21;6,77;16,76;11,35;16,03;20,21;65,11;18,31;20,37;22,4;18,93;56,61;57,96
11014;Conil de la Frontera;18,4;15,58;9,24;1,22;14224,0;37,52;49,8;6,23;29,89;7,01;15,43;29,71;60,49;19,75;19,03;27,61;18,73;48,31;48,13
11015;Chiclana de la Frontera;18,29;13,95;7,37;1,18;13901,0;36,0;50,7;7,91;18,23;0,88;19,22;30,96;61,28;14,2;22,05;28,3;23,73;48,04;52,87
11016;Chipiona;17,43;15,96;5,21;1,26;11306,0;38,27;46,89;8,01;23,93;13,52;12,72;22,0;61,41;20,39;17,77;18,39;24,44;47,31;50,62
11017;Espera;15,37;17,84;1,57;1,15;11900,0;35,03;53,05;3,79;12,59;10,77;35,31;16,67;65,62;23,3;15,58;15,1;21,21;49,25;48,51
11018;Gastor, El;13,01;20,62;7,17;0,88;12893,0;35,69;48,3;6,4;23,66;18,61;22,43;21,16;54,25;23,07;14,96;19,91;22,37;52,43;49,97
11019;Grazalema;12,28;20,12;4,33;0,7;12698,0;38,23;49,12;4,76;22,43;10,16;22,08;22,01;65,23;19,4;17,86;19,85;19,62;59,99;56,21
11020;Jerez de la Frontera;17,29;16,7;6,23;1,08;14500,0;36,18;49,11;7,98;14,81;2,47;14,45;32,39;57,25;14,17;22,28;28,5;23,23;53,5;55,49
11021;Jimena de la Frontera;18,14;16,67;15,77;1,34;12544,0;36,33;50,45;6,2;21,45;16,92;19,0;20,52;60,19;22,2;17,39;21,38;20,74;52,07;52,42
11022;Línea de la Concepción, La;18,01;15,83;14,01;1,36;13398,0;39,62;45,16;8,0;16,36;1,14;19,4;27,61;62,2;24,8;21,55;20,33;34,49;36,54;45,12
11023;Medina Sidonia;16,83;16,19;3,85;1,06;12416,0;34,46;53,96;5,43;16,0;10,34;22,43;22,79;62,73;21,7;18,13;21,21;24,2;51,74;55,2
11024;Olvera;15,32;20,55;6,52;1,19;12971,0;32,21;54,06;4,15;23,12;17,68;18,15;27,81;53,9;20,54;23,8;21,85;16,99;57,04;51,07
11025;Paterna de Rivera;16,78;14,75;2,79;1,1;11608,0;35,5;52,61;5,24;15,2;9,39;35,29;17,21;67,89;21,59;16,36;14,57;24,65;47,45;52,53
11026;Prado del Rey;14,96;17,63;4,55;1,11;11643,0;36,1;49,73;5,92;23,97;7,78;31,45;22,8;65,93;19,26;16,12;21,54;23,13;53,55;55,16
11027;Puerto de Santa María, El;17,6;16,81;7,29;1,16;16103,0;37,2;47,93;8,26;14,65;1,03;13,42;37,47;52,53;12,0;22,71;33,79;20,84;53,81;53,71
11028;Puerto Real;16,3;15,63;5,56;1,0;15364,0;35,81;50,05;7,89;11,18;1,37;19,95;33,31;55,95;12,29;22,3;32,44;20,05;54,05;55,21
11029;Puerto Serrano;18,71;11,64;1,68;1,29;10416,0;39,49;50,39;4,15;9,78;39,6;16,93;10,19;48,09;26,29;13,91;8,95;15,0;48,08;48,5
11030;Rota;16,92;16,49;8,25;1,15;15368,0;35,69;50,42;7,79;15,64;2,26;13,31;29,62;60,72;15,82;24,06;28,72;18,4;55,04;53,04
11031;San Fernando;16,5;17,89;3,39;1,03;15365,0;34,94;50,27;7,62;10,58;0,33;10,91;35,39;56,86;12,41;25,0;31,84;21,87;53,26;52,97
11032;Sanlúcar de Barrameda;18,14;16,07;3,46;1,24;11747,0;35,57;51,07;7,06;19,36;15,17;14,29;24,41;60,01;20,55;16,42;21,22;24,48;50,26;53,27
11033;San Roque;19,25;14,24;21,5;1,24;16705,0;38,29;47,28;8,28;18,93;1,35;21,75;29,12;57,15;17,68;25,99;27,01;22,3;47,12;50,4
11034;Setenil de las Bodegas;14,31;18,82;4,47;1,06;12642,0;36,34;50,59;4,97;24,11;14,52;24,03;17,93;65,4;17,58;16,94;14,59;17,24;57,15;53,47
11035;Tarifa;15,59;15,73;12,68;1,13;15525,0;42,25;43,76;7,36;23,62;3,98;11,12;29,37;60,44;15,12;23,17;28,32;16,61;52,24;50,45
11036;Torre Alháquime;13,37;22,07;2,56;1,3;11969,0;32,95;54,48;3,47;16,67;28,84;11,61;19,16;51,34;23,06;12,31;15,56;17,23;53,06;46,49
11037;Trebujena;17,2;17,85;4,04;1,27;13932,0;35,47;51,17;6,24;12,91;7,12;7,19;27,09;64,6;20,04;22,14;24,88;15,65;62,16;57,19
11038;Ubrique;16,11;18,65;5,96;1,06;14141,0;32,55;53,1;6,31;15,53;1,97;55,11;20,16;74,11;20,3;16,28;19,3;15,86;64,41;59,7
11039;Vejer de la Frontera;16,54;16,43;6,51;1,07;12156,0;37,49;50,23;5,32;26,83;8,49;17,03;23,96;63,88;20,73;18,46;21,8;25,12;47,4;50,75
11040;Villaluenga del Rosario;14,18;21,25;2,59;1,03;14626,0;32,74;57,11;4,06;17,89;13,16;34,74;25,41;63,54;16,79;18,25;25,06;13,39;64,88;55,86
11041;Villamartín;16,92;15,06;4,01;1,22;12621,0;36,09;50,38;6,04;16,6;9,89;21,11;23,83;63,05;18,89;17,78;20,62;24,21;50,35;54,24
11042;Zahara;12,36;22,85;4,65;0,94;13393,0;35,28;49,96;5,25;19,63;14,4;20,37;22,25;62,56;25,12;18,82;18,5;18,06;55,37;49,02
11901;Benalup-Casas Viejas;16,25;14,87;3,54;1,22;12362,0;36,6;50,7;6,42;15,53;15,5;26,63;20,2;59,88;12,22;17,32;19,87;21,95;51,9;54,55
11902;San José del Valle;15,96;17,47;2,74;1,34;11629,0;36,51;48,98;6,12;19,65;16,97;21,62;19,56;64,69;24,27;17,04;14,55;23,43;51,15;52,2
11903;San Martín del Tesorillo;17,6;15,49;21,92;1,16;10967,0;38,24;49,19;5,9;21,28;12,49;19,78;16,01;60,9;27,65;15,79;16,89;20,91;49,08;50,77
12001;Atzeneta del Maestrat;13,2;28,02;11,86;1,05;17245,0;33,78;50,49;5,39;26,1;11,76;23,71;30,59;54,49;20,33;13,78;28,08;6,49;75,44;52,08
12002;Aín;6,47;33,08;3,01;1,11;20391,0;40,16;46,72;4,1;17,24;20,69;18,97;38,18;36,36;8,13;13,82;44,72;8,06;74,03;50,41
12003;Albocàsser;15,18;24,5;18,25;1,45;15115,0;31,47;54,5;4,31;29,35;15,33;21,12;23,32;59,09;22,21;15,95;22,13;8,43;64,02;50,39
12004;Alcalà de Xivert;15,77;21,8;33,54;1,09;14943,0;32,96;49,95;9,83;25,5;9,49;19,33;26,37;55,09;22,94;17,56;20,16;10,02;55,25;45,93
12005;Alcora, l';16,08;18,03;11,77;1,09;18183,0;31,74;53,62;7,15;14,83;0,75;47,82;24,32;62,21;16,5;17,34;22,77;13,67;61,34;55,72
12006;Alcudia de Veo;8,37;22,07;4,43;0,85;18195,0;38,92;45,32;7,88;13,33;13,33;32,38;13,73;66,67;14,22;19,61;25,49;11,11;73,76;57,64
12007;Alfondeguilla;13,8;24,0;7,6;0,99;15432,0;30,89;51,0;8,92;12,05;3,08;27,69;25,21;55,89;15,88;15,75;27,53;9,8;66,11;51,42
12008;Algimia de Almonacid;3,98;33,39;11,55;0,22;15625,0;41,74;31,4;11,57;35,79;12,77;22,34;17,44;66,28;11,6;21,2;26,4;14,66;64,71;46,59
12009;Almassora;19,5;13,49;21,66;1,33;15739,0;33,91;50,33;9,79;12,81;1,82;30,19;23,43;61,38;12,46;21,35;23,9;13,28;62,37;61,31
12010;Almedíjar;9,83;27,75;6,92;1,37;17186,0;34,51;53,33;5,49;23,33;11,67;16,67;36,36;50,91;10,34;21,84;33,33;8,33;70,35;50,77
12011;Almenara;16,32;16,96;17,43;1,21;17216,0;33,42;49,44;10,17;12,53;6,22;20,74;26,73;52,7;12,59;21,1;27,09;7,19;66,78;57,84
12012;Altura;17,79;18,51;16,44;1,35;14348,0;31,5;55,67;5,78;24,32;9,42;32,08;26,6;58,64;15,44;16,75;25,26;10,32;64,23;56,23
12013;Arañuel;7,11;33,15;10,07;1,31;13811,0;32,61;44,93;9,42;22,41;17,24;13,79;25,45;56,36;10,67;21,33;28,0;13,79;59,52;38,67
12014;Ares del Maestrat;8,68;33,96;2,2;2,45;18490,0;25,9;60,24;5,42;37,97;25,32;17,72;29,73;59,46;17,86;19,64;25,0;11,36;77,23;52,38
12015;Argelita;7,61;24,51;6,34;0,48;17514,0;36,15;44,62;12,31;16,0;17,33;28,0;26,15;46,15;8,09;13,24;33,09;9,09;73,68;57,04
12016;Artana;14,85;21,89;8,89;1,08;16055,0;32,67;51,9;7,53;12,77;9,01;23,28;19,56;52,11;12,71;14,52;20,93;5,65;72,65;57,7
12017;Ayódar;4,43;37,27;8,52;0,33;19765,0;35,29;46,47;8,24;13,33;5,0;43,33;17,54;64,91;13,71;20,0;23,43;20,25;63,0;45,14
12018;Azuébar;11,64;25,01;6,69;1,18;15180,0;30,87;47,27;10,29;22,39;4,48;25,37;21,97;60,61;8,23;19,94;22,78;11,38;64,91;53,02
12020;Barracas;17,82;19,48;21,76;1,29;15139,0;41,03;43,59;4,49;42,68;31,71;8,54;18,31;69,01;18,24;13,53;25,88;8,7;67,2;55,09
12021;Betxí;15,61;18,73;9,15;1,4;17578,0;32,87;51,54;8,12;14,32;6,4;29,42;26,31;52,96;11,99;18,3;23,89;5,91;72,16;59,3
12022;Bejís;8,8;26,45;13,25;0,84;15625,0;31,78;54,23;7,87;30,91;9,15;21,34;27,67;52,2;16,03;18,21;29,08;7,95;64,03;48,09
12024;Benafer;10,65;17,28;8,28;0,33;15524,0;42,86;38,31;9,74;18,67;14,67;25,33;17,91;70,15;9,94;24,22;32,92;19,15;60,32;58,39
12025;Benafigos;4,79;40,83;11,57;0,5;17158,0;35,54;47,11;5,79;26,83;14,63;34,15;25,0;61,11;34,4;18,4;15,2;8,89;66,13;36,0
12026;Benassal;12,82;27,01;12,13;1,51;15624,0;33,11;51,05;5,06;26,28;8,84;34,88;26,72;60,05;16,97;17,5;24,71;10,29;68,98;50,96
12027;Benicarló;17,86;17,05;31,12;1,36;14250,0;33,17;51,28;8,72;18,42;9,8;21,92;26,73;55,02;15,86;20,26;23,87;11,2;54,67;49,6
12028;Benicàssim/Benicasim;16,5;17,61;18,27;1,15;25886,0;33,43;50,35;10,36;22,29;0,85;17,71;48,27;45,12;6,21;21,0;52,4;7,84;66,29;56,91
12029;Benlloc;17,36;19,77;24,87;1,24;15148,0;30,83;53,26;6,52;19,83;13,22;30,49;22,92;57,08;15,75;18,34;20,0;10,42;63,13;54,07
12031;Borriol;18,87;14,33;14,57;1,22;19658,0;32,44;54,02;8,32;19,11;1,15;29,84;34,5;53,4;9,81;23,39;34,07;11,77;65,82;61,72
12032;Borriana/Burriana;17,87;16,09;24,14;1,21;15949,0;32,63;51,04;8,78;15,0;4,83;24,99;29,19;54,21;11,53;26,58;28,8;12,06;58,97;55,59
12033;Cabanes;16,59;20,06;27,79;1,44;14969,0;31,12;49,61;10,45;23,43;9,65;28,47;25,85;58,35;18,18;19,88;22,53;11,99;58,24;52,36
12034;Càlig;15,5;21,33;19,2;1,09;14430,0;30,26;52,85;8,39;26,76;9,42;31,66;25,0;58,38;17,96;19,3;22,09;9,23;60,83;50,37
12036;Canet lo Roig;11,47;30,34;14,12;0,96;14105,0;30,41;54,22;5,91;39,75;25,41;26,23;22,47;64,76;23,23;15,23;21,82;9,82;63,46;45,17
12038;Castellfort;9,89;33,03;4,49;0,23;18921,0;35,33;50,9;4,79;35,37;18,29;30,49;25,64;65,38;23,26;11,05;19,77;5,32;83,18;54,97
12039;Castellnovo;9,68;27,82;8,89;0,9;17506,0;28,77;55,28;5,28;21,29;5,66;27,22;35,67;52,25;12,99;21,32;27,57;11,91;62,94;49,88
12040;Castelló de la Plana/Castellón de la Plana;16,73;17,62;24,67;1,09;18064,0;34,43;49,11;9,1;13,67;1,07;22,62;34,95;53,23;10,41;23,95;34,07;13,82;59,78;55,63
12041;Castillo de Villamalefa;2,3;32,39;2,65;0,0;23535,0;36,94;50,45;6,31;10,0;12,0;30,0;25,53;53,19;17,7;15,04;26,55;7,41;71,43;48,21
12042;Catí;13,41;30,14;14,46;1,09;16892,0;27,33;56,59;3,86;40,2;21,24;27,45;26,28;61,43;30,74;13,38;20,88;4,05;73,33;47,84
12043;Caudiel;10,68;24,92;13,45;0,79;16366,0;31,3;48,51;10,64;18,93;10,04;22,58;29,73;54,83;14,48;20,97;28,21;13,94;60,3;50,08
12044;Cervera del Maestre;7,26;33,41;31,38;0,8;14585,0;27,01;52,45;10,18;30,18;8,11;22,07;28,23;57,42;28,48;16,2;22,09;12,5;61,88;42,17
12045;Cinctorres;17,12;24,55;8,12;1,49;16075,0;34,53;54,42;2,21;29,9;11,34;29,9;26,32;58,42;19,95;14,56;25,88;6,57;79,92;57,72
12046;Cirat;4,09;29,64;8,18;0,6;18478,0;38,16;42,51;6,76;19,42;8,74;32,04;27,55;59,18;15,71;24,29;26,19;13,39;70,29;53,59
12048;Cortes de Arenoso;13,44;22,02;9,46;1,92;13529,0;39,85;45,11;6,02;22,46;12,32;50,72;15,27;55,73;17,08;15,66;18,51;9,8;67,32;55,23
12049;Costur;14,08;21,61;5,29;1,01;17382,0;33,69;56,01;3,43;16,87;4,53;38,68;30,67;54,22;13,42;19,29;26,42;14,55;70,78;58,02
12050;Coves de Vinromà, les;16,45;23,59;26,05;1,74;14545,0;29,6;55,64;4,9;30,41;23,01;25,48;26,59;55,64;26,13;14,8;20,78;9,99;63,08;51,15
12051;Culla;9,18;33,4;12,33;1,51;15571,0;35,14;47,52;4,95;42,66;20,18;27,52;24,02;64,71;31,97;12,31;22,03;5,04;79,3;51,97
12052;Xert;8,5;28,3;16,41;0,47;17615,0;31,05;51,09;5,01;33,11;17,05;23,28;31,6;55,56;18,79;17,24;29,5;5,66;67,72;49,92
12053;Chilches/Xilxes;15,15;17,78;21,09;1,3;15634,0;31,48;50,12;11,31;12,57;5,09;26,83;23,2;54,32;12,09;18,95;25,92;10,45;59,83;54,49
12055;Xodos/Chodos;8,6;29,35;0,93;1,0;20323,0;34,62;52,88;6,73;17,86;12,5;23,21;32,73;47,27;22,64;14,15;34,91;5,66;80,65;50,48
12056;Chóvar;9,87;25,47;6,6;1,45;15274,0;31,69;53,52;5,99;21,05;24,06;21,8;24,39;52,85;2,41;13,45;24,14;12,08;64,53;51,74
12057;Eslida;13,9;20,76;16,77;0,89;15906,0;31,23;51,54;9,54;17,7;10,25;27,95;25,24;58,25;11,93;16,67;28,45;8,17;60,15;51,52
12059;Fanzara;8,11;32,43;5,41;0,91;17457,0;33,33;48,15;8,52;20,0;8,18;22,73;21,15;66,35;11,91;21,66;28,88;11,2;64,53;46,13
12060;Figueroles;13,42;20,95;6,65;1,24;17309,0;32,53;53,85;5,27;13,91;4,35;43,04;18,43;60,37;12,07;17,46;19,4;14,29;62,25;54,66
12061;Forcall;13,52;26,19;11,58;1,15;17658,0;30,79;50,49;5,42;30,81;13,27;17,06;27,18;56,31;19,38;16,27;27,27;5,96;72,18;52,28
12064;Fuentes de Ayódar;3,27;32,45;6,12;0,0;19730,0;31,87;45,05;15,38;25,49;9,8;35,29;25,0;56,25;6,52;29,35;21,74;8,77;88,14;61,96
12065;Gaibiel;5,6;34,6;5,0;0,84;15714,0;30,69;46,03;8,47;34,94;3,61;25,3;24,69;55,56;12,17;19,58;16,93;16,09;62,93;46,03
12067;Geldo;13,69;21,47;12,16;0,76;15497,0;32,07;49,37;8,65;19,5;6,74;26,95;22,91;60,73;14,68;17,27;22,11;16,77;63,33;58,09
12068;Herbers;8,24;37,94;11,76;1,17;16609,0;28,81;55,93;8,47;24,0;40,0;12,0;20,0;52,0;20,0;15,38;15,38;8,82;91,18;52,31
12069;Higueras;1,89;20,0;5,66;0,0;19730,0;42,22;40,0;6,67;9,09;22,73;22,73;27,27;22,73;13,04;10,87;41,3;4,17;58,97;52,17
12070;Jana, la;14,05;27,02;18,15;0,87;12981,0;29,0;54,48;6,33;36,26;25,95;22,9;19,5;62,66;21,59;17,61;28,57;8,97;68,33;50,59
12071;Jérica;14,36;21,27;11,26;1,27;15475,0;34,88;48,53;8,19;22,4;6,44;27,67;25,45;59,39;11,62;19,3;26,66;13,02;60,35;52,35
12072;Llucena/Lucena del Cid;13,23;23,89;15,02;1,33;17615,0;31,42;52,7;6,73;18,18;2,78;44,34;27,77;53,2;18,24;20,14;25,3;10,64;64,52;50,96
12073;Ludiente;9,4;29,52;14,46;1,67;15393,0;29,66;57,24;3,45;34,92;12,7;36,51;32,2;55,93;18,24;16,35;23,9;12,0;66,67;47,77
12074;Llosa, la;16,09;18,86;12,5;0,84;14246,0;35,29;45,06;10,69;12,07;10,71;22,32;15,57;54,01;13,61;16,68;15,37;7,39;68,49;57,3
12075;Mata de Morella, la;16,68;16,38;26,13;2,2;16305,0;31,33;59,33;3,33;29,27;24,39;26,83;23,68;59,21;17,09;17,72;32,91;4,0;72,18;64,1
12076;Matet;7,66;30,43;5,32;1,27;19730,0;26,83;50,0;14,63;13,79;6,9;34,48;17,24;68,97;14,12;24,71;9,41;26,32;47,46;45,78
12077;Moncofa;15,87;17,5;23,25;1,2;16203,0;32,92;48,01;12,62;16,08;4,33;23,17;26,49;58,33;13,1;19,92;28,6;10,37;59,6;54,21
12078;Montán;11,33;36,13;7,93;1,32;14393,0;33,6;45,97;7,26;26,28;7,3;20,44;17,29;63,91;20,42;19,63;19,37;9,04;68,95;43,68
12079;Montanejos;13,67;19,51;24,88;0,67;16064,0;39,64;40,83;9,86;26,74;2,71;13,57;23,72;60,87;7,71;20,25;26,16;9,16;51,12;45,55
12080;Morella;14,73;23,25;17,15;1,21;18454,0;31,42;54,86;4,23;28,84;10,55;16,84;31,07;56,79;18,48;20,72;28,62;4,11;78,5;58,41
12081;Navajas;13,28;22,94;19,22;0,98;18634,0;30,37;48,31;12,01;21,12;5,61;20,46;32,53;52,6;14,08;21,9;30,47;11,61;53,42;45,9
12082;Nules;18,37;17,64;19,59;1,29;16396,0;32,62;51,61;8,63;13,47;8,56;24,04;26,77;51,59;12,95;18,09;25,06;7,73;64,69;55,99
12083;Olocau del Rey;18,87;22,98;25,53;2,15;15210,0;28,16;64,08;1,94;47,27;34,55;23,64;27,78;53,7;27,19;18,42;19,3;0,0;70,73;50,88
12084;Onda;18,37;15,83;17,58;1,26;16788,0;32,75;52,01;8,21;13,32;1,54;38,46;25,7;58,79;13,23;18,33;24,06;13,3;61,19;57,66
12085;Orpesa/Oropesa del Mar;17,28;16,24;44,15;1,22;14962,0;32,49;48,81;12,84;23,47;2,63;21,28;27,88;59,42;15,4;22,32;24,94;15,89;43,23;44,2
12088;Pavías;6,58;21,37;1,37;1,75;19730,0;35,21;56,34;7,04;11,11;27,78;19,44;28,57;42,86;8,45;21,13;40,85;2,7;72,0;52,11
12089;Peníscola/Peñíscola;15,59;21,7;33,56;1,2;15600,0;33,53;49,3;9,98;31,51;6,28;14,69;28,82;60,52;17,38;22,38;26,79;9,89;49,93;42,1
12090;Pina de Montalgrao;8,03;34,26;4,1;0,0;19067,0;36,61;49,11;4,46;19,23;26,92;17,31;30,43;43,48;16,96;25,0;25,89;8,06;85,07;55,36
12091;Portell de Morella;4,52;44,65;3,23;0,7;19192,0;31,54;51,01;4,03;26,23;14,75;31,15;27,12;50,85;22,52;10,6;20,53;8,2;74,67;40,4
12092;Puebla de Arenoso;9,23;31,48;7,69;0,88;17432,0;33,33;43,79;11,76;18,87;11,32;20,75;23,08;53,85;16,77;18,63;30,43;16,67;61,86;45,57
12093;Pobla de Benifassà, la;12,61;21,91;12,17;2,1;19240,0;38,54;45,31;10,94;24,53;10,38;20,75;32,0;52,0;10,19;25,0;37,04;6,5;78,23;57,48
12094;Pobla Tornesa, la;19,85;14,1;10,55;1,07;19189,0;33,96;51,21;8,12;16,42;0,81;31,76;32,19;54,04;9,17;24,1;33,27;9,9;69,78;63,42
12095;Ribesalbes;14,25;22,83;8,71;1,36;18244,0;31,09;53,07;6,83;12,56;1,77;50,55;22,79;58,84;21,27;15,29;17,95;10,58;61,59;50,39
12096;Rossell;10,29;25,97;10,68;0,53;13720,0;32,38;50,5;7,75;30,49;17,31;28,02;22,35;62,46;16,0;19,39;23,03;12,87;64,9;53,24
12097;Sacañet;5,37;30,15;7,46;0,88;19730,0;27,78;54,17;12,5;6,25;9,38;28,12;32,26;54,84;4,05;21,62;37,84;17,65;68,29;45,95
12098;Salzadella, la;13,26;29,17;14,84;0,99;14349,0;29,07;54,84;5,19;28,29;16,73;23,9;22,63;59,26;23,19;12,01;21,55;9,79;65,98;47,59
12099;Sant Jordi/San Jorge;10,97;23,92;37,5;1,19;16553,0;27,1;54,19;12,9;26,5;8,29;15,67;31,5;54,5;24,47;18,9;26,98;12,41;49,24;44,02
12100;Sant Mateu;17,96;21,05;20,6;1,39;16141,0;30,19;55,12;6,38;23,73;9,4;25,42;27,25;58,88;16,07;19,04;25,98;9,67;65,81;54,82
12101;San Rafael del Río;16,16;25,45;19,78;0,99;14060,0;27,02;52,66;11,55;23,24;14,59;28,11;19,34;64,64;16,92;19,96;17,57;9,01;64,13;48,79
12102;Santa Magdalena de Pulpis;15,33;23,08;22,46;1,06;12967,0;30,85;52,22;8,39;25,77;16,15;27,15;19,57;61,57;22,27;18,68;17,19;11,52;60,46;50,0
12103;Serratella, la;6,14;35,26;7,02;0,0;17314,0;28,7;56,48;6,48;30,95;14,29;23,81;21,05;60,53;12,73;10,91;24,55;12,73;71,64;50,93
12104;Segorbe;16,75;19,3;18,72;1,23;16303,0;32,52;50,58;8,56;20,34;5,07;23,41;31,73;54,79;14,78;22,22;29,38;10,8;61,87;53,99
12105;Sierra Engarcerán;11,51;25,51;13,45;1,05;15864,0;33,18;52,02;5,16;36,55;17,86;26,68;20,93;65,42;20,04;14,79;21,65;8,16;74,58;56,85
12106;Soneja;16,11;22,91;11,04;1,4;16662,0;31,26;51,24;8,79;18,8;3,7;29,89;31,73;54,81;16,01;18,81;28,7;9,58;68,15;54,32
12107;Sot de Ferrer;11,43;23,03;11,68;1,3;17468,0;35,14;47,64;8,73;22,37;10,05;21,0;38,54;45,37;14,44;23,78;31,33;8,57;69,35;54,93
12108;Suera/Sueras;15,23;21,82;7,73;1,57;17353,0;35,02;47,77;9,51;17,05;1,55;34,11;30,28;57,37;6,26;18,98;26,81;10,87;64,91;55,2
12109;Tales;16,87;18,92;6,46;1,2;17569,0;34,14;47,17;11,05;14,14;2,24;38,31;23,77;59,43;14,31;18,19;25,97;11,83;69,09;60,36
12110;Teresa;8,35;31,42;13,78;1,17;15974,0;35,02;50,69;4,15;19,8;12,87;32,67;21,65;60,82;12,27;18,18;20,91;12,15;62,67;48,64
12111;Tírig;10,41;30,31;15,83;0,58;14858,0;28,09;51,4;5,9;41,77;26,58;19,62;29,53;53,02;27,84;13,66;19,59;8,09;65,7;44,94
12112;Todolella;15,56;23,11;14,07;0,91;14572,0;36,22;51,18;5,51;30,77;29,23;33,85;15,87;57,14;29,23;11,54;20,77;5,88;79,01;52,71
12113;Toga;9,72;23,55;9,35;0,41;16849,0;37,76;44,9;7,14;7,84;5,88;17,65;12,77;53,19;7,92;24,75;25,74;13,56;71,83;58,42
12114;Torás;8,78;26,13;16,24;1,58;20349,0;30,51;51,27;9,75;21,01;15,97;13,45;31,86;55,75;15,14;16,33;33,47;10,95;73,05;55,02
12115;Toro, El;6,77;35,64;10,89;0,67;21490,0;30,67;48,32;10,08;37,76;18,37;26,53;20,93;60,47;15,23;19,75;23,05;14,63;73,94;50,83
12116;Torralba del Pinar;1,75;21,05;3,51;0,0;19730,0;39,29;41,07;8,93;19,51;19,51;14,63;31,71;41,46;8,77;28,07;28,07;2,86;80,95;61,4
12117;Torreblanca;15,73;20,06;27,41;1,13;13616,0;31,63;51,06;8,86;21,98;11,44;24,36;19,13;62,09;14,3;18,93;17,08;12,72;55,75;48,65
12118;Torrechiva;12,96;15,74;12,04;1,05;19730,0;44,79;37,5;11,46;13,95;20,93;25,58;20,0;42,5;4,95;17,82;24,75;14,81;58,97;53,47
12119;Torre d'en Besora, la;11,59;32,2;8,54;1,35;14963,0;29,17;61,81;2,78;43,94;31,82;28,79;25,0;62,5;18,37;15,65;21,09;5,19;79,35;52,74
12120;Torre d'en Doménec, la;9,09;36,93;17,61;1,83;15389,0;24,52;55,48;4,52;24,56;17,54;22,81;26,42;56,6;25,6;14,88;24,4;19,12;59,78;40,96
12121;Traiguera;11,95;27,99;16,1;0,85;13828,0;29,14;55,53;5,7;33,73;21,1;30,77;23,33;61,88;17,54;14,33;18,3;7,62;61,66;45,79
12122;Useres, les/Useras;11,01;28,24;13,15;1,17;17402,0;29,88;51,57;7,59;27,53;14,21;33,5;23,06;58,98;21,49;19,77;19,89;11,64;67,78;50,34
12124;Vall d'Alba;17,05;18,51;26,88;1,35;15013,0;30,54;55,7;7,1;20,19;11,65;33,68;19,38;60,15;16,71;17,5;18,97;12,19;60,42;54,91
12125;Vall de Almonacid;10,67;25,54;7,72;0,3;16279,0;29,37;49,6;11,11;17,52;12,41;18,98;24,43;58,78;16,92;20,38;29,23;3,45;77,35;56,42
12126;Vall d'Uixó, la;16,59;19,08;12,07;1,15;15820,0;31,33;52,28;8,93;12,96;3,57;26,94;27,95;54,58;14,64;16,19;24,03;11,45;63,41;55,46
12127;Vallibona;2,54;20,95;3,17;0,0;16609,0;49,21;39,68;1,59;23,33;16,67;6,67;23,33;60,0;11,11;14,29;39,68;5,88;69,57;53,97
12128;Vilafamés;16,73;17,56;13,67;1,41;17878,0;31,89;53,54;6,95;17,83;3,89;38,51;28,5;53,8;14,29;21,43;28,27;10,91;65,42;58,37
12129;Vilafranca/Villafranca del Cid;12,59;27,33;7,99;1,23;15920,0;35,22;51,55;3,64;19,19;5,78;40,81;25,39;59,45;20,72;18,26;22,08;16,94;63,06;50,95
12130;Villahermosa del Río;8,97;40,0;10,48;1,67;16709,0;30,43;50,11;6,86;30,11;21,51;18,82;17,98;59,55;27,69;12,09;14,95;7,77;77,73;42,51
12131;Villamalur;3,23;32,53;3,03;1,08;19730,0;30,11;58,06;5,38;11,63;0,0;30,23;45,0;50,0;12,63;16,84;40,0;8,51;71,67;50,0
12132;Vilanova d'Alcolea;11,25;26,76;11,98;1,71;18273,0;33,14;51,83;5,78;19,69;6,56;30,89;30,4;52,4;14,78;17,34;30,29;7,33;69,13;50,46
12133;Villanueva de Viver;2,98;35,11;14,89;0,0;19730,0;39,56;40,66;8,79;16,0;16,0;12,0;27,08;47,92;17,35;23,47;30,61;12,5;72,41;49,48
12134;Vilar de Canes;9,87;25,26;1,92;0,81;12013,0;35,21;49,3;2,11;50,68;42,47;17,81;18,97;72,41;15,28;18,75;19,44;6,17;72,38;57,04
12135;Vila-real;18,29;15,72;18,72;1,22;17228,0;33,31;51,2;8,38;13,88;2,04;31,37;29,17;55,87;12,2;21,48;26,91;12,44;62,09;58,43
12136;Vilavella, la;14,2;23,12;3,75;1,08;16833,0;32,67;53,02;5,49;15,47;11,48;22,95;26,4;50,21;10,31;16,89;25,78;4,45;74,53;56,59
12138;Vinaròs;16,61;19,16;25,53;1,11;15613,0;32,76;49,65;9,65;19,01;6,23;21,98;27,34;57,24;15,73;20,51;24,55;11,86;59,85;52,17
12139;Vistabella del Maestrat;8,76;29,49;7,58;0,86;17138,0;36,75;48,8;3,61;25,85;19,73;15,65;31,88;52,9;20,41;16,62;29,45;8,43;75,12;52,05
12140;Viver;14,41;23,21;16,74;1,4;15210,0;33,05;49,19;7,86;28,62;11,98;22,24;24,55;62,11;14,68;23,0;25,64;15,04;59,19;52,17
12141;Zorita del Maestrazgo;13,33;24,83;17,5;1,24;16796,0;32,29;55,21;8,33;36,17;29,79;19,15;23,91;67,39;13,59;27,18;30,1;6,12;62,16;48,04
12142;Zucaina;6,05;29,42;10,47;0,42;15974,0;39,74;46,15;7,69;34,67;18,67;21,33;25,71;61,43;20,12;17,07;27,44;3,57;77,14;51,22
12901;Alqueries, les/Alquerías del Niño Perdido;17,75;17,91;10,95;1,07;17235,0;31,55;52,31;9,26;17,11;4,71;26,4;27,92;56,97;10,58;20,79;26,52;7,11;70,53;60,33
12902;Sant Joan de Moró;20,52;12,72;19,0;1,52;15782,0;32,33;51,66;9,89;12,79;2,11;43,66;21,6;60,31;12,85;22,51;24,42;13,74;64,05;63,3
13001;Abenójar;11,22;28,84;5,11;1,15;12774,0;32,88;51,65;5,16;26,15;32,12;16,06;18,24;59,72;27,11;13,01;16,1;18,45;67,41;52,92
13002;Agudo;14,31;28,54;4,93;1,67;12112,0;31,72;49,53;4,69;43,81;25,65;19,28;17,63;69,57;31,72;11,36;15,33;18,83;64,67;51,07
13003;Alamillo;6,09;38,76;4,86;1,03;14671,0;30,89;48,51;5,95;22,56;25,61;16,46;19,75;65,61;28,12;15,65;19,5;14,5;70,66;45,45
13004;Albaladejo;8,76;31,18;5,43;1,0;11786,0;32,03;53,35;2,92;30,48;31,37;18,5;15,86;62,04;28,24;13,27;14,44;20,53;62,28;48,19
13005;Alcázar de San Juan;17,31;16,69;13,36;1,21;16683,0;34,59;51,28;6,91;14,96;2,9;19,25;36,96;53,6;16,12;21,37;32,69;13,17;62,54;58,07
13006;Alcoba;9,44;27,57;6,94;1,25;15732,0;31,73;56,73;2,31;31,95;29,81;18,49;16,73;66,53;25,42;15,82;19,4;11,58;71,39;53,98
13007;Alcolea de Calatrava;11,07;23,44;4,26;1,12;14511,0;32,89;53,67;4,86;16,06;8,86;25,5;26,57;57,12;19,35;18,87;22,18;14,33;63,89;53,95
13008;Alcubillas;6,95;31,61;7,19;0,79;11370,0;33,42;49,61;3,13;38,83;45,21;13,3;17,47;61,45;25,94;14,11;14,36;14,02;72,73;54,04
13009;Aldea del Rey;10,39;27,97;7,2;0,83;14454,0;30,4;56,84;2,55;26,55;21,7;20,07;27,16;56,47;24,45;10,66;22,2;15,5;66,39;52,18
13010;Alhambra;12,65;24,84;1,8;1,96;12333,0;28,57;57,38;3,83;31,52;32,29;26,82;11,58;65,25;26,18;14,07;9,57;20,5;66,44;55,9
13011;Almadén;12,52;24,2;5,03;0,98;13901,0;31,77;47,85;8,03;23,59;8,83;15,93;28,76;58,17;18,51;17,54;22,27;24,82;48,58;45,39
13012;Almadenejos;8,43;28,48;2,36;0,22;13922,0;34,65;46,48;6,2;23,74;31,65;25,18;12,21;60,31;25,95;14,59;15,68;12,2;61,02;44,81
13013;Almagro;16,91;16,92;9,5;1,3;14012,0;33,47;52,96;6,67;20,88;5,82;26,64;26,77;58,83;21,46;16,08;23,24;14,54;60,05;56,22
13014;Almedina;7,77;29,3;4,46;1,25;11472,0;29,35;53,72;4,51;36,51;41,8;11,64;19,76;50,3;18,94;13,22;16,52;16,16;66,21;50,66
13015;Almodóvar del Campo;11,56;28,46;3,84;0,89;16499,0;30,45;54,97;4,58;25,86;11,1;29,25;31,6;57,79;21,57;16,64;25,44;16,19;62,41;48,79
13016;Almuradiel;12,72;24,42;10,31;0,94;13944,0;33,65;50,39;7,04;27,55;14,97;9,18;16,49;63,44;24,81;18,83;16,29;10,67;64,82;49,25
13017;Anchuras;12,15;34,79;11,32;1,31;12861,0;34,45;46,64;6,72;35,05;26,04;16,67;20,0;62,22;34,94;14,06;15,26;13,76;66,2;44,67
13018;Arenas de San Juan;17,54;20,77;9,11;1,15;10816,0;27,88;58,06;5,58;31,03;22,83;28,9;17,08;65,22;22,85;10,91;15,04;21,6;52,52;49,65
13019;Argamasilla de Alba;15,98;17,3;13,81;1,2;12592,0;35,23;50,15;7,29;23,23;21,23;18,33;18,9;62,66;25,48;14,49;16,46;15,51;60,58;55,49
13020;Argamasilla de Calatrava;16,43;20,39;3,91;1,13;15993,0;31,12;53,21;7,26;17,6;3,82;28,83;31,23;58,08;16,73;16,77;27,86;16,36;58,79;53,17
13021;Arroba de los Montes;4,74;38,66;2,84;0,58;13599,0;29,09;55,58;3,9;35,4;23,6;11,8;22,67;57,33;29,82;19,02;16,45;22,04;69,71;47,94
13022;Ballesteros de Calatrava;7,17;30,39;1,94;0,32;14835,0;34,82;47,32;4,46;16,67;9,09;18,18;23,73;61,02;23,24;13,82;22,06;23,39;60,65;50,74
13023;Bolaños de Calatrava;17,08;16,11;17,23;1,27;12640,0;32,74;54,38;5,78;27,13;18,31;21,58;20,57;59,55;28,2;12,8;16,08;11,61;60,89;55,58
13024;Brazatortas;11,52;26,53;3,91;0,99;14955,0;33,19;49,56;6,31;20,83;19,16;21,38;22,11;59,38;20,59;15,99;20,26;15,64;64,46;52,27
13025;Cabezarados;10,69;31,79;3,1;0,88;13919,0;32,35;53,68;4,04;35,65;30,7;13,16;20,0;60,95;21,74;13,41;19,57;23,4;66,67;51,46
13026;Cabezarrubias del Puerto;7,06;33,43;4,93;0,31;16455,0;30,43;49,44;5,37;27,03;16,76;28,65;26,32;60,23;31,74;13,04;22,17;18,55;62,94;48,36
13027;Calzada de Calatrava;12,97;24,26;6,17;1,16;13110,0;31,11;53,15;5,41;24,63;15,66;21,65;23,51;60,89;23,94;13,3;18,96;17,75;60,81;51,67
13028;Campo de Criptana;16,34;19,93;9,11;1,28;13826,0;30,82;56,6;5,03;23,16;9,38;30,41;28,12;60,67;22,24;17,15;22,44;12,16;66,05;56,48
13029;Cañada de Calatrava;6,26;29,29;0,0;1,75;16694,0;35,79;44,21;6,32;28,57;14,29;16,67;15,0;67,5;13,68;16,84;28,42;10,2;72,13;51,58
13030;Caracuel de Calatrava;13,43;25,71;8,57;1,67;15088,0;34,48;41,38;12,93;26,32;19,3;17,54;23,08;65,38;15,25;16,95;23,73;16,39;61,45;51,69
13031;Carrión de Calatrava;17,17;16,05;5,72;1,32;14490,0;31,77;52,46;8,15;17,98;8,01;18,12;27,06;55,22;15,2;17,57;25,5;14,34;65,98;61,66
13032;Carrizosa;8,72;27,5;1,73;0,96;10981,0;33,14;51,22;3,32;34,0;28,92;25,83;15,06;65,65;25,63;13,54;11,12;19,19;63,02;52,72
13033;Castellar de Santiago;11,02;23,89;5,2;0,67;11660,0;35,07;51,11;4,76;32,56;40,44;16,65;14,79;60,38;20,76;14,0;15,92;12,18;73,46;58,35
13034;Ciudad Real;16,63;18,01;10,56;1,16;19585,0;37,24;47,35;8,4;13,54;2,0;9,25;48,55;42,33;10,94;20,92;43,84;13,2;63,56;57,19
13035;Corral de Calatrava;15,03;23,49;6,54;1,47;13719,0;33,3;51,42;5,47;23,25;10,43;28,8;28,37;60,52;20,62;12,75;20,42;19,15;61,06;54,46
13036;Cortijos, Los;11,2;30,19;5,06;1,07;13634,0;32,63;51,58;4,87;29,38;23,51;27,59;14,52;64,03;28,07;13,58;12,29;20,21;62,22;50,33
13037;Cózar;10,13;27,51;13,58;1,22;11171,0;32,79;50,5;6,11;37,5;45,13;13,65;13,23;61,54;28,93;11,88;14,89;18,37;64,4;53,33
13038;Chillón;11,37;29,2;3,49;1,29;13989,0;27,97;55,69;6,04;26,95;11,54;20,44;23,71;65,51;24,14;16,59;19,84;17,89;61,72;47,98
13039;Daimiel;16,17;18,94;8,14;1,24;13707,0;33,3;52,72;6,3;18,46;6,07;28,98;26,15;59,11;20,64;16,02;22,03;18,09;59,69;56,05
13040;Fernán Caballero;11,21;28,17;3,74;0,68;13381,0;30,02;52,45;6,89;21,53;15,53;18,8;20,06;63,72;23,46;19,11;19,22;15,17;62,97;50,23
13041;Fontanarejo;5,05;37,75;3,6;0,0;14514,0;38,71;43,32;5,07;29,49;25,64;10,26;19,18;60,27;29,6;15,7;18,39;23,71;59,68;43,69
13042;Fuencaliente;13,3;26,92;4,17;1,03;12858,0;27,49;56,03;6,38;33,05;32,68;14,08;18,32;60,96;18,64;15,23;15,45;21,4;57,39;49,03
13043;Fuenllana;1,98;42,71;6,77;0,0;16123,0;31,61;51,81;6,22;33,33;32,61;18,48;20,24;55,95;24,38;19,4;17,91;13,68;82,0;47,26
13044;Fuente el Fresno;14,06;23,18;8,64;0,97;12150,0;32,83;53,44;4,72;29,1;20,34;25,99;19,24;65,93;18,46;15,94;17,68;19,1;61,9;54,23
13045;Granátula de Calatrava;11,29;26,01;8,71;1,17;13477,0;32,05;50,58;5,84;26,92;26,25;13,13;22,59;51,46;23,72;15,22;20,51;22,94;59,02;52,83
13046;Guadalmez;10,04;29,2;4,37;1,43;13552,0;27,77;56,47;4,52;40,38;26,64;15,06;17,21;69,67;27,09;11,42;17,96;18,63;61,07;49,46
13047;Herencia;18,03;15,56;18,53;1,38;11484,0;34,2;53,66;5,04;23,78;15,52;34,12;20,08;64,54;25,99;15,84;17,69;16,3;58,39;57,63
13048;Hinojosas de Calatrava;9,55;36,94;1,57;1,11;15153,0;31,15;44,88;9,8;21,74;8,75;26,25;26,32;59,21;21,29;13,55;20,0;24,74;55,3;42,08
13049;Horcajo de los Montes;11,68;28,18;6,88;0,95;13141,0;31,42;51,68;5,73;25,56;21,79;16,67;16,49;64,56;22,76;18,07;14,07;21,04;60,33;50,69
13050;Labores, Las;10,34;28,13;11,8;0,99;12602,0;32,23;55,79;4,13;30,92;24,27;26,7;23,68;57,37;25,2;15,28;18,06;15,23;66,56;51,1
13051;Luciana;8,69;33,09;4,86;1,43;13736,0;25,91;53,66;7,93;29,32;27,82;21,8;16,94;61,29;27,33;16,22;12,91;22,09;68,72;51,96
13052;Malagón;16,79;20,68;7,54;1,42;12853,0;31,87;52,35;7,01;27,61;15,7;24,04;20,16;64,44;19,49;16,01;16,88;15,82;62,53;55,53
13053;Manzanares;16,35;19,56;9,54;1,23;15928,0;32,11;52,23;7,89;16,91;5,44;24,21;31,17;54,17;15,74;21,8;27,73;14,19;60,77;53,69
13054;Membrilla;15,99;21,94;3,28;1,53;14825,0;29,16;60,38;3,23;34,33;21,55;19,89;24,81;62,08;25,89;15,34;23,3;7,88;70,56;54,81
13055;Mestanza;7,01;35,75;5,19;1,35;14511,0;33,39;46,09;5,7;23,9;23,9;26,83;13,4;64,95;28,57;14,61;16,21;21,13;60,58;42,6
13056;Miguelturra;19,53;12,03;6,76;1,1;14818,0;34,92;52,14;7,78;14,35;2,86;14,87;32,6;54,7;13,02;18,47;31,48;13,54;63,16;63,28
13057;Montiel;11,48;23,54;5,5;1,27;12658,0;34,3;50,19;5,98;30,89;19,21;28,51;19,5;64,57;23,16;16,64;16,45;16,97;66,67;55,35
13058;Moral de Calatrava;17,16;19,63;9,58;1,24;11314,0;29,62;56,78;4,84;29,72;25,3;26,03;15,47;63,81;24,07;14,0;17,26;12,83;65,93;57,92
13059;Navalpino;7,61;34,82;8,63;1,5;13676,0;29,38;49,72;5,65;39,44;23,94;11,27;13,24;73,53;25,82;13,19;19,78;19,1;66,67;49,17
13060;Navas de Estena;7,36;37,76;7,94;0,95;14604,0;33,21;51,53;4,96;23,71;38,54;15,62;13,04;56,52;34,07;11,85;12,96;14,81;62,59;40,15
13061;Pedro Muñoz;16,95;18,48;16,37;1,39;12284,0;31,83;54,36;5,95;30,36;16,26;28,1;23,73;59,45;28,23;14,81;17,59;15,58;59,61;54,24
13062;Picón;16,62;17,17;5,35;1,56;14835,0;32,3;55,96;5,35;17,73;14,05;15,38;27,97;56,64;12,79;21,72;24,92;16,02;66,52;61,46
13063;Piedrabuena;15,13;20,94;4,38;1,62;12889,0;32,31;54,81;4,39;20,82;13,21;26,31;18,99;65,35;23,73;14,77;17,16;19,03;61,85;55,8
13064;Poblete;24,63;8,77;6,42;1,4;16178,0;33,67;53,85;8,6;16,0;3,26;16,22;35,47;54,33;8,71;19,37;38,61;13,06;64,81;69,38
13065;Porzuna;14,79;23,88;10,58;1,37;12014,0;32,92;50,67;6,38;31,39;20,65;20,34;17,44;67,36;27,94;16,83;13,29;22,05;58,69;53,72
13066;Pozuelo de Calatrava;19,24;12,82;13,81;1,29;12585,0;35,54;51,54;7,35;17,94;7,5;23,42;25,91;59,61;17,11;15,54;22,43;18,72;55,85;59,82
13067;Pozuelos de Calatrava, Los;5,02;34,38;8,76;0,43;13558,0;28,0;54,15;7,38;24,5;23,18;17,88;22,54;60,56;24,7;15,18;15,77;18,82;71,5;50,6
13068;Puebla de Don Rodrigo;14,03;24,52;3,57;1,2;14252,0;32,63;53,54;3,94;31,06;35,82;13,65;16,15;69,25;25,42;12,56;14,56;15,09;67,1;55,06
13069;Puebla del Príncipe;8,69;31,34;6,16;0,99;11436,0;33,28;51,84;4,18;34,12;25,88;16,86;12,45;65,15;29,67;9,34;15,08;19,48;64,75;50,66
13070;Puerto Lápice;12,29;26,12;4,35;1,04;14889,0;30,37;54,51;4,38;22,4;16,16;19,18;14,04;62,46;21,43;17,27;13,51;14,32;71,99;56,13
13071;Puertollano;16,07;21,28;8,0;1,15;16383,0;31,96;50,63;8,24;12,65;1,87;28,22;35,17;54,9;15,13;19,47;30,58;21,07;52,31;49,13
13072;Retuerta del Bullaque;12,31;25,14;11,53;1,15;13185,0;33,94;53,19;4,29;29,38;41,93;17,0;13,81;61,26;29,64;15,57;13,45;17,72;63,6;54,17
13073;Saceruela;8,81;31,46;6,15;0,86;12987,0;31,47;50,86;7,11;35,0;34,83;15,17;18,52;64,81;24,32;12,58;16,14;24,36;58,22;49,47
13074;San Carlos del Valle;15,34;23,98;1,23;1,39;11386,0;30,75;57,03;3,38;36,87;32,15;20,4;21,77;60,05;23,69;12,27;17,82;10,62;71,89;56,18
13075;San Lorenzo de Calatrava;6,06;32,87;2,13;0,74;14587,0;28,49;52,15;7,53;27,5;34,18;10,13;12,68;69,01;26,84;11,58;16,32;12,77;73,21;49,74
13076;Santa Cruz de los Cáñamos;11,03;29,53;1,5;1,44;10119,0;36,94;46,59;3,53;38,17;41,94;10,75;17,05;55,68;21,35;9,98;14,85;24,37;65,22;55,61
13077;Santa Cruz de Mudela;13,11;22,49;5,79;1,14;12784,0;32,98;52,16;5,35;22,08;10,09;24,54;20,18;62,38;18,85;15,63;18,48;16,41;59,86;51,75
13078;Socuéllamos;16,88;18,19;15,85;1,3;12506,0;35,09;51,1;6,36;26,14;16,27;27,99;22,75;59,94;27,34;16,26;17,55;14,12;60,28;54,62
13079;Solana, La;16,44;17,34;6,31;1,3;12340,0;33,86;55,5;4,15;28,39;19,58;27,1;19,97;64,85;21,88;16,02;17,15;13,86;64,67;59,15
13080;Solana del Pino;3,18;38,32;1,8;1,09;14876,0;23,62;56,75;6,13;31,67;28,33;18,33;14,29;64,29;31,61;13,68;13,37;31,29;54,89;44,82
13081;Terrinches;10,47;22,69;3,11;1,47;11284,0;38,52;45,93;5,93;30,37;35,56;17,78;16,93;45,67;18,86;10,99;14,29;17,95;66,67;57,56
13082;Tomelloso;17,76;15,76;16,75;1,26;12791,0;33,4;52,65;6,97;22,58;13,5;25,83;25,28;62,17;22,43;17,18;20,06;15,86;58,62;56,99
13083;Torralba de Calatrava;16,64;20,68;7,1;1,22;12819,0;30,74;54,85;6,43;24,81;10,36;21,14;23,15;62,06;24,41;14,13;19,31;16,53;60,82;54,55
13084;Torre de Juan Abad;11,12;30,22;4,09;0,84;11580,0;31,56;51,77;4,37;30,14;33,62;13,84;20,06;53,92;31,05;14,95;14,72;14,0;63,35;46,89
13085;Torrenueva;15,78;22,62;4,32;1,16;11064,0;30,64;57,4;3,8;33,59;18,17;23,71;16,99;72,4;22,1;13,48;16,14;14,89;63,72;53,9
13086;Valdemanco del Esteras;5,61;45,48;4,46;1,27;13465,0;31,37;43,79;5,88;49,02;29,41;25,49;16,67;71,43;36,94;10,19;14,01;31,25;60,27;40,76
13087;Valdepeñas;16,86;17,37;11,53;1,2;14734,0;33,1;51,72;7,93;18,49;7,93;21,48;32,38;54,02;15,88;18,97;28,23;14,86;59,28;54,92
13088;Valenzuela de Calatrava;12,58;20,25;4,85;1,32;12876,0;31,4;53,51;5,96;20,57;12,41;29,79;20,07;62,83;18,24;15,83;17,04;20,11;64,95;60,42
13089;Villahermosa;10,2;32,37;3,21;1,24;13166,0;32,52;51,58;3,35;28,12;18,0;23,83;20,7;65,39;27,0;13,37;17,74;14,34;64,49;46,3
13090;Villamanrique;10,68;26,1;4,86;1,44;11426,0;30,06;54,13;3,41;29,34;32,6;16,42;14,74;60,0;24,7;10,83;15,79;19,27;65,18;53,36
13091;Villamayor de Calatrava;11,53;28,97;4,93;0,59;15080,0;27,14;53,19;6,56;19,57;10,53;17,54;28,44;59,24;22,7;15,78;20,39;20,82;58,68;48,12
13092;Villanueva de la Fuente;10,69;27,37;5,57;0,76;11925,0;34,94;51,52;3,16;34,83;16,26;20,61;18,07;70,09;26,86;15,6;15,89;21,16;60,9;51,4
13093;Villanueva de los Infantes;12,69;23,17;11,12;1,31;13328,0;34,21;51,45;4,56;29,48;14,29;18,7;27,21;57,67;20,63;18,25;24,1;14,32;62,71;52,07
13094;Villanueva de San Carlos;2,05;40,46;1,52;0,48;20355,0;25,93;55,93;4,81;33,33;26,19;23,02;22,41;67,24;27,21;13,97;16,91;8,63;88,19;51,1
13096;Villarrubia de los Ojos;16,44;18,86;8,54;1,32;12174,0;29,34;57,3;5,05;29,87;16,9;30,63;20,68;63,73;22,36;14,6;17,15;16,53;60,92;55,47
13097;Villarta de San Juan;15,53;22,48;9,24;1,32;12064,0;29,6;55,93;5,43;23,83;18,76;25,8;18,86;60,95;26,11;13,55;16,26;17,17;62,73;54,46
13098;Viso del Marqués;11,21;28,6;5,22;1,0;13399,0;30,8;52,35;5,45;30,29;20,37;14,76;21,32;61,59;22,87;15,87;19,79;14,56;63,38;49,13
13901;Robledo, El;12,35;24,46;6,85;1,42;12746,0;35,2;48,73;7,15;41,47;22,09;20,19;14,62;71,54;27,28;19,64;15,61;17,86;62,3;55,08
13902;Ruidera;12,5;19,43;9,28;0,99;12991,0;35,13;51,72;6,03;31,28;19,62;19,62;19,5;68,0;19,58;13,75;17,92;18,49;61,19;55,79
13903;Arenales de San Gregorio;12,51;27,07;4,8;0,89;12151,0;32,6;55,92;4,92;43,81;37,78;18,67;19,8;66,34;26,24;14,54;17,02;9,93;63,8;49,01
13904;Llanos del Caudillo;17,73;20,27;16,94;1,2;12940,0;36,23;49,82;4,35;31,49;44,68;16,17;12,26;57,08;30,53;12,35;10,81;13,62;52,48;44,7
14001;Adamuz;16,72;21,64;3,17;1,57;11957,0;30,76;55,26;5,19;22,15;41,61;15,64;14,91;49,53;22,56;14,79;17,82;7,23;71,83;56,06
14002;Aguilar de la Frontera;16,27;18,33;3,45;1,32;12164,0;30,1;56,33;5,91;18,04;26,43;18,98;20,09;52,34;22,59;14,97;19,64;12,67;61,56;54,18
14003;Alcaracejos;13,75;25,82;3,78;1,15;15241,0;31,97;49,85;6,97;23,66;12,27;17,14;20,83;65,97;20,52;18,13;21,04;17,06;64,95;53,72
14004;Almedinilla;15,47;20,03;6,28;1,43;11976,0;31,41;53,88;5,23;30,13;28,51;21,74;18,59;59,29;23,96;16,4;19,39;10,4;68,98;57,36
14005;Almodóvar del Río;18,54;17,1;3,6;1,51;11725,0;33,3;51,97;7,01;13,57;18,54;18,39;18,84;57,11;19,26;18,8;18,05;20,57;54,97;54,59
14006;Añora;15,47;23,43;4,1;1,1;16422,0;36,21;51,4;4,6;24,92;18,39;16,89;29,34;61,81;18,92;16,55;28,76;14,43;66,49;55,05
14007;Baena;17,68;17,04;3,77;1,3;12013,0;32,11;54,37;6,28;20,12;30,53;18,14;21,31;52,77;20,21;17,39;22,24;15,28;62,0;57,26
14008;Belalcázar;13,56;24,25;3,72;1,18;11870,0;33,93;52,39;3,69;31,7;20,16;19,53;18,79;69,72;20,49;14,28;20,35;22,73;56,43;51,41
14009;Belmez;12,62;24,8;6,07;1,03;13542,0;30,85;51,11;6,97;20,64;9,09;24,57;29,71;55,83;20,12;17,61;24,15;28,01;47,65;46,38
14010;Benamejí;17,25;16,93;2,8;1,22;11235,0;32,67;53,9;5,14;21,42;29,96;22,85;16,05;56,78;22,68;14,96;14,3;13,42;60,43;54,94
14011;Blázquez, Los;11,68;25,06;2,74;1,12;11229,0;34,1;53,82;3,55;38,25;29,72;9,24;21,61;58,05;21,06;14,04;19,35;23,64;60,05;54,91
14012;Bujalance;15,98;19,86;2,09;1,32;12365,0;31,08;55,34;5,42;14,98;35,71;21,47;16,57;48,05;22,48;17,75;18,93;13,55;65,85;56,97
14013;Cabra;15,18;19,76;6,28;1,15;13929,0;33,07;51,41;7,35;18,93;17,01;19,04;28,19;52,05;16,96;19,53;28,3;14,77;62,21;55,05
14014;Cañete de las Torres;13,71;23,82;4,2;1,25;12828,0;30,12;55,38;4,9;19,92;39,72;15,99;17,09;49,87;23,37;16,88;19,62;10,52;70,52;54,99
14015;Carcabuey;12,94;22,06;5,21;1,2;12824,0;30,85;53,08;6,4;26,86;34,05;19,82;19,67;50,87;23,04;16,93;20,97;10,7;68,63;55,97
14016;Cardeña;11,79;26,52;2,74;1,22;12966,0;30,75;54,2;5,88;22,04;32,62;13,44;18,15;58,22;24,13;14,11;20,82;14,22;64,51;49,73
14017;Carlota, La;18,91;16,48;5,39;1,36;12833,0;31,35;53,58;8,22;17,65;21,4;17,94;21,92;55,39;17,91;18,86;22,44;13,87;61,98;57,89
14018;Carpio, El;16,52;19,58;1,92;1,31;13817,0;30,08;55,75;5,69;15,43;12,86;22,48;23,67;57,62;15,71;18,32;23,71;16,29;62,5;56,22
14019;Castro del Río;15,84;19,44;5,11;1,3;12702,0;29,25;58,14;4,28;23,39;34,76;14,65;20,88;53,58;13,8;15,84;24,98;11,58;66,5;56,52
14020;Conquista;8,53;36,41;3,8;2,15;13546,0;33,91;46,09;5,51;21,8;33,83;6,77;15,15;59,85;27,09;17,0;14,41;13,33;67,36;43,35
14021;Córdoba;16,53;18,81;6,24;1,16;17086,0;35,0;49,01;8,61;15,51;2,53;12,65;39,07;50,78;12,2;21,98;37,78;18,03;61,29;57,32
14022;Doña Mencía;14,5;20,17;2,29;1,15;12565,0;32,35;54,12;4,8;16,98;40,39;18,62;20,09;40,65;22,98;14,92;24,29;9,12;70,33;58,25
14023;Dos Torres;16,48;20,97;2,58;1,51;14450,0;31,05;56,32;4,01;31,04;20,73;22,0;22,74;64,06;20,15;16,79;22,53;15,26;68,18;58,39
14024;Encinas Reales;14,59;19,85;3,97;1,12;11735,0;33,09;51,82;5,76;23,13;18,47;28,37;20,69;61,46;20,71;14,52;18,12;19,74;57,94;54,7
14025;Espejo;13,05;25,93;4,0;1,34;13421,0;28,88;57,97;3,09;19,83;40,36;15,71;21,77;50,2;23,26;13,56;22,8;9,04;69,02;51,74
14026;Espiel;13,97;25,81;4,18;1,05;14283,0;30,33;52,48;5,65;17,0;10,99;29,43;19,27;59,63;23,06;16,91;20,16;18,75;63,73;53,31
14027;Fernán-Núñez;16,74;18,9;3,15;1,36;14436,0;31,7;56,24;4,76;17,49;12,92;17,55;30,35;56,46;16,01;19,25;28,69;14,42;64,32;57,62
14028;Fuente la Lancha;12,91;26,79;2,12;0,71;13029,0;31,56;56,81;3,32;27,14;19,71;24,09;16,79;62,6;23,43;17,82;13,86;19,16;67,84;55,48
14029;Fuente Obejuna;10,93;26,15;2,76;1,01;12369,0;34,24;50,82;5,23;27,7;23,92;17,7;22,75;59,82;19,55;15,68;19,7;27,37;56,3;52,33
14030;Fuente Palmera;19,0;16,6;4,34;1,55;11663,0;31,0;56,15;5,77;20,3;28,29;24,11;16,37;59,68;21,48;17,26;17,16;12,02;63,7;56,85
14031;Fuente-Tójar;13,66;24,05;6,46;1,14;12990,0;30,46;54,15;4,57;23,08;30,36;19,29;14,93;55,22;20,49;16,39;18,52;10,48;67,95;52,33
14032;Granjuela, La;10,68;26,23;6,28;0,84;12312,0;29,62;52,99;4,35;40,56;30,77;14,69;15,27;69,47;25,33;18,4;16,0;26,73;56,92;54,16
14033;Guadalcázar;18,71;14,07;3,41;1,52;12818,0;32,05;53,42;7,78;11,53;22,78;21,22;17,48;57,35;14,0;19,77;21,92;14,1;60,04;58,66
14034;Guijo, El;13,08;32,96;5,57;0,82;14277,0;30,77;49,83;5,02;16,54;11,9;13,49;22,58;56,45;21,31;18,69;20,33;11,18;72,58;50,33
14035;Hinojosa del Duque;14,36;24,78;3,35;1,29;12480,0;30,17;57,04;3,28;33,72;12,42;24,72;25,74;66,35;24,64;14,98;24,14;20,76;63,63;55,3
14036;Hornachuelos;15,51;19,01;2,58;1,35;12525,0;32,45;51,88;7,11;15,35;36,09;19,7;16,59;54,15;17,72;16,65;17,2;15,82;59,44;53,84
14037;Iznájar;11,47;26,75;10,87;0,98;11518,0;32,36;53,12;5,42;35,83;38,35;17,03;16,41;63,0;29,27;12,89;15,41;8,32;65,29;47,06
14038;Lucena;18,71;14,85;7,94;1,28;12836,0;32,79;53,63;7,18;20,43;12,29;30,56;24,84;60,17;17,76;18,12;21,88;17,58;59,0;58,96
14039;Luque;12,67;22,87;3,03;1,28;12499,0;31,96;54,15;5,23;18,95;41,35;14,35;16,21;44,05;20,62;26,46;23,06;12,29;67,28;54,92
14040;Montalbán de Córdoba;16,08;20,92;3,18;1,07;12739,0;28,84;59,73;4,27;29,12;37,45;16,87;20,25;54,72;22,06;15,37;19,21;8,25;67,18;53,74
14041;Montemayor;15,73;19,64;4,8;1,44;13526,0;29,42;59,64;3,89;19,96;18,87;23,94;23,95;56,39;19,99;16,51;22,27;14,25;61,59;54,33
14042;Montilla;14,85;20,13;4,88;1,12;14188,0;31,4;54,68;6,45;21,62;11,48;25,97;30,24;56,49;17,89;17,86;28,99;14,11;64,29;56,16
14043;Montoro;17,03;18,29;3,08;1,21;12526,0;31,19;54,35;6,2;18,61;30,26;23,72;17,53;53,24;20,97;17,42;19,04;13,02;65,69;58,44
14044;Monturque;16,2;18,1;2,96;1,3;11857,0;30,83;55,23;5,57;16,34;27,72;34,85;13,21;53,33;21,65;16,33;15,37;12,22;66,25;58,33
14045;Moriles;16,89;16,46;2,59;1,18;11307,0;29,49;57,72;5,94;18,47;25,57;27,17;18,93;57,84;20,69;16,74;18,89;15,83;55,88;52,97
14046;Nueva Carteya;15,85;18,7;2,15;1,31;10647,0;28,18;58,26;5,58;17,47;56,53;13,49;11,94;52,67;20,88;13,97;16,45;8,58;70,06;58,19
14047;Obejo;15,07;14,87;5,52;0,97;14125,0;36,63;50,45;6,6;13,79;8,51;14,12;23,32;62,93;10,79;24,6;24,49;18,51;61,62;62,48
14048;Palenciana;15,76;19,45;4,9;1,3;12057,0;30,33;56,26;5,2;15,55;35,01;22,61;17,53;49,48;19,57;16,23;15,75;10,71;63,63;54,02
14049;Palma del Río;16,65;17,73;7,46;1,24;12457,0;32,64;53,34;6,35;16,34;30,0;13,4;24,38;48,3;18,62;17,99;22,75;16,57;57,34;53,52
14050;Pedro Abad;16,05;19,55;2,97;1,35;12978,0;31,84;53,32;5,93;13,49;18,04;27,32;17,94;60,38;17,28;18,87;22,12;16,85;62,57;55,93
14051;Pedroche;11,12;29,48;1,53;1,31;14110,0;32,85;50,72;4,33;23,93;16,81;18,52;15,99;72,47;24,62;20,05;19,29;16,42;67,78;51,51
14052;Peñarroya-Pueblonuevo;13,61;24,15;3,97;1,15;14255,0;33,17;49,55;6,85;19,54;4,06;22,24;29,14;59,36;14,86;17,98;26,02;27,78;50,42;48,67
14053;Posadas;17,1;18,14;4,55;1,29;12650,0;33,67;49,28;8,44;16,04;23,49;17,05;20,7;55,9;17,07;18,66;19,89;15,17;57,77;53,0
14054;Pozoblanco;16,51;18,43;5,88;1,33;16259,0;32,77;53,37;6,82;21,62;9,2;18,24;32,81;55,47;15,66;20,36;32,04;13,87;66,43;59,29
14055;Priego de Córdoba;15,28;20,21;4,32;1,15;12445,0;31,23;53,27;6,98;27,14;22,96;19,64;23,42;56,35;19,74;16,93;23,08;14,74;62,25;54,81
14056;Puente Genil;17,89;16,74;7,1;1,42;12928,0;32,27;53,27;6,98;18,27;15,83;27,36;25,66;56,62;24,69;16,52;21,93;19,57;57,15;56,25
14057;Rambla, La;15,84;18,19;3,53;1,27;13511,0;32,03;55,61;5,35;21,38;19,21;30,14;22,31;57,48;16,44;16,21;23,41;11,63;66,47;58,25
14058;Rute;16,05;19,58;7,73;1,21;12706,0;31,8;52,95;6,47;24,71;26,91;24,66;21,4;60,2;23,59;15,1;20,85;10,68;65,01;55,46
14059;San Sebastián de los Ballesteros;16,5;22,41;3,01;1,78;19000,0;29,9;57,06;5,62;16,51;23,99;13,4;30,92;48,03;17,38;17,91;29,14;12,07;62,73;51,7
14060;Santaella;18,77;18,97;4,14;1,78;11920,0;29,82;57,56;5,46;19,05;35,2;22,23;15,84;55,46;28,0;17,45;18,6;9,57;64,14;53,84
14061;Santa Eufemia;6,68;36,3;2,48;0,95;13712,0;30,56;48,52;5,19;29,64;24,51;13,83;17,0;67,61;30,38;13,86;17,26;19,38;69,5;48,08
14062;Torrecampo;8,94;31,83;2,83;0,74;13854,0;30,14;53,43;4,46;26,4;25,07;13,07;22,07;60,34;27,19;16,31;20,58;16,0;64,73;48,39
14063;Valenzuela;9,38;30,35;2,71;0,81;12078,0;31,33;53,9;3,38;29,54;51,46;5,62;23,1;47,38;24,2;14,79;24,72;6,85;77,4;53,34
14064;Valsequillo;10,0;31,48;5,11;0,82;12894,0;36,25;46,25;7,19;26,61;26,83;8,94;21,67;59,17;20,8;14,98;18,65;28,22;58,5;50,15
14065;Victoria, La;18,3;18,24;3,19;1,37;13386,0;30,96;55,15;6,24;17,86;16,67;17,11;23,22;59,43;16,95;19,08;26,21;13,63;61,67;55,12
14066;Villa del Río;16,93;18,37;2,07;1,34;12198,0;30,61;55,41;5,73;20,28;18,9;32,15;18,75;57,25;18,35;17,98;18,91;16,37;63,25;58,0
14067;Villafranca de Córdoba;18,96;15,41;2,61;1,27;14064,0;30,31;56,15;7,13;15,55;13,14;25,45;25,6;57,35;15,33;19,54;27,37;15,37;64,03;61,41
14068;Villaharta;9,46;27,8;11,46;0,86;14660,0;32,21;47,33;5,69;14,55;9,09;16,82;22,49;58,85;18,79;19,83;25,17;22,3;58,97;51,3
14069;Villanueva de Córdoba;14,37;22,6;2,17;1,25;12776,0;32,1;52,54;5,48;28,68;27,38;17,25;22,91;57,5;23,77;15,46;20,5;14,11;65,05;54,18
14070;Villanueva del Duque;11,78;30,35;3,83;1,23;14035,0;30,39;52,93;5,29;31,74;23,09;17,41;20,11;65,84;27,08;16,25;20,17;17,93;68,48;53,36
14071;Villanueva del Rey;13,96;25,81;3,01;1,14;12549,0;28,36;51,03;7,97;28,12;21,78;28,08;17,17;64,76;22,66;15,07;16,74;24,18;60,16;55,2
14072;Villaralto;10,66;32,62;2,28;0,85;14288,0;29,17;54,58;5,1;25,98;22,19;23,88;19,77;68,19;27,58;13,59;17,47;14,32;61,26;43,24
14073;Villaviciosa de Córdoba;12,82;26,1;3,21;1,01;11606,0;30,78;52,44;6,59;30,39;28,14;21,0;16,14;64,39;24,13;13,24;17,53;20,98;61,81;53,34
14074;Viso, El;13,03;24,67;4,36;1,46;13404,0;31,43;54,62;4,8;24,92;13,91;19,0;23,42;64,15;22,83;16,5;23,94;15,43;62,16;50,52
14075;Zuheros;9,03;25,91;3,69;0,81;14929,0;32,42;51,0;4,92;16,26;35,37;17,07;22,98;47,66;23,28;17,46;25,22;11,68;62,37;49,1
14901;Fuente Carreteros;15,19;20,58;1,77;1,41;11107,0;35,26;51,8;4,68;13,72;44,88;15,58;8,85;47,37;25,0;14,16;12,88;11,92;60,58;51,68
14902;Guijarrosa, La;17,06;19,83;1,89;1,2;11711,0;28,89;57,35;6,49;14,54;41,56;15,1;11,52;51,92;31,64;15,01;16,12;13,41;65,06;56,5
15001;Abegondo;12,45;27,94;6,46;1,1;17786,0;30,1;53,62;6,41;21,76;4,14;25,97;28,47;59,76;22,68;19,83;29,49;7,98;72,07;52,89
15002;Ames;17,8;13,08;14,76;1,05;18472,0;36,08;49,99;8,82;14,25;0,96;14,57;41,91;47,69;10,8;23,02;43,56;7,53;68,24;63,04
15003;Aranga;8,53;36,26;4,68;1,17;17215,0;29,81;51,2;6,33;35,54;25,5;18,88;17,04;70,7;29,84;14,38;19,65;7,76;73,25;45,78
15004;Ares;12,2;25,4;6,79;0,91;18702,0;28,9;51,99;9,19;13,25;1,83;22,74;35,59;56,59;14,56;21,81;35,89;10,61;60,6;48,17
15005;Arteixo;16,49;16,16;16,71;1,05;16728,0;34,62;49,52;9,28;14,67;1,18;25,81;22,92;61,26;15,87;21,68;28,59;9,55;66,63;59,77
15006;Arzúa;11,95;28,38;8,45;1,09;16219,0;33,15;51,05;4,74;33,66;18,78;20,64;21,9;69,28;31,59;16,19;22,83;6,71;70,41;49,8
15007;Baña, A;8,93;36,17;4,51;0,92;15652,0;29,44;53,01;4,05;26,16;13,36;23,58;24,98;62,1;33,43;12,95;22,05;11,72;67,83;44,27
15008;Bergondo;13,35;26,42;8,17;1,17;21695,0;28,94;54,72;6,99;21,74;1,41;19,02;39,17;50,7;15,88;23,24;37,39;9,21;66,17;50,52
15009;Betanzos;13,92;22,25;14,52;1,0;17331,0;33,11;49,1;8,22;17,51;1,38;17,97;33,84;54,56;18,05;20,86;34,76;9,32;65,63;54,0
15010;Boimorto;7,32;33,87;6,32;0,77;15738,0;37,0;44,2;4,98;32,43;24,47;18,78;17,52;71,24;39,3;14,07;16,31;7,38;67,32;44,21
15011;Boiro;14,27;21,17;6,65;0,96;15556,0;33,29;50,19;7,7;23,74;11,94;34,84;24,61;66,6;18,24;18,17;24,24;8,36;63,4;51,59
15012;Boqueixón;14,19;24,12;5,71;1,1;17347,0;32,23;51,92;5,69;23,6;7,94;23,72;24,74;60,99;21,95;19,35;27,26;5,56;73,5;55,02
15013;Brión;16,77;19,61;10,17;1,06;18304,0;33,63;50,68;7,89;17,76;3,68;17,87;39,67;49,72;18,71;16,93;38,04;6,57;70,17;57,34
15014;Cabana de Bergantiños;9,56;34,09;4,4;0,98;15502,0;28,62;53,66;4,76;32,54;9,37;35,77;20,06;69,34;32,11;12,15;18,48;9,69;67,0;43,69
15015;Cabanas;9,64;31,6;4,83;0,87;20055,0;30,6;49,9;7,18;20,29;1,92;22,76;36,79;54,1;19,78;19,65;36,81;9,46;65,79;45,94
15016;Camariñas;10,78;29,63;8,88;1,03;13420,0;30,29;52,53;5,36;34,5;18,15;25,63;20,52;69,97;34,61;12,13;14,9;13,79;50,71;37,65
15017;Cambre;14,63;18,22;13,18;1,0;18734,0;33,56;50,74;8,89;15,39;0,72;19,01;33,35;54,62;11,75;25,21;37,72;8,79;69,7;59,51
15018;Capela, A;9,91;31,03;3,35;0,99;18317,0;31,53;48,47;8,09;21,08;12,9;29,25;26,29;64,94;28,86;13,88;31,34;11,58;67,85;47,96
15019;Carballo;14,92;22,71;10,83;1,13;15712,0;32,18;51,18;7,33;23,4;2,81;34,51;25,03;64,89;18,54;17,82;25,17;11,99;63,72;53,08
15020;Carnota;8,93;36,33;5,82;0,85;15150,0;29,39;50,13;5,69;27,91;11,7;24,85;29,44;58,79;29,43;15,89;22,75;11,37;59,75;38,63
15021;Carral;15,44;21,13;12,68;1,15;17789,0;31,93;52,67;7,36;18,2;4,04;27,84;26,09;60,78;17,29;19,91;31,15;8,0;71,3;57,72
15022;Cedeira;11,96;27,65;11,35;0,95;15086,0;33,24;47,18;8,2;30,53;13,39;20,98;28,87;61,53;23,24;19,72;29,17;11,51;60,41;45,82
15023;Cee;13,57;25,04;11,5;0,84;15528,0;30,5;51,88;7,35;24,08;6,62;23,66;28,08;62,32;22,16;18,77;27,24;11,37;60,0;47,31
15024;Cerceda;13,66;27,35;12,38;1,29;17682,0;30,29;52,49;6,01;22,91;6,39;38,64;20,0;63,49;30,41;16,88;20,48;7,31;70,13;50,42
15025;Cerdido;8,9;34,66;9,14;0,94;13872,0;29,52;50,44;5,51;31,77;13,02;27,15;16,96;71,35;34,16;14,21;18,98;12,78;63,39;43,42
15027;Coirós;14,68;29,1;7,01;1,17;18712,0;26,09;53,95;7,06;18,88;4,19;20,46;31,93;55,58;24,04;18,24;30,25;8,84;70,06;49,91
15028;Corcubión;9,96;26,73;8,03;0,84;16889,0;31,81;51,18;7,46;21,96;4,65;17,15;35,22;54,98;17,08;19,03;35,19;13,48;60,1;46,75
15029;Coristanco;10,59;32,98;4,71;1,07;14816,0;28,07;53,55;5,34;28,8;10,35;37,34;17,0;71,48;31,49;11,56;13,7;12,78;64,54;44,56
15030;Coruña, A;13,7;23,23;17,82;0,99;21745,0;37,11;45,17;8,58;14,99;0,78;12,58;44,45;45,41;11,88;23,04;43,47;10,64;65,63;53,45
15031;Culleredo;16,16;17,53;15,56;0,98;18816,0;34,02;50,12;8,93;13,98;0,73;18,1;34,93;53,4;14,56;30,24;35,51;9,04;68,44;59,84
15032;Curtis;13,36;24,33;10,61;1,17;16008,0;33,68;50,44;5,85;27,76;13,8;26,54;20,64;67,11;23,85;20,76;22,82;8,36;68,0;52,67
15033;Dodro;11,58;29,43;3,07;0,75;15376,0;28,83;52,96;6,51;15,97;3,15;38,35;22,75;62,22;23,97;14,49;20,77;9,93;65,83;46,95
15034;Dumbría;9,23;32,84;5,26;0,94;15888,0;30,13;52,25;5,44;30,17;13,15;33,27;20,6;71,16;35,89;13,75;17,98;13,85;64,18;44,46
15035;Fene;11,47;28,4;5,29;0,81;17564,0;29,59;51,86;7,61;15,32;1,96;23,48;31,42;58,31;20,11;22,04;31,39;10,39;64,29;47,46
15036;Ferrol;12,19;26,74;11,3;0,94;18165,0;33,61;45,46;9,51;14,07;1,18;16,24;38,98;52,07;14,95;21,64;34,45;14,83;57,05;46,02
15037;Fisterra;10,87;25,97;8,02;1,03;13613,0;32,86;50,28;7,63;33,29;19,63;14,05;22,54;69,06;29,53;15,35;19,47;12,46;51,4;40,09
15038;Frades;9,64;31,61;2,66;0,89;17375,0;33,62;51,01;3,73;36,58;26,62;23,69;17,73;73,62;26,99;17,13;24,0;7,22;78,6;51,4
15039;Irixoa;8,37;31,85;5,38;0,82;16717,0;31,8;49,38;7,15;32,94;17,15;17,54;25,05;64,36;19,07;17,78;24,7;9,12;69,06;47,9
15040;Laxe;10,89;31,04;6,87;0,84;14826,0;28,8;52,93;7,1;33,77;12,03;29,12;21,95;69,12;27,26;12,82;18,82;14,32;59,38;42,84
15041;Laracha, A;14,21;24,46;8,04;1,19;16577,0;31,12;52,22;6,84;20,61;3,86;33,97;22,49;64,38;24,92;15,35;22,44;9,35;67,85;53,61
15042;Lousame;10,88;30,47;3,82;0,9;14692,0;29,08;54,21;4,84;23,77;9,19;33,53;19,77;67,02;28,14;13,75;17,14;8,96;66,31;45,63
15043;Malpica de Bergantiños;7,91;32,38;6,29;0,8;15011,0;28,99;51,81;6,05;31,3;11,92;31,36;19,63;71,91;29,8;13,02;18,29;11,72;62,9;44,06
15044;Mañón;7,87;35,09;11,6;0,69;16176,0;31,31;46,39;7,23;31,64;14,04;19,37;24,81;67,49;23,59;22,38;24,37;11,61;61,16;40,58
15045;Mazaricos;9,06;34,97;5,36;1,26;16798,0;29,1;53,33;3,58;42,7;32,7;22,48;15,85;73,89;34,25;23,05;15,38;7,0;69,57;43,97
15046;Melide;14,35;23,76;12,73;1,26;14795,0;32,57;52,29;5,51;30,32;10,41;20,85;24,32;63,73;24,26;20,57;22,41;8,14;65,27;50,88
15047;Mesía;10,1;33,01;3,0;1,28;16290,0;33,15;49,7;5,42;34,41;27,16;28,37;16,04;74,06;32,94;15,05;17,66;6,86;74,81;48,3
15048;Miño;15,33;21,23;13,66;1,08;18867,0;31,99;50,85;9,28;20,82;2,28;19,02;36,34;55,31;12,93;24,69;39,83;8,14;66,27;54,62
15049;Moeche;9,74;33,73;5,32;0,86;15303,0;31,49;48,53;6,08;30,64;14,07;29,42;20,18;70,73;37,24;14,34;21,28;7,1;71,04;46,01
15050;Monfero;10,25;32,57;4,96;1,2;15134,0;34,86;48,62;4,34;33,68;23,55;21,71;16,23;73,23;37,32;13,71;20,71;5,74;74,8;47,49
15051;Mugardos;11,36;27,39;5,33;0,89;17250,0;28,5;52,22;7,54;16,74;3,68;23,2;29,06;60,91;19,2;20,98;31,06;11,14;62,39;47,58
15052;Muxía;9,63;32,96;5,92;0,95;14059,0;30,88;51,04;5,87;39,2;20,54;20,8;19,56;71,08;37,55;12,69;15,93;10,25;62,17;41,5
15053;Muros;10,47;31,33;4,47;0,91;14587,0;30,57;50,32;6,75;25,62;13,73;21,74;29,0;62,91;29,32;16,43;24,56;10,39;59,45;41,62
15054;Narón;15,44;19,93;9,25;0,97;16783,0;31,72;50,57;8,93;13,69;1,41;21,89;30,08;60,35;17,47;22,66;30,9;10,65;62,38;53,72
15055;Neda;11,38;29,03;5,2;1,02;17146,0;29,34;50,92;8,48;18,81;2,18;26,52;28,54;61,79;24,0;19,7;27,34;10,71;62,57;45,98
15056;Negreira;14,53;23,62;13,57;1,11;14681,0;32,68;50,79;6,58;22,97;7,24;21,5;27,01;60,69;21,07;19,53;28,08;9,59;66,66;53,19
15057;Noia;12,84;25,26;8,56;0,89;15791,0;32,61;50,62;6,99;26,87;11,59;19,76;31,75;59,74;15,89;17,88;29,74;9,13;63,0;48,38
15058;Oleiros;17,01;19,88;13,98;1,18;26169,0;33,04;51,25;8,36;19,12;0,76;14,6;50,09;41,51;11,06;23,08;48,54;7,71;68,5;56,72
15059;Ordes;14,92;23,1;14,31;1,04;15591,0;32,57;52,06;6,44;22,02;7,47;29,32;23,56;63,55;23,63;18,6;23,95;8,61;67,25;53,96
15060;Oroso;16,82;15,9;11,92;1,22;16743,0;34,58;51,4;7,54;16,27;5,05;21,82;25,7;62,44;15,02;20,14;32,18;7,14;69,64;60,87
15061;Ortigueira;8,4;34,99;9,99;0,71;15790,0;32,35;46,55;7,27;28,78;10,22;21,42;27,27;62,76;29,56;18,63;25,42;12,43;62,09;41,74
15062;Outes;9,85;33,95;5,17;1,21;15197,0;29,99;51,62;5,52;32,86;16,07;26,15;22,61;68,05;27,64;14,36;22,03;9,62;67,32;44,28
15064;Paderne;10,82;30,19;6,54;0,92;17633,0;28,52;53,7;6,42;25,43;6,61;20,84;29,38;57,81;22,26;19,0;28,93;6,58;68,46;48,47
15065;Padrón;13,74;23,33;7,0;0,98;16362,0;32,87;49,29;7,57;19,79;2,2;32,21;25,98;60,66;17,39;20,72;25,72;9,92;64,67;51,87
15066;Pino, O;12,93;25,72;5,86;1,1;16023,0;33,96;51,52;4,82;24,9;12,86;21,91;20,99;66,25;24,21;16,77;25,19;5,96;73,5;53,51
15067;Pobra do Caramiñal, A;12,58;23,0;4,07;0,95;16278,0;32,54;50,01;7,71;20,52;7,18;30,66;29,2;59,25;16,6;22,03;31,02;8,63;62,05;48,91
15068;Ponteceso;10,68;31,73;6,44;0,9;15365,0;28,07;53,72;6,0;32,34;12,57;30,45;21,88;68,41;28,64;15,03;19,55;9,57;63,88;43,34
15069;Pontedeume;12,42;26,72;7,03;0,93;17278,0;31,91;49,73;7,52;19,01;2,22;21,27;34,97;56,05;17,26;21,78;33,57;10,29;63,5;47,97
15070;Pontes de García Rodríguez, As;12,61;26,3;6,11;0,99;20962,0;31,2;53,32;6,02;17,93;2,96;31,76;32,11;59,66;19,76;19,77;30,89;8,37;63,78;47,13
15071;Porto do Son;12,87;25,96;5,16;1,05;15125,0;30,8;52,33;6,24;26,37;11,6;26,06;24,87;63,98;22,94;16,22;24,33;9,01;58,35;43,77
15072;Rianxo;12,96;25,04;3,77;1,01;14553,0;30,79;52,61;6,56;25,12;12,58;32,87;24,1;65,33;22,48;16,06;23,17;8,7;64,47;49,37
15073;Ribeira;14,95;20,57;9,3;1,15;15627,0;32,72;51,21;7,22;19,24;13,56;23,15;28,49;59,25;17,85;18,72;27,28;11,65;54,89;46,78
15074;Rois;13,07;26,95;4,66;1,08;15136,0;28,51;54,84;5,5;22,49;8,08;29,96;22,96;62,62;24,56;14,42;22,15;7,84;71,35;52,15
15075;Sada;14,37;22,91;18,08;0,95;18337,0;30,85;50,52;10,14;20,1;1,61;16,28;37,39;51,23;14,09;25,89;39,04;10,14;64,0;52,3
15076;San Sadurniño;11,12;32,03;5,0;0,85;16047,0;30,19;53,13;5,78;24,27;9,28;28,12;24,05;67,32;29,81;15,99;25,36;8,98;68,8;45,82
15077;Santa Comba;12,87;28,55;12,74;1,28;15902,0;28,76;54,55;5,21;35,6;15,86;26,89;21,56;69,08;33,03;13,66;19,28;11,0;64,54;47,98
15078;Santiago de Compostela;14,33;21,5;14,42;0,99;21925,0;39,1;46,19;6,76;16,42;1,09;10,69;49,59;41,49;11,84;19,5;48,5;7,46;68,73;55,61
15079;Santiso;6,55;37,43;3,36;1,0;14613,0;33,31;49,16;4,4;40,76;27,36;21,74;17,32;72,25;37,3;12,34;17,27;8,21;72,13;44,45
15080;Sobrado;8,36;33,78;11,64;1,28;15299,0;32,57;50,25;4,75;36,57;23,37;22,21;17,76;71,19;35,71;15,17;17,85;6,25;67,91;45,18
15081;Somozas, As;9,99;28,33;6,22;0,93;15428,0;34,72;48,86;6,03;22,89;12,14;35,62;19,17;68,61;29,79;16,58;16,17;14,74;63,33;48,1
15082;Teo;15,15;20,19;7,49;1,03;19823,0;33,43;52,07;7,39;17,4;1,1;17,01;40,63;48,57;11,69;19,31;41,61;7,18;70,92;57,19
15083;Toques;7,33;34,76;3,77;1,13;16347,0;33,47;50,5;5,01;42,39;31,38;21,31;13,43;75,06;35,25;12,48;11,49;5,71;72,84;45,14
15084;Tordoia;9,14;36,78;5,65;1,4;16542,0;29,06;54,62;3,25;37,51;24,36;26,93;16,57;73,46;40,17;11,69;16,08;7,69;73,28;44,19
15085;Touro;10,02;32,38;4,76;1,16;15736,0;31,98;51,73;4,28;25,35;14,29;28,5;19,0;69,0;30,18;15,78;20,35;8,93;71,97;47,95
15086;Trazo;11,75;31,77;6,44;1,27;16602,0;30,45;54,57;3,84;32,71;19,81;21,92;17,78;68,18;30,28;14,46;20,62;5,66;76,23;49,98
15087;Valdoviño;11,27;29,33;4,29;0,91;17889,0;29,06;53,68;6,29;21,2;4,35;25,15;29,2;61,69;23,14;20,82;28,62;10,45;63,77;46,07
15088;Val do Dubra;11,47;32,93;8,47;1,1;15906,0;30,59;53,63;4,13;28,29;11,49;23,94;20,29;66,83;31,64;14,24;20,94;8,2;71,75;46,72
15089;Vedra;13,03;26,17;4,77;1,03;17336,0;31,01;53,25;5,62;20,82;5,61;20,24;31,11;55,38;19,92;16,06;31,73;5,74;74,69;53,9
15090;Vilasantar;9,03;33,57;7,22;1,41;16042,0;37,06;44,91;4,96;31,27;20,12;23,9;16,8;70,29;24,26;22,77;20,16;8,67;69,5;45,73
15091;Vilarmaior;9,99;29,41;4,36;1,07;18484,0;28,35;53,31;6,98;23,47;8,5;24,7;28,4;61,11;23,88;18,29;28,61;7,94;71,7;50,09
15092;Vimianzo;10,84;31,8;8,5;1,14;15071,0;29,69;52,88;5,32;36,29;9,58;32,35;22,05;70,78;37,26;12,41;17,09;8,31;65,74;44,25
15093;Zas;9,42;33,2;5,27;1,16;15367,0;29,0;54,76;3,71;35,63;12,75;28,82;22,71;67,64;31,96;13,72;18,08;9,32;71,42;46,76
15901;Cariño;9,69;33,28;12,0;0,77;14173,0;28,42;50,18;8,39;31,75;13,57;21,94;23,93;65,94;28,94;18,18;23,38;12,03;58,92;40,36
15902;Oza-Cesuras;10,5;30,5;6,68;1,16;17067,0;29,95;52,66;6,35;25,0;7,34;24,87;25,66;61,61;27,86;18,19;25,56;7,14;70,89;48,65
16001;Abia de la Obispalía;0,0;35,59;5,88;0,0;18100,0;40,35;38,6;8,77;43,33;26,67;13,33;33,33;63,33;22,03;11,86;30,51;11,11;78,05;61,02
16002;Acebrón, El;10,64;27,23;15,74;1,07;13541,0;29,41;58,33;3,43;28,41;31,82;28,41;19,23;56,41;26,42;17,92;18,4;14,29;64,86;53,08
16003;Alarcón;9,66;25,63;13,22;0,34;16639,0;41,29;40,65;10,97;23,94;9,86;14,08;21,21;63,64;16,56;21,47;28,22;14,12;65,77;52,47
16004;Albaladejo del Cuende;3,42;50,25;6,03;0,5;14822,0;24,64;58,77;4,27;47,37;22,37;19,74;22,54;67,61;45,54;6,1;12,68;7,59;81,11;37,09
16005;Albalate de las Nogueras;8,08;30,38;6,15;0,58;15231,0;33,61;47,95;5,74;28,81;13,56;26,27;20,37;62,04;21,74;17,79;25,3;8,27;79,74;52,99
16006;Albendea;12,29;35,71;14,29;1,94;15342,0;37,93;45,69;5,17;42,86;28,57;12,24;15,38;71,79;21,49;14,88;19,83;14,04;72,06;47,11
16007;Alberca de Záncara, La;14,78;22,98;17,79;1,27;11491,0;29,26;57,02;4,68;32,75;44,89;14,06;16,13;59,75;36,64;12,82;13,11;6,24;66,28;49,56
16008;Alcalá de la Vega;2,41;39,28;18,07;0,0;14993,0;35,71;40,0;11,43;43,48;26,09;26,09;9,09;72,73;29,58;15,49;15,49;29,17;38,64;33,8
16010;Alcázar del Rey;7,13;27,6;16,96;0,39;17102,0;31,08;52,7;6,08;44,16;25,97;25,97;29,51;60,66;23,08;30,13;28,85;13,68;75,93;60,9
16012;Alconchel de la Estrella;6,49;32,47;3,9;4,67;14914,0;39,44;46,48;5,63;59,38;46,88;15,62;19,23;65,38;44,0;14,67;12,0;5,71;76,74;46,67
16014;Aliaguilla;10,59;30,89;4,37;0,81;10737,0;34,0;49,18;5,3;36,89;40,0;22,22;16,75;70,94;29,26;10,95;18,31;11,76;65,03;46,2
16015;Almarcha, La;9,6;28,93;18,32;1,38;13348,0;35,05;50,0;5,15;38,6;14,04;14,04;15,0;76,25;28,29;18,11;16,13;17,17;57,34;49,38
16016;Almendros;7,0;36,67;7,08;1,12;19889,0;25,79;60,18;5,88;39,56;24,18;23,08;32,5;51,25;23,89;14,6;23,01;7,45;66,92;41,96
16017;Almodóvar del Pinar;13,13;26,12;10,53;1,63;13410,0;35,8;46,88;6,82;25,85;22,45;21,09;16,42;72,39;25,48;18,28;14,68;13,14;63,87;48,75
16018;Almonacid del Marquesado;9,25;28,1;8,67;0,74;15198,0;28,72;55,59;1,6;35,89;17,31;28,37;18,62;62,77;28,57;19,22;18,44;4,83;77,87;53,91
16019;Altarejos;5,85;37,44;4,1;0,95;17237,0;31,41;54,45;4,19;47,73;40,91;13,64;30,43;62,32;29,8;16,67;22,22;5,62;78,5;45,18
16022;Arcos de la Sierra;7,95;38,72;6,41;5,6;18100,0;25,64;60,26;2,56;32,0;20,0;32,0;12,0;56,0;37,97;12,66;12,66;7,41;62,5;34,18
16023;Chillarón de Cuenca;17,29;13,74;11,23;1,02;17992,0;39,84;43,07;9,83;15,45;3,93;15,17;34,91;53,85;12,73;24,29;34,94;11,79;65,37;62,34
16024;Arguisuelas;9,33;28,59;2,96;0,0;14994,0;31,67;50,83;4,17;18,37;14,29;40,82;13,04;67,39;27,27;11,57;18,18;10,91;59,04;45,83
16026;Atalaya del Cañavate;2,86;34,07;17,58;0,0;14914,0;37,08;44,94;8,99;31,11;28,89;15,56;13,16;76,32;31,25;21,88;15,62;6,67;77,78;46,88
16027;Barajas de Melo;12,64;21,55;21,64;0,82;15274,0;31,34;50,98;9,27;18,34;9,34;29,24;17,59;62,99;21,86;21,97;18,35;15,85;57,29;53,43
16029;Barchín del Hoyo;2,48;33,52;9,52;0,0;16479,0;32,0;46,0;9,0;33,33;21,43;14,29;29,27;56,1;24,04;17,31;16,35;15,09;69,23;50,96
16032;Belinchón;13,76;27,42;10,7;0,82;15538,0;32,64;44,13;8,36;20,99;11,18;32,3;12,5;74,34;23,68;20,15;20,4;11,17;65,83;52,69
16033;Belmonte;10,26;28,15;6,59;0,92;13908,0;34,66;49,84;3,42;32,3;14,96;20,22;22,75;62,52;27,16;16,34;19,56;11,79;68,8;51,41
16034;Belmontejo;0,95;40,48;0,79;0,0;16142,0;32,81;46,09;6,25;31,03;24,14;13,79;32,0;58,0;27,13;14,73;18,6;11,86;73,24;45,74
16035;Beteta;8,29;26,67;11,63;0,81;18349,0;33,95;53,95;5,12;18,52;9,26;32,41;16,67;69,61;20,0;18,67;26,22;7,96;63,8;50,22
16036;Boniches;17,83;22,32;18,12;0,78;12920,0;27,62;48,57;11,43;21,95;17,07;31,71;25,0;60,0;20,54;17,86;21,43;19,23;48,84;46,85
16039;Buenache de Alarcón;7,48;29,75;19,95;0,8;12331,0;27,35;54,16;6,43;28,9;15,61;32,95;13,41;67,68;30,75;15,5;14,04;15,38;60,44;47,79
16040;Buenache de la Sierra;8,93;22,5;5,36;0,0;17717,0;40,4;44,44;7,07;33,87;17,74;19,35;27,42;61,29;19,42;19,42;31,07;3,39;74,03;57,84
16041;Buendía;8,39;31,42;11,37;0,82;14148,0;34,75;49,6;5,31;27,81;12,58;16,56;16,31;73,05;27,96;16,37;18,39;13,33;64,2;45,45
16042;Campillo de Altobuey;13,32;23,58;15,13;1,39;13247,0;31,03;51,2;6,26;26,84;11,55;33,14;21,01;61,01;26,23;14,21;18,95;10,25;65,84;52,42
16043;Campillos-Paravientos;8,77;30,7;10,53;0,88;15752,0;34,34;48,48;4,04;21,74;23,91;23,91;14,29;66,67;26,42;17,92;26,42;7,69;70,59;50,0
16045;Canalejas del Arroyo;1,7;40,78;4,58;1,17;12572,0;31,58;46,05;3,29;43,84;41,1;23,29;15,15;72,73;40,0;15,48;14,19;10,81;81,48;47,74
16046;Cañada del Hoyo;7,21;36,07;4,57;0,32;16042,0;37,67;46,05;4,19;30,59;21,18;12,94;23,75;63,75;31,02;17,13;18,98;13,83;66,94;43,52
16047;Cañada Juncosa;3,87;34,19;16,59;0,25;14801,0;33,67;51,26;5,03;32,99;34,02;10,31;14,44;64,44;32,85;13,53;13,04;9,9;71,09;49,51
16048;Cañamares;10,39;25,76;7,42;0,79;15878,0;35,06;51,85;4,94;22,94;12,35;41,76;24,39;64,02;23,7;17,54;20,38;16,02;60,07;49,28
16049;Cañavate, El;3,65;35,08;3,17;0,39;15980,0;30,4;52,0;3,2;41,82;32,73;14,55;21,28;63,83;27,2;6,4;16,0;8,47;72,0;47,2
16050;Cañaveras;11,19;25,93;14,4;1,07;13918,0;31,07;45,15;8,25;48,42;26,32;24,21;25,64;56,41;28,24;15,74;21,3;11,71;62,82;51,39
16051;Cañaveruelas;2,86;31,79;12,5;0,33;11903,0;34,26;50,93;1,85;56,86;50,98;9,8;9,68;80,65;35,65;16,52;20,0;9,68;80,0;54,39
16052;Cañete;14,11;22,28;22,3;1,3;14102,0;33,43;50,28;5,24;27,07;9,55;25,48;18,57;66,12;25,82;23,2;20,31;11,49;60,21;51,0
16053;Cañizares;7,67;27,99;4,29;1,11;19015,0;36,25;48,18;4,14;19,15;7,98;45,74;23,86;61,36;22,75;18,48;22,75;9,66;66,55;49,52
16055;Carboneras de Guadazaón;12,7;25,72;12,0;1,56;13974,0;30,83;54,13;5,31;23,53;17,32;24,84;11,68;74,57;30,85;14,93;15,35;9,2;64,36;49,43
16056;Cardenete;8,43;33,38;8,18;1,58;13341,0;29,21;52,57;5,84;23,23;14,84;23,23;14,57;73,51;23,77;14,8;14,8;14,72;63,4;44,37
16057;Carrascosa;1,76;33,82;0,0;0,0;17934,0;39,71;44,12;8,82;16,0;20,0;36,0;24,0;56,0;24,64;20,29;18,84;10,0;65,85;44,12
16060;Casas de Benítez;10,06;28,54;16,87;0,82;11899,0;31,28;53,55;5,05;37,81;27,5;17,81;15,54;64,86;30,38;15,0;13,85;10,8;59,74;46,64
16061;Casas de Fernando Alonso;11,15;26,64;15,48;1,24;11691,0;32,7;52,53;5,49;40,34;31,76;19,53;17,33;59,95;33,37;11,92;14,7;9,67;65,82;48,55
16063;Casas de Guijarro;6,6;36,6;2,83;1,17;13030,0;29,17;52,08;3,12;48,65;35,14;18,92;25,81;67,74;23,0;19,0;18,0;19,05;61,82;42,0
16064;Casas de Haro;11,83;26,23;12,88;0,98;12394,0;34,28;51,9;5,28;31,76;31,76;13,82;21,15;58,65;26,34;14,6;16,3;10,7;67,32;50,59
16065;Casas de los Pinos;8,38;32,94;9,02;0,8;15495,0;28,7;54,2;4,35;30,99;18,24;16,47;19,48;64,29;35,18;13,02;21,33;7,57;78,8;51,39
16066;Casasimarro;17,55;20,63;17,58;1,36;12151,0;33,57;52,02;6,54;27,19;31,3;17,52;15,02;56,87;30,31;12,29;15,74;9,33;68,31;55,07
16067;Castejón;3,81;35,4;20,63;0,5;14457,0;33,6;57,6;3,2;52,0;30,0;18,0;11,36;75,0;29,1;14,18;15,67;12,7;76,39;47,01
16068;Castillejo de Iniesta;7,65;21,39;16,52;0,35;14505,0;30,91;52,73;7,27;42,03;30,43;18,84;15,52;62,07;24,56;15,79;15,79;7,04;83,54;62,28
16072;Castillo de Garcimuñoz;4,55;39,02;2,44;1,27;13203,0;31,01;52,71;4,65;55,56;18,87;30,19;20,0;71,11;30,77;8,46;19,23;16,67;83,33;50,77
16073;Cervera del Llano;11,13;26,52;17,65;0,2;12646,0;33,51;54,05;3,78;43,75;15,0;18,75;21,92;67,12;26,02;13,27;15,82;16,0;60,87;51,28
16078;Cuenca;16,05;18,4;14,78;1,05;18116,0;37,95;47,38;7,23;13,14;2,2;13,01;38,0;50,17;15,26;21,73;37,11;9,94;64,61;55,67
16081;Chumillas;12,24;18,37;6,12;0,58;18100,0;52,08;25,0;18,75;33,33;33,33;12,5;4,76;80,95;13,21;26,42;16,98;11,11;68,57;54,0
16082;Enguídanos;9,75;30,62;11,64;0,74;13666,0;37,98;39,92;10,47;33,98;26,21;21,36;11,34;61,86;29,82;18,91;11,27;22,66;61,11;46,89
16085;Frontera, La;11,63;27,32;13,07;1,56;12201,0;39,85;42,86;6,02;35,09;19,3;29,82;18,0;68,0;23,4;11,35;21,28;11,43;67,39;50,0
16086;Fuente de Pedro Naharro;15,05;18,08;20,89;1,09;13566,0;32,41;54,35;3,95;29,12;24,65;33,33;15,08;61,64;27,63;16,84;18,72;7,7;66,63;57,14
16087;Fuentelespino de Haro;7,69;39,13;11,35;0,41;14063,0;34,74;40,38;5,16;32,56;24,42;13,95;22,5;63,75;37,72;12,28;15,35;9,3;65,55;38,05
16088;Fuentelespino de Moya;6,6;37,09;4,85;0,93;15007,0;30,0;49,0;4,0;27,03;18,92;21,62;21,21;66,67;19,0;19,0;21,0;2,44;72,73;41,0
16089;Fuentes;12,3;23,74;5,38;0,88;15899,0;35,42;47,71;8,19;20,28;12,26;28,77;17,56;71,22;26,7;20,37;19,2;9,32;70,86;55,92
16091;Fuertescusa;3,88;37,61;0,0;0,0;17934,0;32,81;54,69;4,69;22,22;14,81;18,52;30,77;61,54;22,39;17,91;28,36;16,13;66,67;46,97
16092;Gabaldón;8,03;26,12;4,08;1,22;15943,0;44,0;41,33;7,33;27,42;24,19;22,58;21,43;58,93;21,05;18,42;18,42;8,54;78,12;53,95
16093;Garaballa;0,0;44,67;5,0;0,0;14993,0;30,16;57,14;0,0;27,59;37,93;17,24;26,92;57,69;34,92;6,35;22,22;8,0;76,67;39,68
16094;Gascueña;8,97;33,09;12,5;0,88;12777,0;28,57;59,66;6,72;28,0;20,0;8,0;9,09;65,91;27,78;11,9;18,25;16,0;51,85;39,68
16095;Graja de Campalbo;8,47;30,12;5,88;0,7;14993,0;40,26;45,45;5,19;37,21;34,88;20,93;22,5;62,5;16,88;18,18;19,48;8,89;83,67;58,44
16096;Graja de Iniesta;15,16;17,03;14,29;1,38;12677,0;36,49;51,69;6,76;36,67;28,33;11,67;12,73;70,3;29,38;14,06;15,31;7,37;75,54;59,75
16097;Henarejos;2,12;46,67;6,06;0,0;14096,0;36,22;48,82;4,72;35,0;37,5;20,0;15,38;74,36;32,82;9,16;11,45;7,14;61,9;32,31
16098;Herrumblar, El;14,88;21,08;25,25;1,48;10238,0;31,86;55,72;3,76;33,87;38,39;18,06;12,07;62,76;35,01;13,06;16,17;9,22;61,05;51,87
16099;Hinojosa, La;7,21;37,7;4,92;1,27;14998,0;33,33;55,17;2,87;40,58;18,84;11,59;31,15;57,38;30,77;10,99;19,78;10,0;78,26;43,96
16100;Hinojosos, Los;9,99;30,36;5,72;0,65;10859,0;30,23;55,5;3,72;32,85;33,58;18,25;16,14;58,27;32,52;11,7;12,77;13,62;63,57;45,95
16101;Hito, El;1,69;43,05;0,0;0,0;16495,0;36,8;48,0;5,6;26,67;23,33;15,0;25,0;50,0;23,02;7,14;23,81;9,52;95,0;50,0
16102;Honrubia;13,06;21,99;15,06;1,05;13138,0;32,4;52,83;4,82;27,57;15,91;12,48;14,92;74,1;30,17;15,55;14,27;8,06;64,42;51,01
16103;Hontanaya;3,1;44,96;8,53;0,78;16231,0;30,28;50,6;4,38;30,56;28,7;13,89;25,51;53,06;41,09;13,18;18,6;5,56;81,6;41,86
16104;Hontecillas;7,41;39,63;9,26;1,17;15973,0;21,57;64,71;9,8;44,44;22,22;27,78;29,41;58,82;31,37;11,76;25,49;14,29;66,67;41,18
16106;Horcajo de Santiago;16,28;19,5;17,01;1,24;13347,0;30,47;55,23;6,74;17,5;8,41;37,28;17,51;59,79;23,54;15,87;15,12;13,81;58,04;53,04
16107;Huélamo;3,94;47,89;1,41;0,0;17934,0;30,56;55,56;4,17;34,62;7,69;15,38;24,0;64,0;15,07;27,4;13,7;8,0;71,88;34,25
16108;Huelves;9,91;24,86;24,3;0,0;14914,0;31,71;43,9;18,29;13,33;6,67;16,67;19,23;53,85;15,29;25,88;28,24;10,53;47,22;45,24
16109;Huérguina;2,44;53,17;4,88;0,0;14993,0;32,56;51,16;4,65;33,33;11,11;16,67;25,0;56,25;20,93;23,26;27,91;0,0;111,76;44,19
16110;Huerta de la Obispalía;7,36;22,4;22,4;0,74;24135,0;40,17;51,28;2,56;31,43;41,43;2,86;21,67;61,67;25,0;20,97;24,19;6,94;77,01;58,06
16111;Huerta del Marquesado;9,04;23,13;12,65;0,7;15891,0;41,67;43,59;3,85;26,39;11,11;30,56;29,23;55,38;17,9;20,37;30,25;10,0;63,72;49,69
16112;Huete;12,68;23,32;10,15;1,37;13619,0;35,62;51,49;3,81;25,69;13,98;19,02;19,12;66,02;29,44;16,84;16,35;18,7;55,97;48,87
16113;Iniesta;16,69;16,99;23,42;1,36;12588,0;34,03;54,29;5,09;33,04;28,05;13,25;18,05;58,42;27,49;14,22;17,31;7,19;66,75;56,71
16115;Laguna del Marquesado;15,17;21,38;18,97;1,75;17934,0;35,56;51,11;8,89;34,62;26,92;23,08;21,74;65,22;28,0;10,0;26,0;3,7;70,27;54,0
16116;Lagunaseca;1,96;47,84;0,0;0,0;17934,0;30,61;53,06;2,04;30,0;20,0;15,0;27,78;66,67;24,49;12,24;38,78;5,0;79,17;40,82
16117;Landete;11,92;26,79;17,6;0,94;14384,0;32,49;51,8;4,98;28,83;18,4;21,27;22,88;62,09;25,82;20,85;22,72;10,39;65,62;48,21
16118;Ledaña;12,35;29,53;9,66;1,24;11490,0;33,79;52,41;4,39;36,2;34,72;18,11;18,62;57,73;33,04;13,11;15,49;12,92;64,6;46,8
16119;Leganiel;15,13;25,04;3,98;2,76;13444,0;35,05;47,94;7,73;33,33;25,29;29,89;12,33;65,75;24,75;19,19;16,67;20,18;65,91;55,33
16121;Majadas, Las;2,06;30,47;0,93;0,0;17530,0;38,43;47,69;3,24;28,12;20,83;17,71;23,6;56,18;20,28;14,29;23,04;6,73;70,29;48,15
16122;Mariana;17,67;20,9;6,87;1,17;14769,0;38,31;47,13;5,75;22,39;9,7;26,12;26,19;56,35;18,68;16,48;30,77;8,5;66,35;56,67
16123;Masegosa;1,75;32,28;0,0;1,75;17934,0;27,12;57,63;1,69;14,29;10,71;39,29;32,14;50,0;23,33;11,67;31,67;10,34;76,47;48,33
16124;Mesas, Las;12,74;23,88;12,07;1,1;11405,0;32,11;54,5;4,04;27,82;27,54;28,15;13,51;61,66;28,17;12,28;12,38;10,88;69,18;54,44
16125;Minglanilla;17,58;16,88;20,31;1,5;10995,0;33,28;52,95;6,78;28,83;22,21;18,09;14,65;62,7;28,42;13,37;13,27;14,4;58,32;54,96
16126;Mira;13,4;24,03;11,24;1,13;14859,0;31,39;52,1;7,37;37,64;29,31;24,14;16,93;67,4;31,31;14,44;14,93;16,67;57,82;50,0
16129;Montalbanejo;0,72;46,27;14,46;0,0;14914,0;30,95;55,95;1,19;32,43;37,84;10,81;9,09;75,76;24,71;18,82;15,29;18,42;75,61;44,71
16130;Montalbo;12,88;22,65;15,92;1,18;13897,0;33,5;53,1;3,43;28,16;15,21;23,3;11,3;73,29;29,53;19,69;18,44;9,8;68,34;54,91
16131;Monteagudo de las Salinas;3,85;33,85;3,08;0,5;18603,0;29,27;54,47;7,32;22,95;21,31;13,11;20,34;76,27;25,6;15,2;27,2;4,55;81,82;52,8
16133;Mota del Cuervo;17,64;19,34;13,08;1,35;13133,0;30,69;56,78;5,34;27,9;14,67;24,94;25,73;57,23;21,92;18,52;24,16;9,09;66,5;55,34
16134;Motilla del Palancar;17,49;14,74;21,59;1,28;16029,0;36,07;51,14;6,31;18,35;7,75;33,72;22,24;60,64;22,08;18,02;21,15;9,88;63,65;59,25
16135;Moya;7,37;35,64;13,53;0,47;14074,0;38,41;47,1;2,17;36,84;21,05;19,3;33,96;58,49;27,46;15,49;28,17;12,28;64,94;40,43
16139;Olivares de Júcar;4,95;40,4;10,7;0,64;12711,0;32,39;47,18;6,34;32,41;24,3;21,5;13,68;75,79;37,88;12,63;18,43;8,73;71,43;43,15
16141;Olmeda del Rey;3,66;33,13;9,16;0,0;15917,0;33,9;48,31;5,08;52,54;35,59;22,03;20,41;67,35;24,79;14,88;28,1;10,94;72,15;52,89
16142;Olmedilla de Alarcón;7,6;33,49;13,95;0,37;14673,0;28,57;50,42;8,4;30,0;18,0;16,0;16,67;70,83;37,6;14,4;15,2;15,09;59,21;42,74
16145;Osa de la Vega;9,42;30,0;8,44;0,75;11779,0;26,09;57,29;4,6;31,17;35,06;13,64;14,39;66,19;28,26;13,76;13,76;17,03;57,41;45,16
16146;Pajarón;2,82;49,58;1,41;2,8;14993,0;30,14;52,05;2,74;27,59;27,59;13,79;22,22;62,96;41,1;8,22;16,44;7,14;83,87;38,36
16147;Pajaroncillo;13,64;34,85;16,67;4,38;14993,0;36,36;41,82;5,45;53,85;46,15;23,08;15,38;69,23;35,71;26,79;7,14;17,65;43,75;30,36
16148;Palomares del Campo;6,73;33,24;5,24;0,65;14627,0;30,8;54,78;3,31;41,43;22,71;22,71;16,6;70,64;35,17;15,02;17,87;5,9;78,95;51,62
16149;Palomera;9,84;25,88;6,95;1,03;21837,0;29,14;55,43;4,0;22,09;5,81;12,79;46,43;52,38;16,57;20,0;44,57;5,32;76,07;53,71
16150;Paracuellos;6,86;31,81;8,57;0,54;18100,0;37,5;44,79;5,21;35,56;24,44;28,89;14,63;70,73;23,96;16,67;23,96;12,24;69,35;51,04
16151;Paredes;3,55;30,65;3,23;0,0;14914,0;26,56;56,25;9,38;36,67;30,0;20,0;38,46;57,69;10,61;15,15;27,27;12,9;67,5;48,44
16153;Pedernoso, El;12,41;23,87;12,35;1,16;13582,0;33,68;53,14;4,02;23,29;16,27;26,71;21,15;58,12;24,38;16,48;20,28;10,77;70,2;56,04
16154;Pedroñeras, Las;16,16;18,4;19,39;1,23;12610,0;34,63;52,48;4,96;29,7;30,02;25,81;17,64;60,97;31,31;14,94;15,09;7,16;66,37;54,64
16155;Peral, El;12,5;22,07;19,79;1,54;11279,0;36,13;50,47;5,96;36,16;29,15;24,35;17,89;65,45;30,02;12,65;13,32;7,85;60,54;49,83
16156;Peraleja, La;3,25;35,25;15,0;0,0;16039,0;20,83;65,28;2,78;57,69;38,46;23,08;17,39;60,87;33,77;9,09;14,29;6,9;55,1;38,16
16157;Pesquera, La;12,18;33,16;6,22;1,81;10398,0;26,8;61,34;3,61;35,53;23,68;19,74;14,29;67,14;31,03;14,78;14,78;20,62;63,64;48,02
16158;Picazo, El;15,9;21,75;15,47;1,12;13286,0;32,09;54,56;4,56;34,97;12,59;33,92;17,24;66,28;27,8;13,58;14,86;12,87;65,1;53,96
16159;Pinarejo;6,21;47,13;8,05;1,0;13053,0;26,04;51,48;3,55;56,06;24,24;15,15;14,81;79,63;42,53;7,47;13,22;11,27;81,82;40,8
16160;Pineda de Gigüela;10,34;34,48;18,97;0,0;16039,0;37,25;39,22;1,96;48,15;44,44;3,7;36,36;54,55;27,78;18,52;16,67;8,0;76,67;46,3
16163;Portilla;1,03;52,07;0,0;0,0;18100,0;28,33;48,33;8,33;7,14;7,14;35,71;7,14;50,0;25,0;11,67;23,33;15,0;68,0;33,33
16165;Poyatos;5,0;30,0;6,94;2,0;17934,0;40,58;39,13;11,59;30,3;18,18;30,3;21,21;72,73;13,04;24,64;23,19;2,78;81,4;52,17
16166;Pozoamargo;4,86;33,31;13,15;0,54;15668,0;35,86;45,15;6,75;46,88;27,08;19,79;23,26;62,79;26,19;18,65;30,16;10,91;64,9;44,0
16167;Pozorrubio de Santiago;6,45;33,75;5,54;0,76;14858,0;33,1;48,04;5,69;22,69;10,92;26,89;18,42;65,79;26,9;15,52;15,17;17,27;63,89;48,26
16170;Priego;11,83;23,42;25,74;0,85;13850,0;36,88;46,85;6,3;22,49;9,12;23,4;18,21;60,06;29,81;18,29;17,34;15,11;56,26;47,6
16171;Provencio, El;15,68;22,83;19,24;1,24;11704,0;30,28;53,66;5,66;28,48;19,38;25,5;20,64;58,0;29,28;15,52;15,71;10,14;60,98;48,55
16172;Puebla de Almenara;3,25;43,93;11,19;0,72;15299,0;28,47;49,65;5,21;43,97;24,14;9,48;21,15;63,46;35,31;13,2;20,46;9,38;75,82;42,24
16173;Valle de Altomira, El;6,08;35,05;11,34;1,59;14835,0;23,24;56,76;8,11;44,57;35,87;17,39;27,5;58,75;31,79;22,05;16,92;12,24;79,63;50,78
16174;Puebla del Salvador;12,02;29,02;3,11;2,5;11326,0;34,29;45,14;8,57;47,14;44,93;18,84;8,47;74,58;27,47;10,99;15,38;12,35;64,55;44,75
16175;Quintanar del Rey;18,98;15,59;20,16;1,47;11281,0;30,33;58,63;4,82;29,36;28,08;27,16;16,11;57,65;25,91;13,67;14,51;11,96;63,94;58,51
16177;Reíllo;3,55;28,41;23,36;0,54;13368,0;36,17;47,87;5,32;23,08;30,77;20,51;16,22;59,46;29,81;12,5;18,27;10,64;57,53;45,63
16181;Rozalén del Monte;3,33;53,75;2,08;0,0;14914,0;36,0;44,0;8,0;57,89;47,37;15,79;17,65;76,47;37,25;11,76;19,61;5,26;90,0;38,0
16186;Saelices;10,71;26,69;14,85;1,86;14571,0;31,5;47,02;9,07;20,9;13,93;20,9;19,07;57,22;25,29;17,87;18,56;9,63;66,11;50,7
16187;Salinas del Manzano;10,45;29,77;29,55;0,78;14993,0;43,08;44,62;4,62;38,71;19,35;22,58;17,86;71,43;24,29;28,57;21,43;17,65;51,85;48,57
16188;Salmeroncillos;16,23;21,89;26,42;0,74;15001,0;32,94;52,94;8,24;50,0;26,09;39,13;26,83;53,66;21,59;21,59;22,73;0,0;73,13;56,32
16189;Salvacañete;13,69;29,33;14,09;1,45;15273,0;35,04;48,43;6,69;38,76;24,03;29,46;25,22;58,26;26,42;17,36;20,75;6,06;73,81;50,57
16190;San Clemente;16,83;19,46;16,08;1,26;13461,0;32,41;54,95;5,2;26,91;14,29;20,26;25,61;60,15;28,16;15,56;18,46;9,23;67,14;55,23
16191;San Lorenzo de la Parrilla;12,84;22,96;22,62;0,96;13750,0;35,52;49,36;4,61;26,99;15,97;14,92;22,94;64,59;28,45;14,17;19,75;7,28;67,22;51,68
16194;Santa Cruz de Moya;9,49;37,69;4,7;0,6;13927,0;32,72;43,32;6,45;22,06;4,41;26,47;26,56;62,5;32,27;14,55;18,18;19,77;58,97;39,09
16195;Santa María del Campo Rus;8,81;29,68;17,96;0,45;10800,0;30,13;51,09;3,93;40,86;30,65;17,74;14,11;73,01;38,76;14,46;11,24;9,6;53,59;40,08
16196;Santa María de los Llanos;11,2;30,05;4,08;0,95;12242,0;30,9;53,14;5,43;33,33;22,71;26,01;16,13;63,71;23,36;15,46;15,79;12,66;69,51;51,08
16197;Santa María del Val;2,96;51,48;3,7;0,0;17934,0;31,67;51,67;8,33;26,32;21,05;26,32;0,0;94,74;32,26;19,35;14,52;21,74;75,0;37,1
16198;Sisante;14,53;24,48;14,0;1,27;12318,0;31,98;55,2;3,99;27,84;23,08;18,75;20,37;61,46;28,17;14,12;14,94;12,13;65,44;51,62
16202;Talayuelas;12,8;27,82;12,99;0,94;13405,0;33,38;47,03;5,93;30,6;26,5;27,76;16,29;67,75;24,39;17,97;19,0;14,25;59,5;46,49
16203;Tarancón;19,12;13,85;28,41;1,49;14630,0;34,82;52,81;6,44;13,84;3,23;35,84;21,3;54,08;17,6;25,09;22,51;12,25;60,78;58,66
16204;Tébar;12,31;22,67;14,01;1,1;12614,0;35,27;51,16;5,43;30,65;29,84;19,35;15,24;59,05;32,25;12,68;19,2;13,19;61,27;53,14
16205;Tejadillos;9,52;31,81;0,95;0,44;15369,0;29,03;58,06;5,38;22,58;22,58;32,26;13,33;73,33;21,43;18,37;16,33;16,67;57,38;43,3
16206;Tinajas;8,66;40,86;8,56;0,84;13393,0;32,16;46,2;6,43;41,38;21,05;19,3;17,65;76,47;36,46;14,36;21,55;16,22;69,66;41,11
16209;Torralba;0,88;35,79;9,65;0,7;15906,0;33,33;41,23;7,02;39,58;33,33;10,42;20,0;62,5;17,95;18,8;29,06;11,76;65,22;43,59
16211;Torrejoncillo del Rey;3,06;42,0;6,47;0,29;16560,0;33,03;45,76;6,97;42,98;19,83;20,66;21,62;67,57;38,37;16,01;20,85;14,69;69,32;43,2
16212;Torrubia del Campo;11,68;25,33;9,84;1,85;14797,0;30,26;53,14;5,17;24,62;13,08;40,0;17,54;66,67;25,09;19,0;20,43;11,11;65,31;51,99
16215;Tragacete;6,34;29,39;10,31;0,76;15308,0;35,95;46,69;6,2;38,46;20,51;18,8;23,42;65,77;22,76;19,92;23,58;15,62;66,67;52,03
16216;Tresjuncos;3,66;35,33;2,33;0,88;13293,0;29,48;55,78;5,18;37,37;27,27;25,25;17,02;63,83;30,83;12,65;18,97;12,5;66,22;44,44
16217;Tribaldos;8,63;40,0;10,78;0,0;14914,0;22,47;59,55;4,49;28,57;17,86;32,14;29,17;62,5;28,26;13,04;20,65;12,5;54,9;35,16
16218;Uclés;10,13;26,41;12,99;1,17;14254,0;36,57;43,06;6,94;26,13;18,92;17,12;22,77;61,39;20,36;19,91;28,05;14,63;70,95;56,16
16219;Uña;1,76;23,3;3,3;0,0;18100,0;35,96;48,31;3,37;28,57;14,29;10,2;40,43;51,06;13,48;21,35;37,08;3,85;78,12;58,43
16224;Valdemeca;3,9;26,34;1,22;0,0;17934,0;35,44;51,9;10,13;48,39;19,35;38,71;26,67;63,33;11,39;18,99;29,11;6,52;76,79;58,23
16225;Valdemorillo de la Sierra;7,35;39,59;10,2;0,0;18100,0;27,45;58,82;5,88;33,33;13,33;20,0;42,86;50,0;24,07;11,11;29,63;0,0;72,0;33,96
16227;Valdemoro-Sierra;5,92;29,18;14,29;1,56;13254,0;32,63;50,53;4,21;28,57;16,67;30,95;13,16;71,05;29,29;13,13;17,17;17,02;61,9;47,47
16228;Valdeolivas;5,57;27,26;17,92;1,05;14324,0;36,17;45,74;9,04;33,67;22,45;25,51;23,33;54,44;28,5;14,5;16,0;13,08;66,91;53,77
16231;Valhermoso de la Fuente;5,33;27,0;15,0;0,0;15973,0;18,37;57,14;10,2;22,58;32,26;25,81;28,57;39,29;38,89;11,11;16,67;23,08;51,28;48,15
16236;Valverde de Júcar;14,81;25,03;13,64;1,57;14587,0;32,62;50,32;5,97;37,0;8,67;24,82;21,77;68,61;29,35;12,98;19,98;13,37;63,92;52,02
16237;Valverdejo;4,37;35,4;3,45;0,0;15973,0;31,71;52,44;1,22;44,12;47,06;23,53;14,29;67,86;27,38;13,1;16,67;11,9;72,55;50,0
16238;Vara de Rey;7,11;32,33;5,14;0,59;13523,0;32,88;48,4;4,79;35,09;15,79;22,22;20,78;66,23;30,65;15,21;20,36;19,09;63,35;49,33
16239;Vega del Codorno;4,96;29,36;7,8;0,0;17596,0;33,81;45,32;11,51;37,14;25,71;8,57;28,36;64,18;17,86;16,43;32,14;10,81;73,33;52,86
16240;Vellisca;8,53;35,5;11,63;2,62;16513,0;26,72;50,86;6,9;41,18;17,65;29,41;21,28;68,09;22,88;22,03;25,42;14,29;71,64;47,46
16242;Villaconejos de Trabaque;9,67;33,66;11,48;0,26;12007,0;29,51;58,03;2,62;38,28;19,53;21,88;16,95;66,95;31,53;14,01;18,47;9,86;68,82;45,66
16243;Villaescusa de Haro;7,87;27,92;25,21;0,84;13989,0;36,67;48,46;3,08;28,49;23,03;21,35;27,91;51,74;35,16;14,16;23,52;11,48;61,06;48,05
16244;Villagarcía del Llano;11,99;26,28;6,98;1,36;11195,0;28,57;59,79;2,5;40,13;37,3;14,42;19,03;62,98;29,24;12,84;14,27;12,67;67,16;52,16
16245;Villalba de la Sierra;12,43;25,1;10,47;1,09;17973,0;34,35;50,41;6,1;22,22;8,0;14,67;30,14;56,94;17,97;22,27;31,45;12,88;65,34;51,97
16246;Villalba del Rey;5,39;31,03;8,21;0,24;13489,0;31,46;51,24;4,04;39,23;23,92;20,57;20,11;66,48;29,44;12,99;17,32;10,5;73,45;51,74
16247;Villalgordo del Marquesado;4,19;37,1;19,35;0,0;14914,0;34,55;40,0;3,64;31,03;58,62;3,45;16,67;62,5;32,81;15,62;17,19;14,29;68,57;44,44
16248;Villalpardo;12,13;23,14;6,63;1,03;12291,0;32,39;52,89;5,66;36,85;22,2;27,8;19,21;65,02;27,01;12,83;19,08;11,2;73,47;59,08
16249;Villamayor de Santiago;11,72;24,28;12,65;0,71;13012,0;32,17;55,35;3,46;27,09;18,13;29,12;17,76;64,36;31,6;14,14;15,34;11,32;66,47;52,19
16250;Villanueva de Guadamejud;0,0;38,98;3,39;0,0;16039,0;30,91;58,18;1,82;42,11;31,58;26,32;7,69;76,92;38,6;21,05;15,79;8,7;61,76;40,35
16251;Villanueva de la Jara;15,5;19,18;23,74;1,42;12382,0;30,7;55,42;5,47;29,43;30,86;24,12;14,47;60,4;28,76;14,24;12,49;7,96;63,57;53,89
16253;Villar de Cañas;7,98;29,46;13,81;0,7;13605,0;27,71;51,51;8,73;36,18;10,53;25,0;21,53;66,67;25,58;17,44;20,06;15,06;58,51;48,68
16254;Villar de Domingo García;5,67;30,79;5,12;0,21;17146,0;34,67;47,74;7,04;30,48;25,71;11,43;35,8;45,68;18,0;20,0;37,0;5,71;74,44;52,76
16255;Villar de la Encina;4,56;41,34;13,42;0,41;15449,0;31,94;54,17;4,17;34,15;17,07;14,63;44,44;47,22;36,73;16,33;22,45;17,02;51,32;31,97
16258;Villar del Humo;9,78;38,35;15,38;2,15;15183,0;29,41;50,33;8,5;14,29;26,53;22,45;10,2;69,39;35,71;7,74;15,48;15,69;46,74;30,72
16263;Villar de Olalla;16,09;15,87;17,25;1,38;17939,0;32,93;55,45;5,17;18,02;5,26;26,32;32,5;56,33;20,28;18,81;30,84;8,02;64,06;58,16
16264;Villarejo de Fuentes;7,13;36,39;9,16;1,1;13951,0;25,46;59,84;4,2;31,36;20,12;24,85;10,32;73,55;38,28;12,76;13,8;9,04;77,38;49,09
16266;Villarejo-Periesteban;7,08;37,17;2,72;0,78;13013,0;36,31;48,99;2,88;52,2;39,62;11,95;21,88;65,62;35,24;14,9;20,63;6,9;82,23;49,86
16269;Villares del Saz;11,01;29,15;19,41;0,73;13483,0;36,59;46,1;5,37;34,52;16,67;11,9;15,38;71,79;34,64;13,51;16,12;7,53;55,84;41,06
16270;Villarrubio;15,16;21,21;17,21;2,22;14946,0;36,0;46,86;6,86;18,28;5,38;32,26;16,09;66,67;19,37;23,56;25,13;10,58;69,4;55,32
16271;Villarta;12,51;22,12;20,93;0,7;10566,0;34,26;50,76;6,24;36,04;38,14;21,32;16,44;54,36;31,69;14,55;12,99;9,6;60,0;49,02
16272;Villas de la Ventosa;5,66;30,0;7,52;0,27;14965,0;33,33;48,36;6,1;45,65;38,04;8,7;18,18;64,94;22,07;22,07;21,17;12,07;71,33;52,49
16273;Villaverde y Pasaconsol;7,68;39,07;10,22;0,51;12665,0;29,32;54,4;4,23;43,22;28,81;19,49;18,27;66,35;36,1;12,14;16,93;15,33;69,88;44,05
16274;Víllora;9,92;31,09;15,13;2,19;13268,0;32,08;38,68;11,32;31,82;27,27;18,18;18,18;59,09;33,33;19,3;17,54;25,0;30,88;24,56
16277;Zafra de Záncara;0,0;51,52;7,61;0,0;14914,0;23,86;54,55;9,09;42,86;28,57;21,43;19,05;61,9;40,91;10,23;18,18;12,5;68,29;36,36
16278;Zafrilla;2,71;26,1;18,64;0,64;17934,0;48,08;38,46;5,77;72,73;45,45;31,82;4,55;90,91;33,96;11,32;11,32;16,0;51,22;47,17
16279;Zarza de Tajo;13,29;19,75;34,16;1,5;14350,0;37,24;45,61;9,62;19,67;16,39;39,34;3,51;64,04;30,43;21,34;14,23;12,16;61,32;58,96
16280;Zarzuela;4,89;44,2;2,84;1,17;15602,0;26,75;52,87;4,46;31,91;19,15;14,89;20,93;67,44;34,81;10,76;14,56;18,33;57,65;37,97
16901;Campos del Paraíso;7,14;37,12;10,26;0,59;15952,0;28,67;53,5;4,83;36,2;17,92;18,28;28,98;61,63;30,86;17,12;23,75;9,12;79,71;49,76
16902;Valdetórtola;2,43;32,87;0,0;0,0;18616,0;34,71;47,93;3,31;29,63;9,43;18,87;31,82;54,55;25,62;17,36;23,97;9,26;67,12;44,63
16903;Valeras, Las;14,5;19,82;24,56;1,75;13167,0;30,1;59,73;2,74;37,23;4,57;51,61;16,25;72,44;35,51;12,61;11,88;15,71;58,09;50,77
16904;Fuentenava de Jábaga;12,38;18,19;6,09;0,71;23381,0;29,49;55,13;8,97;21,4;5,26;10,53;43,54;51,29;6,46;19,03;49,01;7,52;64,46;55,33
16905;Arcas;21,6;8,56;11,41;1,73;17602,0;33,54;54,6;9,09;15,58;3,21;18,52;35,08;55,0;9,59;24,41;42,43;8,24;68,56;68,9
16906;Valdecolmenas, Los;0,0;48,99;7,25;0,0;16039,0;37,14;35,71;8,57;52,38;28,57;28,57;12,5;75,0;37,14;22,86;18,57;15,38;64,71;37,14
16908;Pozorrubielos de la Mancha;5,26;34,4;20,57;1,17;11620,0;31,82;50,65;5,19;20,0;35,0;11,67;16,98;60,38;39,31;10,4;10,98;18,06;59,0;41,86
16909;Sotorribas;7,86;28,48;5,49;0,79;18105,0;36,04;46,32;5,21;25,67;13,0;16,33;23,47;62,09;19,82;20,12;28,59;8,53;70,52;51,75
16910;Villar y Velasco;9,57;35,43;10,87;0,58;16039,0;40,26;40,26;7,79;30,3;24,24;24,24;20,69;58,62;16,88;28,57;19,48;14,29;62,5;45,45
17001;Agullana;16,28;19,3;19,3;0,95;29061,0;36,43;47,37;9,28;20,49;4,63;14,88;29,66;60,1;11,89;29,03;30,69;5,12;69,86;55,92
17002;Aiguaviva;18,53;15,23;8,45;0,8;25596,0;34,95;51,41;8,15;27,56;2,63;22,63;42,27;51,1;6,96;24,59;44,89;3,4;71,97;62,33
17003;Albanyà;21,9;20,13;17,09;2,48;13611,0;41,94;42,74;8,87;24,56;8,77;14,04;26,42;60,38;5,19;31,85;35,56;9,38;64,44;48,85
17004;Albons;15,73;19,6;15,96;1,38;20654,0;35,88;50,29;7,65;28,65;6,61;23,14;35,96;51,75;11,14;23,26;40,11;4,12;66,55;55,04
17005;Far d'Empordà, El;18,21;16,44;8,17;1,24;19278,0;40,43;46,03;5,61;22,54;2,82;25,0;33,83;54,89;11,55;25,14;28,12;5,45;69,25;59,09
17006;Alp;14,23;14,06;17,23;1,0;25914,0;44,82;39,33;10,28;25,34;1,05;13,56;44,34;48,47;7,26;27,99;45,32;3,65;73,31;63,44
17007;Amer;16,79;22,24;14,1;1,36;20288,0;32,7;51,83;7,46;13,55;2,39;34,73;38,25;49,6;15,53;19,38;30,86;7,27;71,29;55,66
17008;Anglès;18,96;17,51;26,8;1,26;17264,0;31,61;53,25;7,35;14,76;2,5;43,16;25,88;58,41;18,86;20,53;23,35;8,48;66,96;57,04
17009;Arbúcies;18,22;17,71;24,85;1,38;17419,0;31,53;53,58;8,12;17,13;8,06;34,66;28,22;58,65;19,91;20,37;25,87;9,16;65,69;57,13
17010;Argelaguer;15,2;19,79;12,21;1,11;20455,0;42,01;42,78;9,28;28,71;1,44;28,23;38,0;51,0;6,48;21,2;50,62;5,63;71,95;57,89
17011;Armentera, L';18,64;18,87;18,59;1,22;21535,0;34,38;51,39;6,83;26,6;12,55;17,45;34,82;52,68;15,06;20,49;40,75;4,66;69,26;55,38
17012;Avinyonet de Puigventós;19,04;11,5;8,45;1,01;20433,0;36,27;53,02;6,63;23,79;1,89;25,09;33,95;57,07;7,4;27,7;31,75;5,3;72,34;65,79
17013;Begur;13,11;22,24;24,78;1,06;24885,0;34,68;48,81;9,96;30,84;1,1;19,54;36,61;53,58;12,75;21,78;39,64;5,2;62,19;48,45
17015;Banyoles;19,57;16,79;23,35;1,27;20187,0;35,14;50,04;7,81;15,21;2,08;32,75;35,63;49,13;15,64;20,51;34,0;6,04;71,14;60,35
17016;Bàscara;16,37;18,99;15,65;1,05;18680,0;35,83;45,78;8,55;24,74;6,98;19,03;29,89;60,22;10,99;22,64;31,1;5,93;71,3;58,11
17018;Bellcaire d'Empordà;16,04;19,39;17,87;1,01;19543,0;35,2;49,18;8,06;31,09;3,53;24,36;36,7;53,2;6,69;26,13;33,75;6,92;67,01;54,73
17019;Besalú;17,48;20,89;17,72;1,14;19645,0;30,67;52,76;8,04;18,44;1,3;31,6;32,71;56,39;21,45;19,27;31,68;4,52;73,37;58,41
17020;Bescanó;19,47;15,48;8,41;1,06;20979,0;34,11;51,77;7,65;16,78;1,33;25,34;37,48;53,62;8,3;24,54;36,77;5,37;74,83;63,8
17021;Beuda;20,69;14,36;18,81;0,69;17064,0;40,79;44,08;10,53;39,58;8,33;21,88;38,89;55,56;3,01;33,13;43,37;10,0;69,23;60,98
17022;Bisbal d'Empordà, La;19,68;15,95;26,78;1,27;16032,0;35,47;48,93;9,34;17,25;2,36;25,24;25,76;59,42;17,65;21,43;24,83;9,3;62,35;55,71
17023;Blanes;15,65;18,09;25,83;1,13;16964,0;36,71;45,13;10,69;15,62;2,15;19,82;29,14;55,36;13,79;24,14;28,49;11,64;56,13;50,25
17024;Bolvir;16,67;18,34;16,84;2,31;39905,0;33,5;55,17;5,67;43,95;6,45;10,08;53,36;40,34;7,57;26,95;52,72;1,92;80,19;62,05
17025;Bordils;18,26;17,68;17,27;1,25;22313,0;33,61;50,82;7,89;14,51;3,54;32,8;38,97;50,38;12,17;24,74;34,64;7,73;70,08;59,96
17026;Borrassà;21,75;17,26;10,6;1,75;23380,0;31,2;56,49;5,58;27,03;6,04;21,78;38,67;51,38;5,49;24,65;37,83;6,39;72,33;62,66
17027;Breda;15,4;20,33;12,94;1,12;18623,0;32,63;49,86;9,35;16,18;1,94;39,77;30,89;54,05;13,15;21,82;30,02;8,35;69,41;57,89
17028;Brunyola i Sant Martí Sapresa;13,18;19,55;12,53;1,0;24522,0;39,26;46,93;8,28;28,72;11,79;20,0;37,16;53,55;9,48;23,85;38,79;2,78;78,65;62,97
17029;Boadella i les Escaules;13,41;21,21;14,77;1,07;19776,0;34,84;50,23;9,5;22,03;7,63;15,25;30,97;56,64;8,23;29,0;26,84;4,88;68,82;54,19
17030;Cabanes;15,97;18,66;24,65;0,91;17520,0;36,32;46,91;10,21;26,89;8,04;22,7;28,68;59,85;8,36;22,03;26,03;7,2;66,62;57,93
17031;Cabanelles;19,65;19,65;21,33;1,09;15272,0;33,65;50,71;9,48;41,41;18,18;16,16;27,78;61,11;7,3;23,18;39,48;9,32;60,45;51,53
17032;Cadaqués;12,7;17,97;35,82;0,76;20105,0;45,35;39,71;7,73;36,97;0,89;19,15;26,71;62,38;13,44;26,04;28,2;4,35;56,41;46,5
17033;Caldes de Malavella;18,69;15,87;14,9;1,14;20943,0;35,74;49,31;9,1;16,13;1,19;28,14;31,56;57,83;11,07;24,9;30,58;7,82;67,05;59,84
17034;Calonge i Sant Antoni;15,7;19,52;28,64;1,1;19783,0;33,22;50,28;9,95;23,75;1,39;21,8;32,15;57,3;13,44;24,39;34,94;8,16;60,82;50,61
17035;Camós;15,03;23,8;6,43;0,86;23242,0;32,67;52,81;4,95;21,14;5,71;34,86;35,87;54,1;11,16;21,21;34,61;5,8;78,94;58,58
17036;Campdevànol;14,1;24,11;8,98;0,96;20626,0;30,55;51,09;8,41;16,49;1,76;37,42;30,29;55,96;13,8;22,68;28,56;6,28;71,85;54,18
17037;Campelles;11,29;27,48;11,66;1,2;28662,0;33,79;49,66;9,66;39,74;1,28;26,92;39,19;59,46;4,67;24,0;48,0;3,75;77,0;54,05
17038;Campllong;21,12;12,06;7,49;0,74;25428,0;36,07;50,68;7,31;24,37;4,3;30,11;37,73;53,85;6,92;26,12;43,53;3,61;79,46;68,85
17039;Camprodon;13,52;23,41;23,63;0,89;22421,0;32,88;47,78;9,77;25,52;1,72;20,81;34,05;55,19;13,84;24,09;35,15;5,62;68,14;52,05
17040;Canet d'Adri;18,87;19,51;9,57;1,3;25934,0;30,03;55,2;6,88;27,5;2,78;23,89;45,27;43,79;7,25;23,03;40,9;7,71;75,11;61,64
17041;Cantallops;16,89;20,82;26,16;0,94;19693,0;34,8;52,01;3,66;19,55;3,01;18,8;29,6;59,2;9,3;33,55;27,91;7,1;61,02;52,36
17042;Capmany;13,12;23,07;25,85;0,97;19332,0;34,9;46,84;10,85;27,7;3,61;22,38;29,12;59,39;13,56;30,88;27,29;7,3;68,22;52,07
17043;Queralbs;9,7;20,1;4,46;1,17;25143,0;41,4;43,55;8,06;33,98;10,68;2,91;49,48;47,42;6,84;31,58;44,74;4,27;80,58;61,9
17044;Cassà de la Selva;19,58;15,5;21,54;1,44;19109,0;33,44;51,55;8,52;15,8;3,27;33,59;30,31;53,21;15,43;22,03;27,1;6,66;69,66;61,34
17046;Castellfollit de la Roca;13,63;23,69;15,42;0,96;18799,0;36,31;45,35;10,16;13,48;1,42;40,66;31,14;56,45;12,31;23,91;30,77;7,96;70,86;55,82
17047;Castelló d'Empúries;17,02;15,93;49,5;1,22;15691,0;35,82;47,77;10,37;25,62;2,8;22,01;26,7;58,73;21,74;26,74;23,68;9,59;52,98;48,0
17048;Castell d'Aro, Platja d'Aro i s'Agaró;16,42;17,49;43,02;1,09;19549,0;35,01;47,63;10,91;24,86;0,8;16,52;29,76;58,48;13,83;25,79;35,76;7,04;52,69;44,9
17049;Celrà;21,78;11,1;20,67;1,24;19628,0;35,82;51,97;7,8;12,21;2,33;30,72;34,81;50,76;11,58;22,67;33,46;5,17;71,48;67,01
17050;Cervià de Ter;18,5;17,44;13,2;1,0;22306,0;32,29;53,99;8,23;20,67;2,71;23,38;42,58;47,38;10,21;23,12;39,79;4,52;71,37;60,52
17051;Cistella;13,05;22,67;10,53;0,52;21196,0;38,34;48,22;6,32;31,39;8,76;12,41;42,42;51,52;9,89;21,67;41,06;9,21;74,59;58,24
17052;Siurana;16,28;19,57;16,49;2,05;24066,0;36,62;51,41;6,34;33,33;11,9;17,86;43,75;52,5;3,92;24,84;41,83;2,3;68,55;58,39
17054;Colera;8,06;30,31;24,13;0,85;23507,0;35,01;47,0;9,59;25,88;2,94;14,12;46,63;41,72;13,25;21,85;41,5;12,18;59,04;43,49
17055;Colomers;12,62;26,5;17,48;1,11;24807,0;30,11;45,45;13,07;29,13;5,83;10,68;39,39;52,53;9,68;16,13;43,01;1,85;89,83;58,7
17056;Cornellà del Terri;18,67;19,15;12,76;1,11;20850,0;34,77;52,34;6,57;23,64;4,07;28,74;38,33;51,77;7,89;21,03;36,32;4,31;74,47;60,02
17057;Corçà;18,19;22,71;8,56;1,38;21960,0;32,12;53,5;7,57;24,44;4,16;24,61;32,85;57,17;13,81;21,92;35,08;4,72;77,0;57,48
17058;Crespià;16,13;19,53;17,0;0,75;17953,0;39,32;46,6;8,74;33,98;7,77;20,39;31,31;57,58;3,6;30,18;37,39;6,45;69,05;56,62
17060;Darnius;13,37;22,99;21,93;1,68;17077,0;35,24;46,04;9,91;18,4;5,66;21,23;26,37;55,22;6,52;26,07;29,74;7,56;63,04;48,97
17061;Das;13,72;18,7;11,11;0,5;35329,0;41,23;48,25;6,14;40,0;12,5;9,17;46,96;46,96;4,6;26,78;50,63;3,17;67,03;53,62
17062;Escala, L';15,23;21,16;32,19;1,17;18292,0;34,37;48,08;10,28;25,78;2,12;21,73;29,1;58,51;16,91;26,55;28,21;8,54;57,68;46,8
17063;Espinelves;18,55;15,5;7,25;1,38;22158,0;37,44;45,5;9,48;24,82;4,38;22,63;43,38;47,06;7,91;21,4;42,33;3,62;76,88;65,09
17064;Espolla;11,98;28,27;16,29;0,79;21551,0;30,68;51,42;8,24;24,58;16,2;16,76;33,72;50,58;12,77;27,13;30,32;3,61;78,24;52,29
17065;Esponellà;17,93;22,61;11,94;0,85;23982,0;36,11;50,0;5,83;24,26;5,45;22,77;43,68;46,84;12,27;19,73;40,8;3,43;72,69;55,59
17066;Figueres;20,12;14,66;37,09;1,42;15113,0;37,46;45,97;9,95;13,15;2,4;20,51;23,05;58,27;20,87;21,32;18,44;10,93;60,05;56,12
17067;Flaçà;17,73;17,5;25,72;1,17;18787,0;33,12;50,98;6,97;13,27;4,04;30,96;30,14;54,09;15,26;19,79;30,93;5,91;70,26;59,96
17068;Foixà;9,66;27,65;8,72;0,89;30018,0;30,86;49,22;10,55;34,53;10,79;17,99;41,86;51,16;10,07;20,52;47,39;2,16;72,73;52,45
17069;Fontanals de Cerdanya;14,65;23,8;9,3;0,88;34143,0;32,74;53,14;7,4;34,23;4,62;15,0;52,85;42,68;5,68;22,71;53,28;3,77;83,33;58,37
17070;Fontanilles;12,0;22,82;27,65;0,39;28979,0;37,93;49,66;7,59;38,89;18,06;12,5;35,29;47,06;9,21;22,37;39,47;6,76;62,16;48,68
17071;Fontcoberta;19,06;19,92;4,79;1,51;23321,0;28,14;59,47;6,64;22,57;4,51;32,16;39,82;52,9;9,5;24,74;38,87;4,56;81,61;62,0
17073;Fornells de la Selva;20,72;14,41;7,64;1,02;29653,0;33,48;55,87;6,07;19,81;1,09;21,19;52,21;42,29;6,19;25,3;48,36;4,03;74,88;64,45
17074;Fortià;17,19;18,05;14,7;1,04;21064,0;34,78;49,15;8,5;27,67;4,38;19,18;36,44;55,39;10,04;24,16;36,39;7,43;71,65;59,5
17075;Garrigàs;16,2;15,41;12,32;0,58;23226,0;39,8;42,79;9,95;24,56;7,89;21,05;39,73;49,77;7,32;27,32;40,73;4,49;69,85;60,34
17076;Garrigoles;17,05;21,64;15,3;1,3;27402,0;35,81;48,65;10,81;30,86;6,25;18,75;47,22;50,0;9,09;16,88;48,05;7,23;70,0;54,61
17077;Garriguella;19,76;19,78;20,42;1,55;20682,0;32,58;50,93;9,71;26,83;6,83;16,1;37,69;48,49;11,93;24,97;35,9;4,65;68,68;54,16
17078;Ger;18,08;18,04;10,98;0,88;30897,0;35,42;53,01;6,51;32,43;4,25;18,92;45,71;45,31;9,86;23,0;48,83;3,82;77,78;62,09
17079;Girona;17,85;15,22;29,46;1,18;21433,0;40,66;44,11;9,16;13,7;0,58;19,62;40,04;46,86;11,32;25,15;39,12;8,12;64,61;58,42
17080;Gombrèn;14,95;22,33;10,68;0,67;21738,0;40,24;45,56;8,88;28,28;4,04;16,16;43,01;46,24;7,47;23,56;40,8;8,57;72,18;61,05
17081;Gualta;15,01;15,84;34,1;1,26;20475,0;40,95;46,59;6,82;25,44;21,3;14,79;35,76;45,45;14,81;22,75;33,07;6,29;53,25;46,79
17082;Guils de Cerdanya;14,53;21,22;9,66;0,62;28850,0;35,28;50,31;7,31;32,54;6,12;12,24;45,58;45,94;9,84;23,09;47,79;3,94;74,24;56,48
17083;Hostalric;18,94;16,39;18,01;1,25;17346,0;35,66;47,95;9,47;12,79;2,75;35,08;27,86;55,45;14,11;23,74;27,66;9,1;68,22;59,89
17084;Isòvol;17,77;18,92;4,46;2,0;27538,0;34,34;50,94;9,43;38,33;3,89;20,0;52,44;43,29;7,64;29,82;52,0;5,11;85,2;64,23
17085;Jafre;13,12;25,89;14,06;1,62;22583,0;34,02;50,0;6,51;30,81;10,47;20,35;37,2;49,39;7,49;25,94;41,79;6,59;73,28;52,75
17086;Jonquera, La;20,35;14,59;46,16;1,62;16817,0;35,03;50,18;8,57;14,07;1,11;6,69;12,64;73,5;22,63;22,02;10,99;7,89;65,99;59,05
17087;Juià;22,5;16,06;10,62;0,84;21558,0;45,69;42,7;5,99;21,53;1,39;23,61;43,48;51,45;11,15;27,36;38,18;6,49;68,9;53,1
17088;Lladó;19,9;17,08;11,3;0,87;19815,0;36,25;51,51;6,95;21,87;7,62;20,64;37,66;52,16;4,05;42,4;36,61;5,34;76,55;63,29
17089;Llagostera;19,06;15,64;21,27;1,4;17356,0;35,77;48,58;8,93;19,19;2,74;29,58;28,01;58,03;17,56;22,44;26,97;9,08;64,65;57,93
17090;Llambilles;16,86;16,45;7,65;1,16;28223,0;33,11;52,25;6,99;27,91;2,98;18,97;50,29;44,83;7,74;28,12;42,5;2,68;72,6;60,16
17091;Llanars;14,0;26,38;13,73;0,99;21557,0;27,38;54,52;10,21;33,62;7,42;27,07;33,18;53,74;8,93;22,44;38,78;4,98;73,87;53,32
17092;Llançà;13,99;22,44;19,37;1,07;19406,0;34,19;47,17;10,17;23,04;2,4;19,15;28,72;60,69;16,02;21,92;26,03;7,42;64,78;50,97
17093;Llers;15,98;20,19;15,62;1,51;20469,0;34,16;49,81;8,3;25,09;2,4;20,3;35,47;56,59;13,32;23,76;31,68;7,11;69,44;56,17
17094;Llívia;15,25;17,05;19,27;1,08;22880,0;39,52;44,92;9,32;31,27;1,65;17,08;36,83;55,24;12,2;26,67;42,03;5,19;69,74;58,35
17095;Lloret de Mar;17,4;14,77;45,37;1,16;15309,0;37,0;47,01;10,43;22,74;0,96;17,89;27,74;59,64;14,41;30,33;19,27;10,13;43,64;39,7
17096;Llosses, Les;15,94;17,06;8,12;1,08;20381,0;44,38;47,93;2,37;40,38;22,33;23,3;32,99;60,82;4,57;20,57;44,57;2,68;84,5;65,5
17097;Madremanya;17,62;19,28;15,52;0,64;25616,0;39,04;48,25;4,39;37,67;3,42;15,07;53,19;41,84;5,71;17,55;52,65;1,43;76,67;59,07
17098;Maià de Montcal;18,63;16,35;22,69;0,82;22066,0;37,03;44,59;10,0;25,0;7,55;25,47;36,54;53,37;16,59;23,86;35,0;7,73;60,91;53,94
17099;Meranges;11,35;19,46;15,32;0,0;21171,0;39,58;53,12;5,21;36,54;9,62;19,23;42,0;54,0;3,0;25,0;49,0;5,17;72,37;58,59
17100;Masarac i Vilarnadal;14,71;16,56;21,99;1,22;20553,0;38,43;45,45;8,26;25,87;22,38;18,18;28,79;54,55;14,07;22,81;31,56;8,39;68,27;59,62
17101;Massanes;20,95;16,64;12,15;1,01;15703,0;35,96;45,07;11,68;14,57;1,32;32,45;28,21;55,36;11,05;25,97;26,4;14,4;57,88;56,18
17102;Maçanet de Cabrenys;11,43;26,51;20,57;1,06;17182,0;31,39;50,38;8,27;30,9;4,98;15,95;27,24;55,86;15,24;27,07;29,2;7,14;66,1;48,55
17103;Maçanet de la Selva;17,01;16,43;17,67;1,32;16237,0;36,83;46,93;10,02;15,0;1,89;35,49;22,57;58,32;13,79;22,46;21,05;13,48;61,29;57,4
17105;Mieres;13,97;19,89;12,77;0,58;20649,0;41,86;43,19;8,64;25,69;5,59;27,27;40,74;48,89;3,88;25,57;45,95;11,63;62,55;55,66
17106;Mollet de Peralada;12,38;30,69;20,3;0,8;19754,0;29,78;48,88;11,24;24,73;11,83;17,2;31,87;50,55;16,32;28,42;32,63;4,95;83,48;54,01
17107;Molló;14,97;26,97;8,0;1,53;19658,0;33,65;50,0;8,33;41,61;13,66;20,5;39,35;53,55;9,15;20,73;42,38;6,43;77,29;53,11
17109;Montagut i Oix;16,69;16,37;10,85;1,74;20865,0;37,7;48,73;7,39;26,58;4,7;29,86;39,4;52,46;12,7;22,38;39,28;6,32;73,68;63,52
17110;Mont-ras;14,67;22,53;13,67;1,43;21095,0;31,04;54,45;7,22;28,77;1,69;26,23;32,63;56,54;9,36;21,26;27,21;6,3;69,17;52,75
17111;Navata;18,43;16,34;18,75;1,02;22700,0;34,34;49,66;10,67;29,5;2,45;20,58;44,83;48,18;9,58;27,35;41,96;4,97;70,87;61,32
17112;Ogassa;11,89;23,24;3,6;1,13;20987,0;32,29;50,0;6,77;32,14;12,5;31,25;27,03;63,96;13,27;25,0;34,18;3,77;73,91;54,08
17114;Olot;17,09;17,46;33,37;1,3;18738,0;34,43;49,72;8,32;12,04;1,64;42,42;26,47;56,44;20,49;20,73;27,98;6,81;67,29;57,53
17115;Ordis;19,81;18,15;11,44;1,82;21700,0;34,57;54,01;6,48;31,35;11,89;23,24;34,88;58,14;8,63;24,7;37,2;2,87;79,92;62,95
17116;Osor;9,65;22,61;13,29;0,72;19311,0;37,78;45,0;9,72;18,48;5,46;36,61;31,52;56,97;13,44;23,0;33,33;13,53;63,25;54,05
17117;Palafrugell;18,61;16,86;30,34;1,3;16593,0;34,6;49,0;9,16;19,73;1,17;25,62;25,19;58,94;18,62;21,53;22,89;8,53;57,07;50,08
17118;Palamós;15,01;19,67;24,22;0,99;18810,0;34,71;46,66;10,53;18,99;1,6;19,98;30,49;57,44;14,58;21,87;29,63;7,55;61,04;51,11
17119;Palau de Santa Eulàlia;16,77;23,23;11,29;1,17;29098,0;35,92;46,6;12,62;36,21;5,17;18,97;50,0;43,1;4,55;30,91;43,64;3,28;77,63;55,96
17120;Palau-saverdera;18,28;18,79;30,05;1,49;19961,0;34,75;49,09;9,56;28,97;3,62;23,62;33,21;57,89;14,26;25,69;31,84;5,61;63,15;52,93
17121;Palau-sator;14,06;20,56;20,0;0,74;29128,0;33,98;47,88;9,27;39,24;16,46;19,62;34,67;53,33;9,96;25,83;40,22;4,4;72,04;59,55
17123;Palol de Revardit;17,58;22,33;7,13;1,69;22302,0;31,19;59,02;3,09;29,0;5,0;18,5;39,89;55,85;9,34;24,24;39,39;4,39;77,3;57,87
17124;Pals;13,71;22,01;28,41;0,85;22919,0;35,31;48,45;9,36;34,05;3,92;18,02;35,93;53,8;10,41;24,18;33,71;5,43;64,74;50,11
17125;Pardines;16,55;19,4;4,17;1,46;21543,0;37,5;47,06;4,41;35,29;12,94;18,82;42,17;48,19;11,43;20,71;40,71;6,1;68,14;59,42
17126;Parlavà;16,18;24,83;7,36;1,27;22622,0;27,62;58,29;7,73;28,42;10,53;18,42;42,93;52,17;3,25;27,37;37,94;5,77;75,68;56,99
17128;Pau;13,94;23,23;27,6;0,89;18942,0;38,51;43,98;10,07;29,68;5,02;24,2;33,33;56,19;15,94;30,36;34,72;6,85;66,19;47,78
17129;Pedret i Marzà;20,67;15,58;17,79;1,71;20726,0;27,89;51,7;10,88;39,08;9,2;18,39;40,79;50,0;7,1;22,58;37,42;2,2;67,94;59,87
17130;Pera, La;15,9;21,07;12,69;1,45;24471,0;33,25;45,65;9,76;27,27;4,04;22,22;48,95;42,63;7,42;20,2;43,99;5,63;70,03;54,76
17132;Peralada;17,16;18,81;16,63;1,26;25659,0;35,51;48,77;9,38;28,51;5,6;15,48;38,25;53,1;8,28;27,21;40,82;3,76;73,19;59,69
17133;Planes d'Hostoles, Les;15,0;25,6;13,8;1,35;19145,0;32,54;51,09;7,54;19,1;2,73;37,38;29,66;55,08;15,15;23,12;30,7;5,82;71,4;52,01
17134;Planoles;12,97;25,56;14,38;1,34;24196,0;31,58;48,5;12,41;23,61;4,86;22,92;35,04;45,99;11,19;23,47;45,49;7,89;72,16;55,68
17135;Pont de Molins;17,27;17,75;19,62;1,34;20077,0;30,17;52,32;9,7;22,26;2,19;16,42;30,68;56,82;10,46;29,78;29,98;4,65;75,33;61,05
17136;Pontós;13,29;18,64;16,27;0,56;20480,0;41,98;41,56;8,64;32,14;10,71;12,14;51,52;41,67;3,49;22,09;46,9;4,76;67,31;57,65
17137;Porqueres;17,57;17,61;10,12;1,18;21601,0;32,48;55,18;5,67;19,37;2,06;35,33;36,69;54,38;7,54;21,18;36,56;4,32;75,48;62,84
17138;Portbou;11,08;29,17;25,71;1,39;19853,0;33,07;44,36;9,05;16,8;0,83;13,77;26,24;52,77;19,01;26,19;21,84;10,22;54,38;40,75
17139;Preses, Les;18,56;17,26;8,53;1,41;21820,0;32,87;53,38;7,32;20,35;0,73;36,01;34,87;56,58;13,17;22,83;36,25;4,21;76,42;63,84
17140;Port de la Selva, El;12,89;23,34;26,35;1,3;23547,0;35,59;46,98;9,37;31,23;3,53;16,62;32,99;51,8;11,05;26,35;34,75;3,28;61,19;45,96
17141;Puigcerdà;16,7;14,6;34,3;1,08;16969,0;39,6;43,89;9,54;23,0;1,3;20,23;23,29;63,11;13,0;27,62;25,4;5,27;63,88;55,59
17142;Quart;23,69;13,32;10,74;1,63;22854,0;31,42;55,68;8,33;16,45;0,05;23,54;42,07;50,03;8,2;23,78;41,19;4,45;73,86;65,09
17143;Rabós;15,93;24,32;25,42;1,9;17546,0;39,06;42,71;8,33;31,43;8,57;14,29;38,0;55,0;7,69;33,65;30,29;5,31;76,43;55,39
17144;Regencós;12,12;24,01;13,5;0,42;19707,0;36,36;44,59;9,96;31,4;1,65;19,01;29,82;60,53;10,8;23,2;35,2;2,92;74,3;55,47
17145;Ribes de Freser;11,73;26,03;15,5;1,0;20336,0;35,58;45,26;8,86;20,95;1,5;23,94;31,9;55,86;12,64;24,45;35,96;6,63;71,79;52,71
17146;Riells i Viabrea;15,97;14,75;12,17;1,33;19015,0;35,78;49,01;10,1;16,37;0,87;33,37;29,47;57,42;4,96;26,57;33,96;12,25;64,9;62,19
17147;Ripoll;16,32;21,8;19,61;1,24;19018,0;32,85;49,45;8,49;13,22;1,34;33,75;28,99;54,73;16,24;21,07;26,79;8,11;67,57;53,72
17148;Riudarenes;17,34;16,09;18,42;1,4;19683,0;34,56;49,22;9,65;15,73;2,67;35,61;27,44;58,94;14,49;23,29;26,88;10,65;62,16;57,72
17149;Riudaura;20,95;16,31;6,08;1,35;20637,0;36,26;52,61;6,16;24,71;3,09;24,32;47,79;49,0;5,91;24,09;45,45;5,4;77,35;65,11
17150;Riudellots de la Selva;17,22;17,54;14,33;1,26;21842,0;34,04;53,25;6,73;14,87;3,27;32,14;32,23;55,1;8,95;33,02;30,9;6,92;73,46;61,44
17151;Riumors;13,72;18,68;18,99;0,54;19671,0;31,58;54,55;8,61;20,87;18,26;12,17;31,82;57,27;10,78;23,71;35,78;6,62;72,57;59,39
17152;Roses;17,02;17,22;36,48;1,06;16050,0;36,15;47,23;10,01;22,8;2,77;20,78;25,34;60,47;19,75;25,21;22,92;9,17;52,93;46,07
17153;Rupià;21,42;18,39;16,72;1,01;26064,0;39,06;45,7;8,59;31,69;3,52;18,31;52,17;40,58;2,21;23,25;53,87;1,35;72,28;55,22
17154;Sales de Llierca;12,93;17,68;23,78;0,5;20500,0;41,67;45,45;6,82;30,67;6,67;17,33;55,56;36,11;4,96;23,4;58,87;9,21;61,61;54,29
17155;Salt;23,02;11,39;44,78;1,7;12687,0;35,61;51,17;7,78;9,82;2,34;32,65;17,75;56,94;26,89;22,08;16,67;12,88;55,53;55,85
17157;Sant Andreu Salou;20,37;18,28;8,59;2,5;23114,0;34,33;50,0;5,97;26,83;9,76;25,61;45,57;43,04;6,43;24,29;46,43;3,45;83,17;63,04
17158;Sant Climent Sescebes;14,41;14,01;18,81;1,13;19718,0;40,32;44,89;9,15;18,65;5,44;15,03;33,25;55,67;10,1;22,39;34,85;5,42;76,19;69,17
17159;Sant Feliu de Buixalleu;15,42;21,0;9,29;1,21;19886,0;32,44;50,87;8,21;21,33;3,47;28,53;35,49;53,24;11,34;25,03;36,64;10,65;68,68;57,29
17160;Sant Feliu de Guíxols;16,81;19,09;26,89;1,09;16862,0;34,15;47,18;10,64;18,57;0,91;21,69;27,41;58,6;16,58;20,82;27,66;8,87;58,31;49,41
17161;Sant Feliu de Pallerols;18,43;18,97;19,48;1,19;21656,0;32,3;52,14;8,02;19,41;3,56;31,16;41,46;45,5;20,0;17,99;37,85;7,65;64,04;53,31
17162;Sant Ferriol;24,03;18,06;20,56;0,86;16962,0;41,76;43,96;5,49;47,67;16,28;22,09;48,81;46,43;8,42;28,95;41,05;11,22;58,0;52,97
17163;Sant Gregori;21,0;16,21;7,0;1,18;27355,0;35,54;50,92;7,88;20,83;1,57;21,02;46,77;46,56;8,81;23,15;44,4;3,74;76,89;63,49
17164;Sant Hilari Sacalm;17,47;20,31;20,85;1,56;17389,0;30,4;54,69;6,83;16,07;8,95;35,36;26,06;57,78;22,15;22,27;22,41;8,26;66,01;54,46
17165;Sant Jaume de Llierca;17,56;22,21;16,72;1,32;19388,0;34,15;49,35;7,24;18,25;2,91;43,92;31,4;53,44;6,51;20,5;37,95;6,9;73,11;56,94
17166;Sant Jordi Desvalls;18,73;16,98;17,82;1,05;19307,0;37,57;48,39;9,21;21,61;8,79;22,11;38,83;47,07;12,91;21,57;39,29;5,28;68,22;57,92
17167;Sant Joan de les Abadesses;15,07;25,99;13,32;1,17;20629,0;30,8;51,76;6,79;16,45;1,71;35,83;35,68;52,53;15,78;20,98;32,28;6,73;71,35;52,56
17168;Sant Joan de Mollet;19,03;17,35;15,3;0,79;21481,0;36,92;50,61;5,38;22,89;6,02;24,9;38,56;53,39;11,31;26,24;34,16;3,88;70,86;59,72
17169;Sant Julià de Ramis;19,96;13,57;12,32;1,22;23158,0;34,69;53,05;7,36;17,51;0,88;24,64;38,19;51,59;7,01;27,3;35,07;5,61;71,56;63,91
17170;Vallfogona de Ripollès;12,38;24,93;5,38;1,75;20737,0;40,91;42,42;7,07;34,0;10,0;21,0;47,92;45,83;8,96;16,92;45,77;10,08;78,1;60,1
17171;Sant Llorenç de la Muga;12,71;18,95;19,43;0,44;19480,0;35,41;39,71;16,27;26,09;3,48;17,39;46,3;47,22;9,61;23,58;42,36;9,16;70,83;58,22
17172;Sant Martí de Llémena;18,32;12,96;14,58;1,07;21978,0;39,82;47,57;8,65;28,4;2,96;21,3;45,71;46,63;7,92;22,89;43,2;4,93;69,26;63,48
17173;Sant Martí Vell;15,85;14,22;18,52;0,92;21096,0;41,98;43,87;8,96;31,71;8,13;31,71;42,86;39,29;10,09;23,25;41,67;5,47;62,69;56,89
17174;Sant Miquel de Campmajor;18,44;17,04;14,01;0,62;21444,0;40,3;52,24;4,98;29,17;13,33;25,0;43,24;46,85;4,83;25,6;43,48;5,93;76,05;65,53
17175;Sant Miquel de Fluvià;19,35;17,44;21,91;1,65;15124,0;34,64;45,77;11,44;17,23;2,7;32,09;22,38;60,29;16,24;24,86;20,4;15,72;57,06;53,79
17176;Sant Mori;12,1;21,56;28,74;1,35;29652,0;29,58;49,3;16,2;36,71;5,06;20,25;35,21;47,89;8,55;28,29;38,82;6,33;67,89;53,38
17177;Sant Pau de Segúries;14,55;27,34;8,48;1,17;19599,0;28,06;54,16;8,48;23,28;2,69;34,33;34,15;54,46;15,51;22,47;33,54;7,27;78,57;55,04
17178;Sant Pere Pescador;18,15;14,59;41,58;1,42;16797,0;35,68;49,79;8,13;23,13;16,52;17,63;24,33;52,88;22,36;21,57;23,43;6,29;54,21;48,81
17180;Santa Coloma de Farners;19,28;15,87;23,32;1,41;17639,0;33,28;51,85;8,39;15,75;3,9;31,79;27,67;57,69;18,26;20,75;28,19;7,93;66,04;59,08
17181;Santa Cristina d'Aro;17,61;16,48;25,27;1,11;22212,0;34,11;49,85;9,97;25,95;1,38;19,32;36,37;53,91;10,68;24,61;38,32;5,62;63,43;55,01
17182;Santa Llogaia d'Àlguema;19,1;15,15;16,0;1,28;14532,0;37,85;47,95;8,2;16,17;2,99;29,94;17,39;67,08;7,65;21,18;19,12;6,74;65,45;58,13
17183;Sant Aniol de Finestres;14,96;20,73;18,37;1,25;25670,0;37,5;46,38;7,57;22,93;1,91;26,75;35,86;49,66;4,29;21,78;43,87;3,64;64,9;51,08
17184;Santa Pau;15,98;24,06;6,91;0,88;23140,0;31,63;54,81;6,74;27,95;5,25;29,27;38,84;53,86;8,97;21,11;38,98;6,79;79,89;58,87
17185;Sant Joan les Fonts;16,34;21,88;18,17;1,06;21817,0;30,76;52,49;7,95;17,42;2,43;44,18;29,45;58,3;15,94;22,97;29,63;6,31;71,99;56,96
17186;Sarrià de Ter;19,5;15,75;13,42;1,09;19482,0;34,23;50,83;8,36;11,7;0,38;27,01;30,73;57,49;10,28;25,48;30,69;5,4;74,74;63,89
17187;Saus, Camallera i Llampaies;17,67;20,73;20,59;1,35;19736,0;35,4;49,72;9,5;26,03;3,35;18,3;39,4;51,36;12,13;22,19;32,26;6,31;70,72;55,87
17188;Selva de Mar, La;9,69;25,65;17,94;1,11;21086,0;43,01;35,48;10,22;36,59;2,44;10,98;56,16;41,1;11,06;31,16;44,72;5,21;65,47;48,73
17189;Cellera de Ter, La;15,35;22,61;12,84;1,31;18876,0;34,72;51,04;5,46;15,55;1,61;30,41;36,14;55,66;17,18;22,62;30,99;6,86;70,39;54,74
17190;Serinyà;19,69;15,63;14,18;1,31;19268,0;35,49;49,27;7,83;18,28;1,97;38,35;36,98;50,75;5,89;23,18;35,16;6,66;73,08;63,8
17191;Serra de Daró;17,68;19,5;21,16;1,59;23151,0;28,8;56,54;6,81;35,29;7,84;21,57;41,05;47,37;4,55;16,67;45,45;6,42;66,23;55,33
17192;Setcases;8,67;26,63;18,37;0,6;20506,0;29,7;52,12;7,27;42,86;7,14;12,24;35,05;55,67;6,21;25,42;38,98;2,0;79,67;57,14
17193;Sils;19,09;14,56;16,12;1,24;18408,0;35,03;49,01;9,64;14,68;1,28;34,02;28,17;57,3;12,82;25,31;27,51;8,4;67,22;62,03
17195;Tallada d'Empordà, La;15,92;22,06;11,75;0,62;30515,0;34,41;51,12;7,98;30,28;13,3;13,3;53,23;36,82;5,28;19,42;52,04;4,66;76,01;57,56
17196;Terrades;15,55;19,05;15,13;0,93;20221,0;38,52;46,29;9,54;22,42;6,67;18,79;41,18;49,02;9,09;25,93;37,04;3,37;78,18;60,75
17197;Torrent;13,59;23,09;13,81;0,82;33300,0;30,14;53,42;10,27;39,47;2,63;21,05;38,57;52,86;12,1;15,92;33,76;6,02;67,24;54,25
17198;Torroella de Fluvià;16,28;14,39;31,78;1,17;20109,0;35,91;48,27;10,87;29,05;9,5;16,2;35,07;55,07;7,63;27,25;35,93;6,23;65,76;58,16
17199;Torroella de Montgrí;16,67;17,53;33,29;1,18;17287,0;35,85;49,17;8,58;22,62;5,36;20,64;29,27;56,09;14,9;24,68;29,54;6,51;57,99;49,22
17200;Tortellà;15,66;22,38;13,8;0,96;19769,0;37,59;44,99;8,27;23,22;2,46;33,88;41,64;49,58;12,31;21,44;41,77;5,62;71,88;57,44
17201;Toses;14,44;14,14;10,1;0,15;23896,0;43,9;39,63;9,76;36,27;5,88;12,75;49,48;41,24;6,51;34,91;42,6;6,14;73,29;67,86
17202;Tossa de Mar;14,62;18,2;33,29;1,03;18137,0;37,91;46,61;8,51;29,3;1,41;16,34;33,35;56,5;10,57;25,94;31,39;6,42;47,38;39,81
17203;Ultramort;15,96;24,31;15,14;0,36;20235,0;28,25;55,37;11,3;35,19;13,89;23,15;36,27;50,98;9,19;21,08;43,24;2,86;72,86;58,01
17204;Ullà;23,92;13,77;36,07;1,79;15570,0;31,35;57,98;5,61;22,22;13,03;23,5;23,01;53,08;20,96;16,26;20,76;7,04;56,34;51,56
17205;Ullastret;15,63;20,4;8,73;0,61;24388,0;27,6;51,58;12,67;44,27;3,82;21,37;39,37;52,76;3,04;21,74;43,04;4,44;78,66;59,73
17206;Urús;10,85;18,81;12,94;0,67;30796,0;36,84;50,0;6,32;44,04;2,75;9,17;52,34;42,99;4,62;22,05;53,33;7,02;76,26;58,76
17207;Vall d'en Bas, La;17,72;19,26;6,13;1,18;23470,0;32,74;53,23;6,31;24,17;4,62;30,89;39,78;52,96;12,25;21,89;42,18;3,84;77,8;62,38
17208;Vall de Bianya, La;18,26;16,94;9,61;1,55;22720,0;35,6;50,0;7,07;25,84;4,85;34,36;36,52;54,39;12,25;21,72;41,44;4,18;77,48;63,09
17209;Vall-llobrega;16,81;13,35;11,09;0,77;23009,0;33,55;52,82;8,91;28,54;1,58;21,4;40,38;54,63;5,73;23,41;39,85;6,16;67,79;60,08
17210;Ventalló;17,22;19,57;21,8;1,17;21538,0;35,01;47,56;9,07;30,03;11,23;17,75;39,89;51,12;10,66;23,8;36,28;4,75;63,93;52,91
17211;Verges;14,9;22,52;16,12;0,94;19146,0;33,47;51,07;7,27;23,08;4,78;20,79;35,33;51,82;15,76;20,72;33,95;6,95;67,44;52,73
17212;Vidrà;19,28;19,52;1,8;0,72;20774,0;33,57;52,14;7,86;27,91;10,47;29,07;30,38;59,49;4,26;31,91;35,46;4,26;88,24;67,14
17213;Vidreres;16,88;16,07;21,89;1,27;17845,0;35,0;49,6;8,8;17,14;1,33;28,53;28,61;58,3;13,47;25,0;25,16;10,02;60,18;55,19
17214;Vilabertran;18,46;21,04;11,12;1,14;18133,0;33,83;49,75;9,4;23,23;6,83;17,31;33,57;52,52;13,83;22,88;30,04;4,9;74,58;57,06
17215;Vilablareix;23,15;13,8;7,4;1,6;25036,0;31,43;56,93;7,69;16,37;0,67;23,55;45,09;49,18;4,93;24,99;46,6;3,33;74,18;68,37
17216;Viladasens;16,39;17,85;13,17;2,1;21195,0;37,29;46,89;7,91;37,14;14,29;20,95;34,34;54,55;8,29;24,31;34,25;2,88;73,72;57,78
17217;Viladamat;14,39;24,69;10,82;1,37;21551,0;31,08;55,18;7,47;32,04;4,85;22,82;46,88;46,35;7,87;22,69;37,04;4,07;70,43;51,64
17218;Vilademuls;19,29;18,35;15,48;1,34;21986,0;36,72;49,06;7,84;30,73;16,15;12,5;43,96;43,41;8,84;24,03;46,27;6,89;69,26;59,38
17220;Viladrau;16,46;17,87;13,11;0,86;22540,0;33,67;50,31;7,55;27,92;2,27;29,49;37,92;49,63;7,52;27,89;40,16;6,54;76,82;63,94
17221;Vilafant;18,12;19,26;10,19;1,41;19123,0;31,38;54,13;7,93;18,47;1,27;21,09;32,51;58,57;12,33;27,48;28,04;7,02;72,99;58,94
17222;Vilaür;18,28;19,14;12,88;0,62;21885,0;39,71;41,91;10,29;17,33;6,67;26,67;45,71;44,29;4,9;21,68;46,15;3,75;71,96;57,14
17223;Vilajuïga;16,17;16,49;15,68;1,26;18811,0;34,62;48,22;10,15;21,92;3,5;21,92;28,93;60,39;10,86;24,44;29,58;7,32;68,68;59,45
17224;Vilallonga de Ter;14,04;18,69;15,15;1,18;23513,0;32,14;52,38;9,23;37,62;11,39;24,75;22,8;68,39;5,75;25,57;35,06;5,05;78,71;62,82
17225;Vilamacolum;18,9;18,6;29,18;1,7;19810,0;26,32;56,49;10,18;27,22;26,04;20,12;26,42;47,17;17,92;26,71;26,71;5,08;65,88;58,8
17226;Vilamalla;17,65;18,32;9,82;1,24;17960,0;33,23;51,19;9,03;22,08;1,62;27,29;21,44;66,41;15,28;24,07;19,68;5,45;74,68;60,76
17227;Vilamaniscle;11,78;24,86;17,3;0,85;21760,0;34,94;48,19;11,45;38,55;4,82;10,84;46,75;50,65;6,04;35,71;40,11;3,3;73,95;51,12
17228;Vilanant;18,47;17,58;11,6;0,71;23716,0;35,35;50,15;9,67;32,08;6,13;22,64;39,5;51,0;3,77;25,22;40,58;3,29;78,03;62,83
17230;Vila-sacra;22,16;14,99;21,39;1,11;18123,0;33,97;50,0;8,65;21,21;2,75;18,46;33,53;56,56;11,18;33,38;29,0;4,59;65,5;59,94
17232;Vilopriu;16,18;26,64;11,36;2,4;29862,0;35,26;47,98;11,56;36,47;12,94;14,12;60,0;28,75;2,22;23,33;58,89;7,87;67,77;49,44
17233;Vilobí d'Onyar;17,46;17,12;12,77;1,31;21441,0;34,47;52,23;7,02;18,73;5,06;27,09;31,5;55,56;8,25;33,27;34,13;4,67;74,17;62,01
17234;Biure;10,75;24,23;15,86;0,33;18337,0;37,06;42,13;12,69;25,47;2,83;22,64;35,35;53,54;6,8;20,87;28,16;6,54;68,03;52,2
17901;Cruïlles, Monells i Sant Sadurní de l'Heura;15,37;20,16;13,21;1,0;22915,0;35,43;49,73;7,73;32,66;6,07;21,25;38,32;52,05;13,17;23,15;35,97;5,92;69,67;55,97
17902;Forallac;16,53;21,74;15,68;1,16;22639,0;31,98;53,8;7,25;33,76;4,9;24,1;38,1;54,95;8,67;24,84;35,22;7,14;69,92;54,92
17903;Sant Julià del Llor i Bonmatí;19,04;16,28;19,29;1,36;18862,0;32,14;56,58;6,36;16,46;0,79;40,19;28,48;58,77;14,66;25,85;25,25;7,45;65,7;58,95
18001;Agrón;14,66;20,65;10,12;1,27;12158,0;33,17;47,6;7,21;17,28;13,75;27,5;20,78;53,25;22,17;11,79;17,45;22,64;51,9;50,24
18002;Alamedilla;7,9;26,67;3,85;0,75;11641,0;36,78;51,09;3,18;18,99;44,13;13,41;7,56;55,23;27,34;13,67;13,67;21,23;50,3;41,73
18003;Albolote;18,62;13,55;8,1;1,19;16324,0;35,26;50,86;8,46;18,77;3,29;15,78;35,24;52,35;10,72;21,09;36,22;15,34;61,09;60,74
18004;Albondón;12,19;21,44;9,0;2,04;12162,0;28,64;56,48;7,2;35,45;25,28;20,0;19,67;64,34;22,17;14,22;14,98;18,53;55,08;48,08
18005;Albuñán;11,82;25,84;5,26;1,94;16023,0;35,45;45,5;7,94;30,91;13,33;21,82;28,3;62,26;22,68;17,01;26,8;14,72;64,12;51,17
18006;Albuñol;19,27;12,46;30,92;1,62;9931,0;36,56;51,38;5,3;26,86;54,94;7,31;11,0;41,41;41,46;11,39;11,1;11,42;57,5;54,58
18007;Albuñuelas;9,84;29,46;7,84;0,76;12777,0;31,08;49,79;8,72;29,06;24,62;23,85;18,73;57,77;26,76;13,11;18,65;16,83;54,58;42,92
18010;Aldeire;14,05;22,71;5,85;1,27;14309,0;27,7;55,01;7,47;23,44;12,92;26,79;27,94;59,31;20,94;15,66;24,53;16,21;56,68;48,37
18011;Alfacar;17,32;14,79;7,23;1,35;14373,0;35,84;51,15;7,26;18,26;2,25;21,4;28,85;58,49;12,53;20,53;30,67;16,02;60,09;58,62
18012;Algarinejo;11,46;28,21;9,23;1,18;10818,0;31,89;53,25;3,7;40,07;46,1;12,07;12,76;62,5;29,84;11,2;13,18;9,87;66,0;48,48
18013;Alhama de Granada;16,51;18,02;18,24;1,45;12131,0;36,04;49,93;6,07;34,55;33,38;14,05;19,67;57,22;23,22;16,54;20,93;12,85;58,44;50,97
18014;Alhendín;22,63;10,12;9,44;1,45;14292,0;37,31;49,41;8,8;16,22;1,43;13,24;34,33;54,64;11,07;21,2;36,46;15,62;63,55;66,54
18015;Alicún de Ortega;13,33;24,46;2,38;1,83;10768,0;31,76;53,6;4,71;18,06;43,87;12,26;10,0;47,33;21,52;13,2;9,78;14,12;51,96;41,87
18016;Almegíjar;8,76;33,84;11,78;1,24;14940,0;34,34;43,1;6,4;27,19;8,85;17,7;18,1;68,57;22,58;13,87;29,68;26,95;56,59;46,23
18017;Almuñécar;15,36;21,15;23,74;1,09;13205,0;35,34;47,19;9,92;31,88;6,54;12,76;26,86;58,88;17,95;21,1;29,25;17,73;50,99;46,13
18018;Alquife;8,69;29,06;6,81;0,5;15775,0;33,2;47,0;7,2;11,56;4,0;30,22;26,24;57,01;18,79;22,5;30,53;17,11;66,87;52,08
18020;Arenas del Rey;11,25;21,01;20,16;1,13;11779,0;37,97;48,31;6,95;23,81;33,01;7,66;12,38;58,42;24,82;16,37;15,83;20,0;51,33;47,92
18021;Armilla;17,4;13,13;14,32;1,13;15891,0;38,06;47,2;9,88;15,16;1,41;10,52;38,13;51,01;11,71;20,73;39,56;15,66;61,59;61,04
18022;Atarfe;21,66;11,57;10,56;1,37;12930,0;35,38;49,9;9,44;16,05;4,0;17,99;26,72;58,1;12,3;20,28;28,52;19,05;56,79;61,41
18023;Baza;16,72;18,19;12,47;1,28;13935,0;35,28;48,49;8,37;22,45;8,13;14,94;30,23;58,08;18,85;18,42;26,29;15,72;59,32;54,75
18024;Beas de Granada;14,07;23,37;4,66;1,22;15319,0;33,3;54,13;5,32;19,9;4,46;22,28;23,02;59,52;15,13;20,91;25,36;14,46;65,61;54,26
18025;Beas de Guadix;15,03;24,65;2,52;2,38;12120,0;34,18;46,55;6,91;16,09;11,49;26,44;22,62;57,14;23,55;13,41;15,94;28,33;44,56;43,48
18027;Benalúa;19,95;16,49;3,7;1,55;11608,0;35,45;49,85;5,68;18,76;5,77;36,45;19,3;66,44;21,05;14,73;16,16;29,31;47,9;54,37
18028;Benalúa de las Villas;12,05;22,1;8,3;1,53;10591,0;30,85;56,9;3,23;36,49;40,98;17,33;16,41;54,62;20,3;14,79;19,01;9,61;65,1;53,27
18029;Benamaurel;15,83;21,91;7,37;1,35;11557,0;34,46;49,79;6,71;30,22;19,89;25,48;21,02;65,2;21,51;13,56;15,34;20,17;53,28;48,47
18030;Bérchules;11,14;22,19;14,43;1,19;13125,0;37,75;48,53;5,56;38,69;35,06;15,5;18,5;58,27;29,94;13,79;19,91;13,98;60,61;50,87
18032;Bubión;9,16;24,74;19,81;0,25;15139,0;38,13;43,88;11,51;35,83;4,17;13,33;28,81;57,63;10,47;18,58;37,84;16,55;60,8;49,49
18033;Busquístar;11,5;18,12;14,38;1,96;12017,0;37,04;50,74;4,07;33,93;21,43;16,96;16,51;59,63;16,67;19,15;22,7;28,39;50,0;55,76
18034;Cacín;8,38;28,42;13,84;0,75;11631,0;31,49;51,53;6,54;28,79;37,06;16,75;21,16;50,26;21,94;17,79;17,39;16,59;53,76;44,78
18035;Cádiar;12,85;24,29;13,68;0,89;13273,0;33,43;51,1;7,2;33,39;12,92;16,24;24,12;58,37;27,36;13,72;19,74;18,21;58,45;50,18
18036;Cájar;17,45;15,35;8,46;1,01;18484,0;37,46;48,87;8,28;18,83;1,58;11,57;44,44;47,2;7,25;24,57;46,43;13,52;63,2;59,77
18037;Calicasas;16,87;14,4;5,22;1,87;13376,0;33,27;51,23;8,27;15,11;12,68;23,55;17,11;61,22;9,72;21,53;22,74;15,94;60,54;60,53
18038;Campotéjar;11,18;22,58;5,05;1,05;12400,0;31,59;53,61;4,42;26,11;31,98;17,52;16,1;56,14;23,36;16,71;17,94;12,69;64,33;52,87
18039;Caniles;13,88;24,52;8,17;1,39;12528,0;31,45;52,76;5,97;28,55;18,54;20,38;18,37;65,41;19,65;18,87;17,34;16,0;59,52;49,52
18040;Cáñar;15,13;18,58;28,84;1,4;11083,0;43,89;41,38;7,84;34,0;9,0;16,0;34,04;46,81;16,52;23,36;26,21;36,73;32,98;42,49
18042;Capileira;15,55;16,54;13,07;0,92;13086,0;40,81;45,86;7,07;35,98;5,44;15,06;22,88;59,75;13,53;19,02;31,37;16,3;57,18;54,65
18043;Carataunas;9,72;23,3;27,36;0,74;14211,0;42,19;43,75;6,25;26,09;2,9;5,8;39,06;46,88;13,88;21,53;39,23;22,89;45,39;40,1
18044;Cástaras;7,2;30,43;27,42;0,82;14372,0;30,43;51,09;8,15;20,51;42,31;17,95;22,54;50,7;37,62;12,38;16,34;11,63;66,67;42,79
18045;Castilléjar;11,08;29,98;13,56;1,46;12175,0;30,56;49,91;9,03;31,78;33,16;13,99;20,17;69,89;25,77;13,81;15,23;22,57;52,86;43,49
18046;Castril;10,04;27,78;8,22;0,85;12010,0;37,04;46,93;6,25;37,86;25,58;15,25;20,26;68,46;23,03;16,58;17,96;19,35;55,73;46,17
18047;Cenes de la Vega;16,3;11,09;12,4;0,93;14213,0;40,85;43,53;11,13;17,59;1,08;11,9;33,4;54,83;8,39;23,7;38,76;17,05;60,09;62,32
18048;Cijuela;21,77;10,02;9,93;1,49;11644,0;36,81;49,01;8,95;15,5;9,46;16,86;21,3;61,54;10,62;22,7;23,91;19,84;54,74;62,02
18049;Cogollos de Guadix;10,37;25,85;8,62;1,07;13523,0;32,68;53,11;4,8;24,9;9,02;27,06;20,08;61,04;22,01;16,64;16,98;17,67;60,05;49,3
18050;Cogollos de la Vega;17,72;17,02;4,05;1,46;12135,0;35,57;49,42;7,71;16,78;15,46;17,83;20,83;55,6;13,14;21,91;20,91;20,38;52,98;53,33
18051;Colomera;14,98;18,51;3,8;1,11;10638,0;36,3;51,45;4,63;29,96;38,81;19,19;13,65;58,17;21,25;13,67;13,14;17,01;55,9;52,36
18053;Cortes de Baza;11,12;30,64;10,8;1,17;11708,0;31,34;49,58;6,94;28,21;30,66;12,77;16,48;57,87;24,85;13,82;13,03;17,56;53,05;40,18
18054;Cortes y Graena;12,13;22,61;8,83;1,01;13069,0;34,7;48,0;7,86;21,86;8,38;22,46;28,48;58,23;21,03;18,51;22,41;20,79;54,94;49,83
18056;Cúllar;13,85;23,58;9,53;1,14;12115,0;34,38;48,71;6,83;30,19;14,83;21,63;20,73;64,75;22,65;15,33;20,37;17,3;58,67;50,32
18057;Cúllar Vega;18,94;11,27;9,14;1,1;14636,0;36,24;51,16;8,51;17,49;2,34;13,05;30,08;57,22;8,23;24,36;35,41;16,22;58,93;62,42
18059;Chauchina;19,78;13,7;7,31;1,28;11527,0;35,18;51,7;6,98;21,16;12,3;23,64;19,43;62,62;13,36;17,83;20,12;18,63;53,87;55,16
18061;Chimeneas;13,26;21,72;10,92;1,6;11700,0;32,71;52,91;5,45;25,57;33,72;19,72;15,64;56,16;18,59;14,51;16,23;14,77;55,27;48,95
18062;Churriana de la Vega;21,23;10,9;10,25;1,38;14665,0;36,88;48,31;10,05;14,59;1,88;13,35;31,99;55,5;9,57;22,69;36,44;15,9;62,14;64,91
18063;Darro;23,19;13,87;4,17;2,08;9603,0;42,38;46,46;3,77;21,25;27,31;21,53;12,8;58,06;29,79;9,54;10,27;27,67;41,29;47,08
18064;Dehesas de Guadix;12,3;28,01;2,36;1,75;10922,0;32,84;52,2;2,64;18,49;35,9;18,8;11,01;47,71;22,97;13,66;10,76;23,08;44,25;38,01
18065;Dehesas Viejas;11,37;20,13;7,24;0,86;11550,0;31,81;55,54;5,27;24,51;37,7;16,67;11,02;55,51;19,66;16,03;17,59;12,38;63,3;54,69
18066;Deifontes;18,02;19,18;3,88;1,53;10552,0;32,75;54,1;5,96;21,49;34,49;15,8;12,8;54,39;22,03;13,94;14,48;19,84;55,3;51,73
18067;Diezma;16,25;20,33;4,78;1,76;11321,0;38,38;48,34;5,63;25,74;23,33;21,11;16,48;56,7;23,94;14,23;14,65;23,63;52,55;51,63
18068;Dílar;16,52;15,49;9,74;1,01;17386,0;38,29;47,7;7,55;21,56;2,1;13,77;40,65;49,21;10,36;22,1;39,3;14,25;58,73;57,6
18069;Dólar;12,55;27,01;11,52;1,18;13634,0;33,85;51,54;5,58;29,49;30,04;17,6;15,91;60,0;20,74;16,48;19,07;18,55;61,71;51,79
18070;Dúdar;11,62;21,88;6,28;0,78;18907,0;33,43;54,1;6,08;24,83;0,0;18,79;39,04;43,15;11,01;20,58;37,1;14,04;61,2;52,51
18071;Dúrcal;15,56;17,12;10,87;1,14;13624,0;36,12;47,75;8,73;21,54;5,21;20,47;27,56;59,2;13,64;20,56;28,61;23,16;52,26;54,13
18072;Escúzar;16,64;19,11;7,25;1,3;12466,0;35,17;51,55;5,23;18,47;10,49;36,71;16,18;60,29;19,2;14,81;18,93;22,11;55,33;52,56
18074;Ferreira;10,87;29,4;3,36;1,02;15040,0;29,26;51,85;5,93;21,88;14,96;27,56;16,24;57,26;21,09;16,36;17,09;16,43;65,0;51,47
18076;Fonelas;18,11;18,71;5,19;1,65;10136,0;35,92;53,19;3,13;16,78;31,21;26,51;8,71;56,79;25,06;14,29;8,96;25,97;43,09;44,25
18077;Fornes;8,24;23,4;16,07;0,6;12837,0;35,21;47,95;6,7;20,83;38,1;14,29;9,26;60,49;24,05;13,23;13,63;19,71;48,41;42,02
18078;Freila;13,13;25,08;20,74;0,8;12012,0;35,43;49,04;6,8;36,33;20,0;14,74;28,41;57,93;21,25;15,56;23,11;13,45;48,93;40,24
18079;Fuente Vaqueros;17,69;16,14;9,76;1,57;10530,0;37,3;47,58;7,72;19,77;23,0;13,84;17,85;55,98;18,38;15,24;16,39;27,36;44,94;50,84
18082;Galera;11,3;29,23;24,89;1,05;12591,0;29,32;52,67;8,02;30,09;9,76;12,2;31,61;56,45;25,07;17,8;26,35;17,27;51,88;41,25
18083;Gobernador;10,65;30,82;7,79;1,05;15514,0;31,63;49,77;7,91;28,89;17,78;7,78;34,88;48,84;23,96;15,21;31,34;11,22;66,92;45,16
18084;Gójar;18,13;13,71;8,54;1,26;16533,0;35,87;51,6;8,05;19,41;1,19;14,64;36,97;51,06;6,57;25,39;41,27;14,34;61,2;59,93
18085;Gor;6,72;31,99;6,69;1,41;14353,0;31,79;48,66;6,89;33,2;22,39;16,22;18,95;70,97;27,91;15,87;20,52;21,28;56,92;45,13
18086;Gorafe;7,43;34,21;4,64;0,91;11526,0;34,02;46,92;9,09;36,63;20,79;10,89;20,0;64,21;22,0;13,43;17,71;29,63;46,8;38,68
18087;Granada;15,28;21,3;14,83;1,09;19811,0;39,22;44,21;8,43;17,77;2,21;7,77;50,95;39,76;10,96;20,09;47,54;16,44;58,86;52,46
18088;Guadahortuna;21,53;16,5;4,52;2,24;9189,0;41,2;45,53;5,55;17,28;46,19;10,1;15,5;44,8;24,57;12,32;12,12;29,92;45,64;50,9
18089;Guadix;17,25;17,57;11,0;1,24;14057,0;35,59;49,54;7,28;19,73;4,17;18,73;29,56;58,89;18,68;17,73;27,12;18,35;55,33;53,12
18093;Gualchos;19,02;14,58;31,56;1,52;10850,0;36,5;48,81;8,04;30,48;47,66;4,01;12,12;51,08;38,11;12,02;14,37;10,39;61,08;54,85
18094;Güéjar Sierra;14,02;16,75;10,44;0,96;14803,0;37,94;46,91;8,21;24,1;4,87;18,22;23,75;58,63;12,31;22,19;26,38;17,14;57,36;55,17
18095;Güevéjar;20,24;12,34;4,25;1,51;12428,0;35,34;53,55;6,6;15,96;5,2;21,3;21,97;61,14;10,46;20,48;22,99;21,9;55,47;60,08
18096;Huélago;18,53;15,88;5,93;1,53;11116,0;41,42;44,34;5,18;23,48;28,95;11,4;17,59;51,85;26,09;11,8;11,49;22,15;51,25;49,53
18097;Huéneja;13,66;22,2;18,49;1,25;14154,0;34,38;50,44;6,86;23,36;18,73;27,25;24,35;54,66;29,7;14,57;18,05;16,03;54,42;47,25
18098;Huéscar;14,72;21,38;6,36;1,15;13492,0;36,11;48,92;6,07;26,23;16,81;14,97;26,52;59,02;20,75;17,3;24,3;16,15;56,52;49,93
18099;Huétor de Santillán;13,84;17,35;6,14;0,96;16546,0;34,66;52,05;7,06;16,02;2,53;17,59;32,69;56,19;11,68;22,31;37,34;16,65;62,3;59,81
18100;Huétor Tájar;17,72;14,53;14,34;1,23;11428,0;35,64;49,62;7,4;21,57;30,62;19,49;17,13;53,09;23,22;15,01;16,51;13,15;56,02;53,34
18101;Huétor Vega;16,47;14,53;8,1;0,97;17480,0;36,73;49,52;8,73;19,2;0,97;13,03;40,72;49,17;9,03;22,81;40,57;14,03;63,55;60,7
18102;Íllora;15,57;19,35;4,86;1,25;10894,0;33,94;50,63;6,72;20,34;34,9;14,01;15,67;47,52;22,36;15,61;15,96;17,65;52,93;49,03
18103;Ítrabo;14,36;19,77;23,65;1,1;9940,0;32,13;53,6;6,7;38,76;37,42;11,59;16,61;62,9;26,45;14,6;18,13;22,22;44,96;45,36
18105;Iznalloz;23,15;14,2;5,8;2,16;9298,0;33,58;54,65;4,82;16,64;36,58;14,68;12,1;50,75;21,91;12,89;14,09;25,38;48,3;53,0
18106;Játar;14,53;15,44;27,06;1,38;10798,0;42,6;43,59;5,92;30,4;48,02;12,33;13,24;53,42;27,24;13,89;13,53;16,6;48,0;47,96
18107;Jayena;11,52;21,25;6,93;1,16;11702,0;35,43;50,06;4,91;25,38;29,94;21,91;14,84;58,39;25,33;13,27;10,42;20,88;51,36;47,52
18108;Jérez del Marquesado;10,87;27,08;3,14;1,03;14281,0;30,62;51,64;8,25;20,88;11,21;29,5;23,36;62,62;15,29;21,21;26,34;23,13;57,92;47,93
18109;Jete;10,51;17,56;30,33;1,03;11623,0;33,58;51,37;8,33;41,21;23,53;18,21;22,35;55,0;20,9;18,38;23,74;17,08;51,68;48,95
18111;Jun;21,61;10,58;5,46;1,3;15308,0;36,25;53,48;6,84;17,55;1,65;13,85;34,38;52,05;8,9;21,02;36,46;17,09;61,13;64,19
18112;Juviles;14,53;22,13;22,0;2,33;14084,0;30,51;50,0;7,63;46,51;11,63;25,58;23,26;62,79;24,24;15,91;22,73;23,64;44,21;42,31
18114;Calahorra, La;11,59;25,78;7,88;1,6;13483,0;31,72;51,42;7,01;26,36;10,46;22,59;20,18;62,28;20,52;17,45;22,46;21,36;58,27;50,41
18115;Láchar;19,08;13,32;8,43;1,48;11279,0;35,4;51,56;7,82;19,43;17,82;18,92;16,41;61,92;14,22;17,91;17,79;21,86;51,72;56,3
18116;Lanjarón;13,48;21,38;14,97;1,09;13121,0;36,32;47,45;7,53;28,08;5,72;16,99;24,14;61,04;16,93;19,15;27,18;20,03;51,97;48,08
18117;Lanteira;10,54;26,04;5,07;0,49;13711,0;36,96;42,92;8,83;25,49;20,69;19,7;21,72;62,63;17,74;15,12;26,21;15,92;62,24;49,7
18119;Lecrín;11,43;24,67;16,11;0,96;14896,0;34,04;47,85;8,4;23,49;6,81;15,51;29,9;58,09;17,4;18,47;31,45;15,48;56,95;47,57
18120;Lentegí;13,83;23,7;16,09;1,03;11976,0;30,82;51,8;8,2;48,18;15,91;19,7;30,16;57,14;22,15;16,77;22,15;18,47;56,14;50,16
18121;Lobras;4,0;25,0;12,14;0,0;14528,0;42,19;42,97;6,25;28,07;16,36;12,73;25,49;54,9;20,3;21,8;30,08;10,94;57,58;48,12
18122;Loja;17,91;17,01;9,97;1,38;12327,0;33,41;51,73;7,15;23,14;21,69;16,55;24,2;55,27;21,33;15,44;21,06;15,72;57,17;53,49
18123;Lugros;9,68;33,38;3,25;0,71;11774,0;35,87;44,93;7,61;34,02;20,62;27,84;18,68;67,03;28,77;14,39;14,39;16,81;54,97;39,79
18124;Lújar;10,1;23,86;23,34;1,54;12620,0;35,15;50,25;6,19;40,0;49,19;6,49;15,7;52,91;40,44;12,44;16,67;11,26;62,15;49,44
18126;Malahá, La;17,56;15,98;6,12;1,3;12503,0;34,23;52,01;7,78;16,14;5,34;27,53;17,76;63,21;15,84;16,21;21,33;18,3;56,78;56,69
18127;Maracena;18,17;14,29;8,87;1,1;14305,0;35,65;49,06;9,29;16,57;2,46;15,04;29,24;56,04;12,08;22,42;30,84;17,42;59,61;59,79
18128;Marchal;21,59;19,32;4,54;2,26;11232,0;35,45;47,27;6,97;18,7;13,01;24,39;20,83;54,17;26,29;12,57;16,29;21,18;50,38;49,56
18132;Moclín;11,54;23,77;6,84;1,18;12480,0;32,11;51,89;6,56;21,58;36,08;14,26;15,63;53,25;21,02;16,66;19,0;14,07;60,91;49,83
18133;Molvízar;15,79;19,26;13,27;1,44;11497,0;35,3;49,09;6,98;27,27;28,18;10,71;18,79;57,79;23,95;13,62;16,45;24,44;49,08;49,07
18134;Monachil;16,94;13,57;11,72;1,18;16359,0;39,97;45,9;9,0;20,47;1,26;13,12;36,18;52,8;9,64;22,25;39,58;16,62;61,11;61,66
18135;Montefrío;14,36;22,36;10,68;1,53;10527,0;33,17;50,52;6,56;32,88;47,36;10,42;17,22;49,24;29,05;14,31;16,14;11,85;60,3;49,39
18136;Montejícar;15,36;20,67;2,31;1,49;9746,0;32,41;56,33;3,47;25,99;53,16;12,26;12,1;40,86;17,79;11,58;14,17;11,76;63,13;52,37
18137;Montillana;9,14;22,01;10,9;0,62;11191,0;32,76;51,56;5,91;37,92;47,02;12,34;13,57;58,14;24,7;15,96;16,26;9,01;67,45;54,61
18138;Moraleda de Zafayona;16,11;18,8;7,11;1,26;11843,0;32,21;51,66;7,15;25,08;22,53;19,71;12,27;60,18;22,08;16,27;13,55;17,82;55,05;52,54
18140;Motril;18,23;15,53;14,05;1,25;13400,0;36,43;48,23;8,48;18,57;15,02;11,62;24,52;53,07;19,29;19,24;24,2;16,74;55,99;54,66
18141;Murtas;9,72;26,22;12,67;1,11;13355,0;29,29;54,8;8,33;36,54;30,77;16,03;20,71;55,0;31,72;12,83;20,34;23,12;56,46;48,54
18143;Nigüelas;14,09;20,13;11,81;1,29;14556,0;35,34;48,73;9,05;20,14;2,75;20,14;29,79;57,21;12,2;17,06;37,25;17,67;57,82;52,31
18144;Nívar;20,29;12,84;4,75;0,87;17545,0;32,41;53,86;7,15;14,74;2,95;15,79;36,03;53,28;8,45;22,75;42,91;14,39;64,15;63,4
18145;Ogíjares;18,66;14,45;8,48;1,27;17020,0;35,1;51,01;9,05;18,48;0,72;11,18;40,45;50,11;8,26;24,2;40,37;15,19;61,0;59,8
18146;Orce;12,26;22,39;12,94;1,02;12558,0;36,78;46,26;5,16;33,76;21,34;15,17;26,8;61,05;19,65;18,39;25,39;16,98;54,93;47,68
18147;Órgiva;15,43;20,01;26,67;1,2;12139,0;39,77;43,22;8,82;31,01;7,22;15,02;27,35;58,97;23,64;18,62;24,85;24,29;46,27;45,23
18148;Otívar;13,49;19,02;13,98;1,3;12028,0;35,41;49,6;6,13;37,41;26,57;17,79;20,32;60,16;21,58;19,34;18,06;15,18;55,07;48,22
18149;Villa de Otura;18,13;15,07;9,82;1,23;17963,0;33,68;53,42;8,19;22,92;1,45;14,44;39,99;50,71;9,37;22,0;39,84;15,89;58,67;57,23
18150;Padul;17,55;15,5;9,54;1,31;13870,0;34,86;50,36;8,08;19,89;4,11;22,11;26,5;59,98;14,41;21,35;26,62;17,5;56,4;56,06
18151;Pampaneira;12,05;18,14;11,86;0,94;13978,0;48,88;36,94;7,46;36,8;4,0;16,0;22,69;62,18;16,79;23,57;24,64;18,18;58,33;55,6
18152;Pedro Martínez;18,24;23,62;4,48;2,53;10485,0;34,69;49,31;5,02;21,48;35,91;10,07;15,25;51,42;30,18;11,95;13,39;26,1;44,69;42,8
18153;Peligros;19,14;13,97;5,83;1,19;15081,0;34,38;52,2;8,12;16,92;2,84;15,19;30,36;56,93;9,38;23,54;31,19;16,33;60,62;60,05
18154;Peza, La;16,28;21,43;4,61;1,69;12032,0;35,29;48,17;6,49;23,76;19,94;28,53;14,2;60,29;28,18;14,34;13,32;24,2;51,37;48,91
18157;Pinos Genil;18,08;14,14;8,85;1,23;14195,0;36,17;49,78;9,42;21,78;2,07;21,04;25,59;61,47;9,25;22,15;32,47;15,69;61,37;59,35
18158;Pinos Puente;18,81;18,07;4,91;1,73;10797,0;37,57;46,99;6,84;20,5;18,12;17,4;18,58;58,23;23,32;15,88;15,25;32,65;43,66;50,13
18159;Píñar;10,94;21,04;7,11;1,36;13876,0;39,58;45,37;6,74;24,38;30,66;17,39;19,05;52,38;17,74;17,84;20,69;14,62;63,43;53,28
18161;Polícar;10,59;27,11;4,35;0,47;16090,0;34,02;44,4;11,2;17,17;7,07;20,2;27,27;53,54;13,93;15,57;26,23;21,97;66,88;54,55
18162;Polopos;14,73;15,32;34,55;1,28;11320,0;39,23;45,35;7,94;28,28;53,01;6,01;12,33;43,47;36,6;12,72;14,76;9,81;58,42;53,95
18163;Pórtugos;12,01;21,96;11,38;0,77;14538,0;40,64;47,37;2,92;24,83;11,03;20,69;24,64;64,49;12,99;20,9;27,97;16,57;56,4;48,7
18164;Puebla de Don Fadrique;17,7;20,26;8,6;1,67;11499,0;34,23;50,63;6,16;32,55;39,76;12,2;19,57;63,29;23,98;16,76;18,83;16,45;56,55;49,84
18165;Pulianas;19,04;12,51;5,73;1,25;12689,0;37,93;50,1;7,2;17,2;1,72;16,62;23,17;60,5;11,74;21,07;26,17;20,69;56,11;59,67
18167;Purullena;18,75;16,08;5,34;1,39;11430,0;37,06;48,52;6,14;19,92;6,65;31,49;20,6;64,54;19,97;18,01;18,41;23,38;51,29;54,36
18168;Quéntar;12,16;22,79;8,09;1,21;13569,0;38,61;46,16;8,04;18,69;5,36;21,73;24,44;54,29;14,72;18,85;28,98;21,82;56,21;52,01
18170;Rubite;6,91;23,82;25,12;1,11;13234,0;33,43;49,45;9,67;39,76;42,42;10,3;15,69;51,63;29,83;12,96;24,94;18,96;60,0;51,84
18171;Salar;17,31;18,42;5,78;1,12;10664,0;34,03;51,82;5,29;28,5;27,01;20,89;14,79;62,66;23,23;14,1;15,89;16,22;55,1;50,5
18173;Salobreña;14,86;19,88;14,79;0,91;13525,0;35,45;48,58;8,57;20,71;8,46;14,47;25,7;55,76;18,41;20,07;25,94;18,81;53,32;50,01
18174;Santa Cruz del Comercio;12,53;21,84;10,34;1,43;12727,0;34,59;51,22;6,87;27,35;20,36;11,76;26,29;51,17;16,2;20,26;20,47;13,22;61,22;52,38
18175;Santa Fe;17,83;16,41;9,6;1,26;12750,0;36,31;48,38;8,57;17,84;5,2;15,63;27,9;58,67;13,95;19,74;27,26;23,37;52,64;55,62
18176;Soportújar;6,1;23,94;18,92;0,65;14892,0;40,55;46,06;6,3;35,04;8,55;19,66;27,83;64,35;17,71;24,72;26,94;15,5;60,56;47,6
18177;Sorvilán;10,65;28,09;22,0;1,59;11653,0;28,92;54,48;6,95;37,91;42,22;13,33;15,15;55,15;30,79;10,62;17,62;15,42;56,67;43,23
18178;Torre-Cardela;8,93;31,1;6,4;0,89;12579,0;32,93;51,83;4,42;22,75;33,47;7,57;21,31;45,08;26,08;12,82;17,44;16,67;58,97;43,24
18179;Torvizcón;11,2;27,02;17,96;0,99;11775,0;36,64;45,42;8,97;36,05;17,75;10,65;17,53;70,78;23,5;12,01;18,37;28,4;49,31;44,33
18180;Trevélez;11,09;22,5;6,32;0,68;13766,0;34,73;49,04;7,23;30,07;9,8;31,42;17,79;65,84;17,45;17,45;22,12;15,41;61,67;52,04
18181;Turón;3,92;32,06;20,59;0,95;12885,0;32,32;54,55;6,06;43,04;27,85;13,92;19,72;66,2;34,78;18,84;11,59;13,79;60,48;42,23
18182;Ugíjar;17,55;19,94;11,18;1,42;10854,0;36,48;48,74;5,54;28,1;25,73;13,78;20,0;53,08;30,24;14,47;16,86;21,89;51,73;50,09
18183;Válor;10,57;28,14;11,53;0,66;13426,0;36,05;46,26;7,65;30,41;18,43;23,96;23,62;52,76;25,85;12,44;24,56;23,44;52,38;44,46
18184;Vélez de Benaudalla;13,71;19,16;13,54;1,22;12812,0;35,16;47,69;10,41;26,6;18,91;16,84;21,39;57,41;23,67;16,0;19,41;19,1;51,97;49,98
18185;Ventas de Huelma;13,32;19,7;6,74;1,39;14704,0;34,7;53,68;7,01;23,3;12,19;20,43;31,6;51,67;12,87;21,62;31,85;18,86;64,84;58,82
18187;Villanueva de las Torres;10,04;24,27;5,24;1,22;11623,0;36,13;50,11;6,02;22,41;37,93;15,52;10,43;53,99;23,0;10,76;13,08;26,13;50,77;46,93
18188;Villanueva Mesía;16,25;19,32;3,77;1,34;12209,0;34,74;49,67;7,26;24,06;29,37;17,1;19,68;55,42;21,25;14,32;18,92;13,25;60,41;52,16
18189;Víznar;16,22;16,04;7,86;1,11;17254,0;39,06;46,03;8,05;14,87;0,46;16,93;41,18;47,55;8,67;23,82;42,2;14,4;63,17;59,65
18192;Zafarraya;19,89;16,43;28,65;1,69;11107,0;33,39;54,53;3,72;44,13;46,93;10,16;15,17;62,92;34,76;13,26;13,37;9,45;48,53;43,62
18193;Zubia, La;17,06;14,25;9,3;1,02;15725,0;37,55;47,77;9,49;17,99;1,16;12,51;34,85;53,93;10,1;21,79;35,89;15,84;60,36;60,22
18194;Zújar;14,16;20,93;15,47;0,95;13462,0;35,37;47,74;6,57;33,33;26,18;16,03;17,53;63,75;21,49;15,04;15,99;18,41;50,63;46,86
18901;Taha, La;13,14;24,98;28,71;0,94;13464,0;39,38;42,02;10,39;30,8;3,38;18,14;30,36;58,48;12,2;28,09;34,33;18,64;46,71;39,86
18902;Valle, El;9,91;28,86;16,16;1,35;15138,0;30,3;50,18;6,15;26,65;7,55;15,41;29,7;55,78;23,89;15,43;26,51;20,45;54,59;45,46
18903;Nevada;12,46;23,44;13,05;1,02;12017,0;33,23;49,41;7,72;27,27;12,8;16,46;23,23;56,45;24,82;15,16;19,43;24,33;49,49;45,9
18904;Alpujarra de la Sierra;7,27;26,02;26,71;0,81;12978,0;31,28;53,74;5,43;34,35;31,0;15,2;19,68;52,06;36,62;13,83;17,15;14,58;53,02;43,4
18905;Gabias, Las;19,73;10,04;9,66;1,21;13811,0;37,55;48,17;10,02;15,18;1,94;15,34;27,66;59,17;9,96;23,69;31,32;17,15;60,29;64,91
18906;Guájares, Los;8,04;28,81;13,44;0,71;12417,0;34,77;44,66;9,99;28,11;23,64;14,13;14,12;64,55;28,61;15,01;18,11;20,61;54,79;43,53
18907;Valle del Zalabí;16,06;22,79;6,85;1,11;13026,0;31,4;51,98;6,86;27,72;16,41;20,37;26,45;61,81;23,46;14,05;22,27;18,43;54,11;48,35
18908;Villamena;14,29;19,15;12,04;1,44;14135,0;38,04;43,06;9,45;22,46;3,61;22,29;31,48;54,01;17,42;16,97;29,33;20,99;53,71;53,07
18909;Morelábor;13,85;26,08;4,58;2,1;12078,0;36,04;48,12;5,15;21,11;27,78;15,0;20,12;52,07;31,93;15,49;14,15;17,81;51,14;42,2
18910;Pinar, El;10,48;25,0;13,42;1,07;12948,0;36,88;45,06;8,31;24,11;7,86;16,43;24,07;60,74;20,82;16,73;25,28;23,67;51,53;47,0
18911;Vegas del Genil;24,53;8,14;7,68;1,24;13659,0;34,41;53,54;7,99;16,0;4,17;14,83;28,54;58,1;8,19;22,38;34,4;15,33;60,99;66,39
18912;Cuevas del Campo;13,43;24,27;20,15;1,17;11332,0;35,9;47,9;5,12;34,22;28,76;18,06;18,43;58,32;26,12;15,01;13,09;11,87;53,23;43,32
18913;Zagra;14,19;21,07;13,52;0,89;10210,0;38,24;48,92;3,78;32,57;42,86;9,3;18,79;50,35;28,2;12,28;14,41;16,26;55,28;46,83
18914;Valderrubio;17,58;18,34;3,24;1,35;11796,0;32,67;54,68;5,99;19,08;24,16;14,11;19,36;56,04;17,84;18,17;19,29;17,32;54,57;50,48
18915;Domingo Pérez de Granada;16,76;23,05;4,44;2,08;9790,0;33,57;54,62;2,7;28,85;49,61;8,91;12,96;51,01;26,04;12,6;14,13;20,06;54,09;47,35
18916;Torrenueva Costa;15,2;16,95;21,38;1,31;12048,0;37,32;45,46;10,22;20,23;31,1;6,36;17,77;47,05;25,05;18,32;18,35;15,49;55,3;52,39
19001;Abánades;6,35;35,87;23,81;0,0;19866,0;23,08;63,46;0,0;46,43;10,71;28,57;20,0;68,0;28,81;15,25;8,47;3,57;79,41;47,46
19002;Ablanque;2,9;47,54;0,0;3,5;19866,0;30,99;53,52;2,82;40,0;15,0;15,0;35,0;50,0;35,21;11,27;25,35;12,0;75,86;35,21
19004;Alaminos;1,11;35,19;5,56;0,0;19866,0;37,5;50,0;3,57;50,0;23,08;38,46;13,04;73,91;21,43;10,71;23,21;15,38;70,97;46,43
19005;Alarilla;9,25;22,45;38,78;1,17;12002,0;43,64;42,73;7,27;19,64;23,21;16,07;15,09;60,38;26,36;20,93;20,16;11,48;55,67;47,66
19006;Albalate de Zorita;10,56;22,71;19,53;0,97;16334,0;31,91;51,34;10,01;21,73;2,44;18,4;26,46;62,53;15,98;26,26;26,74;15,25;61,61;53,03
19007;Albares;13,05;27,86;27,27;1,02;15600,0;33,33;47,71;5,0;19,6;9,6;21,72;22,7;60,0;29,2;21,53;18,98;15,2;56,68;46,55
19009;Alcocer;9,97;33,54;22,46;1,67;14314,0;27,08;53,79;5,05;28,21;15,52;18,1;20,72;61,26;34,12;20,61;14,53;10,48;62,71;42,18
19011;Alcolea del Pinar;18,08;23,9;37,85;2,07;15513,0;34,47;45,83;8,33;31,39;14,6;17,52;17,89;63,41;29,51;20,14;19,79;9,49;68,1;55,44
19013;Alcoroches;6,32;29,4;8,55;2,69;18614,0;38,46;52,99;2,56;31,43;32,86;8,57;22,06;60,29;19,51;21,95;26,83;2,99;90,28;55,37
19015;Aldeanueva de Guadalajara;7,41;41,3;7,41;4,0;20090,0;18,0;71,0;5,0;20,51;10,26;25,64;27,78;63,89;21,0;19,0;33,0;10,64;85,71;47,0
19016;Algar de Mesa;0,0;35,45;4,55;0,0;18848,0;35,56;46,67;8,89;45,0;20,0;15,0;40,0;60,0;15,22;28,26;19,57;18,18;69,23;47,83
19017;Algora;8,57;27,47;36,26;1,75;19866,0;36,59;45,12;9,76;29,73;13,51;5,41;22,86;65,71;20,0;25,26;21,05;9,3;67,24;45,26
19018;Alhóndiga;5,19;41,08;3,24;0,0;15114,0;39,52;42,51;5,99;29,69;6,25;43,75;16,67;71,67;22,35;14,12;24,12;7,46;65,26;39,41
19020;Almadrones;7,67;18,08;24,66;0,5;19866,0;48,44;35,94;7,81;32,43;18,92;10,81;25,81;61,29;14,71;30,88;26,47;4,08;90,38;72,06
19021;Almoguera;17,67;16,31;19,73;1,23;14062,0;34,46;50,69;8,34;14,24;8,96;22,32;20,67;60,71;20,37;21,47;17,5;12,91;62,78;57,9
19022;Almonacid de Zorita;10,57;28,54;14,29;1,34;18128,0;31,1;46,82;7,36;14,4;4,0;18,0;25,0;59,84;22,76;22,6;21,47;12,94;65,61;50,08
19023;Alocén;11,84;23,55;10,53;0,48;20338,0;34,85;45,45;10,61;20,9;0,0;4,48;50,77;38,46;9,42;21,01;44,2;1,33;74,75;54,35
19024;Alovera;21,54;7,58;16,89;1,05;17918,0;37,15;50,18;8,85;9,28;0,39;19,19;26,44;55,1;8,28;30,12;31,43;8,72;62,79;67,86
19027;Alustante;7,9;33,38;17,83;1,31;21349,0;38,69;47,45;3,65;20,0;10,0;26,0;28,57;57,14;16,2;17,61;28,17;11,67;59,55;42,25
19032;Anguita;2,65;43,05;7,95;0,0;19499,0;36,3;45,89;6,85;27,59;6,9;12,07;25,45;56,36;27,27;18,18;29,22;12,5;73,68;41,56
19033;Anquela del Ducado;0,0;40,85;2,13;0,0;18848,0;24,49;57,14;10,2;38,71;19,35;25,81;34,62;57,69;23,53;33,33;25,49;3,45;103,7;56,86
19036;Aranzueque;16,34;22,22;25,78;1,05;13638,0;30,18;53,66;8,23;18,38;10,29;28,68;16,8;60,8;22,38;17,44;15,7;10,49;54,51;47,93
19037;Arbancón;6,28;30,51;14,1;1,31;17179,0;29,63;54,07;6,67;29,17;12,5;25,0;14,75;63,93;16,55;24,46;18,71;12,2;78,26;58,99
19039;Argecilla;1,32;38,42;6,58;1,4;19866,0;30,99;57,75;4,23;36,84;34,21;26,32;33,33;53,33;28,77;15,07;21,92;4,76;88,89;57,53
19040;Armallones;3,08;44,23;3,85;0,0;22638,0;25,0;50,0;9,62;36,84;5,26;26,32;16,67;44,44;26,42;24,53;18,87;9,52;79,17;39,62
19041;Armuña de Tajuña;13,66;11,83;21,48;0,74;17128,0;40,53;35,24;18,06;22,66;6,25;25,0;32,77;55,46;14,58;27,08;26,67;14,48;56,88;61,44
19043;Atanzón;0,0;46,99;3,61;0,0;19966,0;27,91;54,65;8,14;40,48;16,67;28,57;42,86;40,0;19,77;18,6;31,4;4,55;100,0;51,16
19044;Atienza;11,32;23,44;32,31;0,9;16103,0;37,05;45,96;8,08;25,91;8,29;35,75;19,25;64,71;18,91;20,98;23,83;7,54;65,95;51,82
19045;Auñón;5,26;40,77;12,18;0,78;19223,0;25,68;53,38;7,43;34,78;13,04;21,74;18,6;65,12;9,68;19,35;23,23;11,11;59,26;34,84
19046;Azuqueca de Henares;19,61;11,44;25,76;1,08;16668,0;37,3;49,61;8,56;8,24;0,53;21,33;25,25;54,29;11,91;28,13;30,01;10,52;65,88;63,92
19047;Baides;4,44;41,33;2,22;1,75;18939,0;33,33;43,75;10,42;30,77;7,69;11,54;36,0;48,0;6,12;22,45;32,65;12,5;95,45;48,98
19051;Berninches;1,07;42,14;10,71;0,0;22638,0;36,36;43,18;13,64;33,33;11,11;33,33;11,11;55,56;29,55;13,64;20,45;9,52;63,33;47,73
19053;Brihuega;13,42;21,53;24,2;1,08;15860,0;35,59;49,4;6,93;23,4;7,97;20,45;23,98;61,62;21,36;23,69;22,98;9,85;65,26;53,51
19054;Budia;10,71;37,52;19,47;1,81;21305,0;35,03;54,82;3,05;34,72;5,56;26,39;22,86;64,29;16,99;15,05;19,42;5,95;69,3;40,98
19057;Bustares;5,81;44,52;14,52;0,78;18939,0;36,67;48,33;3,33;20,0;10,0;5,0;45,0;35,0;16,67;16,67;31,82;9,52;70,37;32,31
19058;Cabanillas del Campo;19,84;9,93;14,11;1,2;21125,0;36,11;52,1;8,04;13,38;0,68;15,81;39,66;47,23;7,71;24,88;42,94;7,96;65,65;64,09
19059;Campillo de Dueñas;9,59;33,42;2,74;1,0;18848,0;42,03;47,83;2,9;64,1;58,97;7,69;17,86;71,43;30,43;20,29;27,54;2,63;92,5;55,07
19060;Campillo de Ranas;2,25;22,78;5,96;0,0;24678,0;33,33;47,62;12,93;37,88;3,03;16,67;42,86;47,62;9,21;27,63;44,74;23,33;65,09;59,6
19061;Campisábalos;2,19;29,59;4,11;1,0;18939,0;33,33;53,85;8,97;15,38;12,82;12,82;31,58;55,26;8,97;29,49;34,62;6,52;89,58;58,97
19064;Canredondo;7,23;49,88;7,23;4,67;19866,0;25,97;59,74;5,19;23,08;15,38;23,08;45,83;54,17;29,11;12,66;27,85;14,81;71,88;34,18
19065;Cantalojas;10,0;21,83;11,67;0,0;15191,0;44,34;42,45;4,72;45,1;27,45;15,69;8,16;83,67;17,76;15,89;25,23;9,43;57,83;49,53
19066;Cañizar;2,78;31,14;13,92;0,88;19866,0;45,21;41,1;8,22;41,18;17,65;20,59;27,59;51,72;12,33;19,18;45,21;5,0;74,51;54,79
19067;Cardoso de la Sierra, El;2,45;29,8;2,04;0,0;18939,0;44,0;42,0;4,0;56,25;40,62;12,5;6,9;86,21;21,57;23,53;7,84;3,12;96,88;64,0
19070;Casa de Uceda;11,32;23,88;30,23;0,67;22227,0;34,38;53,12;7,29;21,95;9,76;7,32;22,5;65,0;16,83;24,75;17,82;12,5;50,0;48,48
19071;Casar, El;20,43;10,25;18,73;1,06;19547,0;35,91;50,94;9,32;16,66;0,34;16,76;35,84;53,91;8,36;27,53;38,29;9,12;65,57;65,3
19074;Caspueñas;2,44;25,04;17,89;0,0;28148,0;29,13;57,48;8,66;20,97;0,0;14,52;43,1;44,83;13,18;22,48;51,16;11,11;66,67;48,84
19075;Castejón de Henares;4,92;34,1;11,48;1,0;19866,0;66,07;21,43;3,57;46,43;35,71;10,71;15,38;69,23;17,86;28,57;26,79;10,0;79,41;53,57
19078;Castilforte;1,79;40,36;5,36;1,75;22638,0;37,04;50,0;7,41;25,0;5,0;15,0;31,58;52,63;18,52;18,52;33,33;30,43;53,33;42,59
19080;Cendejas de Enmedio;3,77;32,46;11,59;0,0;18939,0;26,15;52,31;12,31;37,04;14,81;22,22;20,83;70,83;25,71;27,14;15,71;6,06;72,09;47,83
19082;Centenera;15,47;13,46;20,75;2,15;18558,0;38,46;47,86;7,69;20,97;6,45;22,58;29,82;52,63;7,32;21,95;33,33;16,44;53,98;59,84
19086;Cifuentes;9,51;27,34;13,72;0,89;21754,0;35,62;49,57;5,42;16,18;3,16;24,87;25,66;61,3;19,18;23,08;27,24;7,63;70,32;52,18
19088;Ciruelas;13,72;24,38;10,22;0,52;18661,0;32,79;43,44;13,11;21,05;8,93;17,86;29,41;49,02;14,52;25,81;32,26;15,38;66,27;52,85
19090;Cobeta;10,3;34,46;17,82;0,41;15203,0;36,26;41,76;8,79;43,24;32,43;2,7;18,75;65,62;18,56;25,77;27,84;0,0;67,27;38,14
19092;Cogolludo;14,79;22,13;20,07;1,43;17753,0;34,66;48,95;7,56;16,98;9,06;17,36;22,27;62,11;20,68;21,69;27,51;10,68;68,39;56,65
19096;Condemios de Arriba;5,15;28,12;25,74;0,58;19552,0;43,56;41,58;5,94;30,19;9,43;28,3;30,19;60,38;11,21;25,23;24,3;6,9;80,6;54,72
19099;Corduente;7,68;22,29;9,09;0,4;17647,0;40,15;42,75;7,81;27,97;21,68;17,48;23,66;65,65;20,28;21,71;29,89;10,06;69,08;57,82
19102;Cubillo de Uceda, El;7,8;20,51;24,58;0,82;16522,0;41,58;38,61;9,9;31,37;5,88;15,69;26,0;66,0;16,5;17,48;25,24;9,26;56,98;52,94
19103;Checa;6,2;31,96;13,28;0,52;19335,0;42,06;45,24;2,38;21,9;13,87;19,71;30,0;63,08;18,32;19,85;29,01;7,3;78,4;52,69
19105;Chiloeches;21,11;10,12;14,76;1,12;19373,0;35,48;51,47;9,6;12,65;1,19;21,46;30,66;53,92;7,54;26,59;35,54;7,47;68,17;66,09
19106;Chillarón del Rey;8,71;35,06;22,35;0,58;22638,0;32,47;48,05;12,99;35,29;2,94;35,29;18,75;71,88;30,95;20,24;16,67;5,13;82,22;46,43
19107;Driebes;12,67;30,93;7,81;1,71;15955,0;29,37;56,77;3,96;29,53;6,71;28,86;28,37;61,7;23,3;19,42;18,12;6,96;78,61;51,47
19108;Durón;2,39;36,33;10,09;0,47;17221,0;34,58;44,86;12,15;30,0;5,0;20,0;21,62;70,27;12,61;27,03;30,63;12,77;67,21;42,34
19110;Escamilla;3,03;31,21;3,03;2,33;22638,0;38,46;53,85;4,62;19,23;23,08;7,69;41,67;41,67;13,85;20,0;36,92;8,11;82,93;56,92
19111;Escariche;5,73;28,22;9,19;0,3;15311,0;40,8;44,25;5,17;29,55;19,32;17,05;17,11;60,53;26,14;21,02;19,32;20,79;66,12;57,71
19112;Escopete;11,5;28,0;11,25;0,54;19966,0;21,74;59,42;11,59;39,29;21,43;10,71;20,0;64,0;20,0;25,71;20,0;21,21;54,17;47,14
19113;Espinosa de Henares;11,42;20,82;23,77;0,99;14366,0;32,71;50,68;6,85;23,11;10,36;23,11;16,74;68,24;17,94;23,33;16,19;11,29;56,58;49,76
19117;Fontanar;20,78;11,68;18,21;1,4;16544,0;33,81;52,35;9,03;9,24;2,31;23,96;22,34;55,4;13,38;29,27;24,1;8,81;69,56;65,7
19119;Fuencemillán;6,67;29,52;4,76;2,33;18939,0;40,96;48,19;3,61;16,22;0,0;43,24;20,59;52,94;19,05;22,62;23,81;21,74;73,47;54,76
19120;Fuentelahiguera de Albatages;9,21;27,14;19,84;1,0;17994,0;25,0;58,04;8,04;26,42;22,64;18,87;30,23;58,14;24,78;21,24;23,89;6,67;73,68;53,1
19121;Fuentelencina;14,35;24,98;17,72;1,56;13859,0;34,71;44,67;5,84;35,88;15,27;25,19;20,0;64,17;25,66;17,11;14,8;8,0;67,65;49,83
19122;Fuentelsaz;7,62;39,29;11,9;0,0;18848,0;40,74;35,8;6,17;38,24;2,94;35,29;21,21;57,58;20,48;30,12;12,05;0,0;77,78;42,68
19123;Fuentelviejo;6,23;32,13;19,67;0,0;19966,0;35,85;56,6;5,66;27,27;27,27;22,73;9,52;76,19;22,22;20,37;22,22;14,81;62,16;50,0
19124;Fuentenovilla;14,79;14,95;21,55;1,19;16272,0;31,99;53,07;8,81;19,46;4,28;24,9;22,04;62,86;16,88;24,68;20,96;16,61;57,7;59,85
19125;Gajanejos;4,91;13,58;30,19;0,0;19866,0;48,0;42,0;2,0;27,03;27,03;27,03;28,12;59,38;28,3;26,42;32,08;0,0;76,74;63,46
19126;Galápagos;21,85;8,21;16,05;1,13;17221,0;33,98;54,22;8,54;14,38;1,11;20,5;23,43;60,4;8,25;29,87;28,64;9,46;67,88;69,16
19127;Galve de Sorbe;4,66;40,0;8,74;1,08;18939,0;36,84;48,42;4,21;41,46;12,2;17,07;21,95;60,98;23,16;17,89;18,95;6,98;71,43;45,26
19130;Guadalajara;17,74;16,64;24,36;1,19;18826,0;37,79;48,7;7,26;10,16;0,89;15,97;36,48;47,01;13,17;23,68;37,96;8,46;64,31;57,07
19132;Henche;0,0;53,15;4,11;0,0;19866,0;26,25;58,75;5,0;18,52;7,41;14,81;20,0;48,0;24,69;17,28;20,99;7,41;86,21;33,33
19133;Heras de Ayuso;18,96;13,86;56,57;1,59;10637,0;30,0;59,41;4,71;20,83;29,17;16,67;15,62;51,56;38,31;10,45;15,42;3,45;48,0;44,16
19135;Hiendelaencina;10,09;34,69;16,81;1,4;22257,0;41,41;45,45;6,06;29,27;9,76;24,39;31,58;57,89;26,21;21,36;30,1;6,52;71,67;45,1
19138;Hita;9,37;19,16;21,49;0,86;19536,0;29,07;49,83;12,11;22,86;4,29;23,57;26,32;57,14;20,79;20,79;27,39;14,13;66,39;61,13
19142;Hontoba;11,14;17,05;22,15;1,28;17724,0;33,77;47,91;12,83;14,95;3,09;22,68;16,58;59,36;9,88;29,88;23,95;15,35;60,71;60,1
19143;Horche;18,91;12,59;23,86;1,15;16174,0;36,97;48,25;8,97;14,34;2,59;20,22;27,14;56,17;14,82;24,99;31,17;9,5;61,23;61,3
19146;Huerce, La;1,92;38,85;0,0;2,33;18939,0;31,48;59,26;1,85;11,11;5,56;16,67;27,78;55,56;14,81;22,22;29,63;23,81;61,54;38,89
19148;Huertahernando;0,0;32,69;21,15;0,0;19866,0;23,53;58,82;9,8;35,71;17,86;35,71;24,0;52,0;36,84;21,05;22,81;3,33;82,86;52,63
19150;Hueva;5,31;21,59;15,04;0,47;19705,0;36,7;44,04;11,93;25,86;10,34;27,59;23,64;60,0;21,24;23,89;20,35;9,09;71,43;59,46
19151;Humanes;17,57;21,08;23,94;1,61;15028,0;33,61;50,0;7,09;15,59;6,15;24,03;17,79;63,68;21,12;21,97;20,34;9,63;64,77;54,09
19152;Illana;14,87;18,26;29,91;1,19;13281,0;36,62;46,74;8,26;24,64;8,88;26,93;16,87;66,87;21,16;24,3;19,83;17,8;58,81;55,62
19154;Inviernas, Las;0,0;49,0;0,0;0,0;19866,0;30,19;54,72;7,55;29,17;29,17;25,0;4,35;73,91;20,75;16,98;13,21;4,17;79,31;45,28
19155;Irueste;5,53;26,81;27,66;0,7;19866,0;31,25;56,25;7,81;44,0;4,0;12,0;44,0;52,0;16,05;27,16;23,46;8,57;51,61;43,75
19156;Jadraque;15,2;20,29;27,23;1,05;15433,0;32,47;51,01;7,45;26,68;4,42;25,2;18,6;67,75;20,53;24,05;21,07;9,53;63,54;54,12
19157;Jirueque;0,0;39,09;6,82;0,0;18939,0;36,17;44,68;8,51;30,0;10,0;15,0;33,33;55,56;29,17;22,92;27,08;18,18;69,23;45,83
19159;Ledanca;0,0;34,26;17,82;0,0;18572,0;36,17;50,0;6,38;57,14;28,57;10,71;31,71;58,54;23,76;17,82;27,72;3,64;85,48;54,46
19160;Loranca de Tajuña;15,43;11,65;22,78;0,85;15468,0;37,87;47,62;10,79;14,62;1,24;25,1;19,16;65,6;10,08;29,95;25,76;13,95;62,96;63,73
19161;Lupiana;19,24;19,42;10,76;0,7;16046,0;43,24;41,7;8,49;18,11;2,36;19,69;35,9;50,43;14,34;21,51;35,85;12,42;62,04;57,95
19162;Luzaga;4,62;29,85;7,69;1,4;19866,0;40,98;39,34;8,2;25,93;11,11;14,81;50,0;41,67;14,52;16,13;38,71;15,15;68,29;53,23
19163;Luzón;4,08;44,49;8,16;0,0;18848,0;44,44;40,74;9,26;25,0;16,67;12,5;42,86;47,62;23,64;20,0;41,82;11,54;95,83;47,27
19165;Majaelrayo;9,0;21,0;13,33;1,17;18939,0;35,85;56,6;3,77;36,0;4,0;24,0;16,0;72,0;22,22;20,37;22,22;16,67;71,43;67,92
19166;Málaga del Fresno;11,98;29,84;13,9;0,97;18286,0;29,53;47,65;8,05;19,05;11,11;4,76;27,12;55,93;21,52;20,25;22,78;15,94;52,25;44,23
19167;Malaguilla;14,7;13,79;14,61;0,84;17524,0;38,76;42,13;11,8;15,15;14,14;23,23;16,67;61,46;15,68;22,16;25,41;14,63;65,22;67,21
19168;Mandayona;6,15;39,51;4,9;1,17;18332,0;32,01;50,72;1,8;8,91;5,94;33,66;27,27;58,59;26,41;22,54;20,42;16,1;65,56;41,7
19170;Maranchón;12,21;33,45;28,32;1,24;16515,0;35,91;35,91;11,05;31,65;15,19;16,46;19,72;63,38;25,26;26,29;22,68;10,34;67,24;45,08
19171;Marchamalo;21,19;11,17;18,46;1,3;16939,0;35,59;52,21;7,69;9,44;1,72;21,73;26,14;53,85;12,73;24,89;31,2;7,52;68,9;65,84
19172;Masegoso de Tajuña;7,14;35,71;10,71;0,0;19866,0;32,43;50,0;5,41;38,71;19,35;12,9;42,86;53,57;13,33;18,67;40,0;3,03;72,73;44,0
19173;Matarrubia;13,8;16,8;24,0;2,0;18939,0;45,45;34,85;15,15;30,0;20,0;26,67;24,14;58,62;8,57;22,86;35,71;18,6;51,47;61,43
19174;Matillas;9,64;41,61;21,43;1,75;13243,0;32,29;45,83;10,42;15,38;3,85;30,77;33,33;58,33;22,77;17,82;22,77;25,71;50,0;34,65
19176;Mazuecos;6,91;27,51;13,01;0,72;17816,0;31,15;52,69;5,77;22,52;10,6;19,87;23,19;60,14;20,44;19,71;18,25;10,26;80,0;57,78
19177;Medranda;10,49;36,1;9,76;1,91;18939,0;37,88;50,0;1,52;28,0;20,0;16,0;27,27;54,55;29,41;17,65;25,0;7,41;65,79;39,71
19179;Membrillera;6,11;49,26;10,53;0,7;18939,0;28,74;55,17;3,45;16,67;5,56;19,44;41,18;50,0;31,11;16,67;25,56;2,86;79,07;38,89
19181;Miedes de Atienza;4,41;45,76;3,39;0,0;18939,0;42,11;31,58;8,77;30,0;25,0;10,0;40,0;50,0;22,81;19,3;24,56;9,09;71,43;38,6
19183;Milmarcos;8,57;32,38;11,11;1,17;18848,0;28,57;60,32;6,35;27,59;3,45;24,14;53,85;34,62;12,12;18,18;40,91;19,44;76,32;54,55
19184;Millana;14,62;20,15;35,38;1,4;9914,0;34,02;47,42;9,28;31,82;40,91;9,09;17,07;78,05;38,18;16,36;13,64;15,38;51,76;47,71
19186;Mirabueno;2,59;44,24;3,53;0,0;19866,0;32,53;55,42;6,02;31,43;25,71;11,43;27,59;65,52;21,43;21,43;16,67;12,5;66,67;38,1
19187;Miralrío;4,56;36,14;17,54;1,0;19866,0;31,48;53,7;5,56;48,0;40,0;16,0;23,81;61,9;25,93;18,52;33,33;10,34;76,47;53,7
19189;Mohernando;12,74;17,89;29,47;0,97;16329,0;36,81;46,53;7,64;16,67;13,1;20,24;25,61;58,54;13,82;22,37;25,66;5,88;59,26;57,05
19190;Molina de Aragón;15,06;20,97;22,85;1,08;15687,0;37,13;47,26;6,53;23,3;7,1;22,04;27,67;58,76;23,34;20,48;27,46;12,41;62,79;53,14
19192;Mondéjar;17,6;16,36;27,93;1,44;13510,0;34,75;52,41;5,94;24,79;10,85;28,21;17,62;61,83;30,83;18,08;15,36;10,61;61,04;56,64
19194;Moratilla de los Meleros;9,81;29,25;17,92;0,88;19966,0;30,43;55,43;3,26;30,56;5,56;22,22;33,33;42,42;21,51;18,28;21,51;17,95;50,79;41,94
19195;Morenilla;7,69;30,77;17,31;0,0;18848,0;40,43;46,81;4,26;44,44;44,44;27,78;25,0;62,5;26,53;14,29;30,61;4,76;60,61;43,75
19196;Muduex;7,88;27,88;4,81;2,19;15699,0;29,81;62,5;2,88;29,82;19,3;14,04;25,49;54,9;16,19;29,52;27,62;3,33;90,62;57,14
19200;Olivar, El;15,0;21,76;10,29;0,5;22638,0;35,38;56,92;0,0;36,59;9,76;14,63;22,5;72,5;25,0;22,22;22,22;8,11;79,07;52,11
19201;Olmeda de Cobeta;4,64;41,07;17,86;0,0;19866,0;39,13;52,17;2,17;30,0;0,0;30,0;65,0;15,0;16,67;37,04;31,48;4,55;72,41;40,74
19204;Orea;15,85;21,14;12,95;1,75;16944,0;42,68;43,9;4,88;23,38;11,69;25,97;24,68;63,64;12,94;25,29;37,65;12,77;67,77;55,62
19211;Pareja;8,14;30,49;19,03;0,74;18836,0;31,88;47,1;12,08;24,0;6,29;25,71;33,33;55,15;21,85;23,2;29,05;12,32;61,38;46,03
19212;Pastrana;12,94;25,21;23,62;0,66;15806,0;31,78;50,26;6,85;22,38;4,97;16,57;28,49;59,26;27,13;21,65;22,02;14,22;57,38;49,94
19213;Pedregal, El;2,0;35,33;10,0;0,0;18848,0;36,51;46,03;7,94;23,33;13,33;30,0;21,43;71,43;17,46;17,46;38,1;10,34;76,47;46,03
19214;Peñalén;2,22;33,33;0,0;0,0;22638,0;32,43;47,3;2,7;44,12;11,76;41,18;24,24;69,7;16,22;14,86;24,32;10,26;77,78;52,7
19215;Peñalver;5,83;32,57;9,71;1,75;19197,0;27,49;49,71;8,77;29,49;8,97;25,64;28,77;63,01;31,64;15,82;18,64;9,41;76,24;48,57
19216;Peralejos de las Truchas;10,2;21,9;10,2;1,27;16174,0;38,73;50,0;2,82;34,38;15,62;20,31;26,23;62,3;20,67;21,33;28,0;16,05;69,39;55,1
19218;Pinilla de Jadraque;6,38;27,23;2,13;0,0;18939,0;46,0;38,0;6,0;15,79;5,26;21,05;27,78;61,11;13,73;23,53;29,41;10,34;86,67;56,86
19220;Pioz;23,24;6,71;26,8;1,22;14963,0;36,28;50,99;10,07;11,91;0,71;20,49;20,38;61,11;9,67;29,54;27,1;9,69;65,4;68,3
19221;Piqueras;20,0;24,85;6,06;3,5;18848,0;29,63;59,26;3,7;30,77;30,77;38,46;33,33;50,0;37,04;11,11;22,22;0,0;75,0;44,44
19222;Pobo de Dueñas, El;8,35;33,4;12,62;0,0;19274,0;45,16;40,86;2,15;38,1;30,95;14,29;22,5;60,0;26,6;18,09;37,23;6,12;74,19;52,13
19223;Poveda de la Sierra;4,24;23,23;8,08;0,5;18600,0;35,35;54,55;4,04;20,83;2,08;37,5;14,89;76,6;15,0;17,0;23,0;9,09;57,97;44,0
19224;Pozo de Almoguera;4,14;36,76;10,81;0,78;18844,0;21,0;60,0;4,0;33,33;22,22;22,22;31,25;56,25;32,04;20,39;28,16;5,56;80,95;52,43
19225;Pozo de Guadalajara;22,16;9,17;22,36;1,28;14705,0;36,83;49,35;10,63;13,55;2,19;19,61;17,76;61,82;11,53;28,69;22,22;9,49;66,69;66,98
19227;Prados Redondos;1,3;26,09;0,0;0,0;18848,0;44,0;46,0;4,0;42,31;42,31;11,54;30,0;65,0;10,0;18,0;48,0;3,03;100,0;66,0
19229;Puebla de Valles;5,33;34,0;1,67;1,0;18939,0;18,97;60,34;3,45;33,33;28,57;9,52;30,0;70,0;20,34;32,2;25,42;8,7;58,33;39,66
19230;Quer;23,24;5,97;12,78;1,51;17936,0;34,19;54,17;8,95;12,23;0,18;18,35;25,24;53,32;7,46;31,99;27,49;8,11;69,64;73,12
19232;Recuenco, El;8,5;26,5;27,5;0,0;22638,0;24,19;54,84;4,84;30,0;6,67;10,0;32,14;60,71;17,46;14,29;28,57;13,79;49,02;46,77
19233;Renera;6,67;22,42;10,1;1,27;19003,0;26,6;53,19;13,83;23,26;2,33;20,93;36,59;51,22;15,31;37,76;16,33;27,08;51,47;48,98
19234;Retiendas;1,92;32,31;0,0;0,0;18939,0;30,19;56,6;11,32;21,74;0,0;21,74;52,38;47,62;11,32;26,42;37,74;20,0;64,52;47,17
19235;Riba de Saelices;9,73;38,94;10,62;2,33;19866,0;34,78;42,39;11,96;30,95;19,05;23,81;17,5;75,0;22,83;18,48;28,26;6,82;78,85;47,83
19238;Riofrío del Llano;12,24;26,53;14,29;1,0;18939,0;31,37;54,9;3,92;37,04;7,41;22,22;34,78;52,17;22,22;18,52;38,89;17,86;82,14;51,85
19239;Robledillo de Mohernando;16,72;18,31;47,76;1,05;12459,0;35,42;45,14;11,11;24,07;25,93;20,37;11,54;59,62;37,18;16,03;18,59;11,94;45,04;43,23
19242;Romanones;13,75;25,0;13,28;1,17;15934,0;34,62;53,85;5,77;26,67;11,11;11,11;19,05;64,29;17,76;19,63;19,63;14,29;61,54;53,85
19244;Sacecorbo;5,22;42,17;15,22;0,78;19866,0;29,55;52,27;6,82;36,59;17,07;21,95;27,03;62,16;29,35;26,09;18,48;7,89;74,47;41,76
19245;Sacedón;12,17;23,3;19,94;1,1;14767,0;34,26;50,5;6,84;28,61;7,31;26,33;17,78;67,3;23,28;24,1;18,86;12,1;65,46;53,99
19247;Salmerón;4,9;34,01;2,72;0,47;16527,0;38,85;44,6;6,47;41,82;20,0;23,64;21,28;70,21;17,73;15,6;23,4;14,52;63,86;44,29
19248;San Andrés del Congosto;3,03;29,39;7,58;1,4;18939,0;41,18;51,47;4,41;31,25;12,5;18,75;16,13;67,74;27,54;14,49;21,74;22,22;68,29;52,17
19251;Saúca;5,42;27,5;31,25;0,0;18939,0;47,5;32,5;15,0;47,62;9,52;4,76;0,0;94,44;29,55;22,73;6,82;0,0;59,38;43,18
19252;Sayatón;3,33;21,21;18,18;0,0;19966,0;43,08;43,08;1,54;25,93;25,93;7,41;4,55;68,18;18,84;21,74;18,84;15,0;69,39;57,97
19255;Setiles;8,35;34,43;11,39;1,75;18848,0;32,89;48,68;2,63;50,0;16,67;16,67;14,29;82,14;25,0;10,0;21,25;17,65;65,12;42,5
19256;Sienes;0,0;37,89;10,53;0,0;18939,0;47,62;30,95;2,38;20,0;20,0;30,0;17,65;76,47;27,91;27,91;16,28;4,76;90,91;48,84
19257;Sigüenza;14,23;22,41;27,28;1,14;16643,0;39,3;45,71;5,67;20,7;4,75;20,45;27,44;59,35;20,58;22,89;27,58;6,76;63,21;50,7
19258;Solanillos del Extremo;0,83;28,06;8,33;0,0;19866,0;41,03;39,74;7,69;23,26;11,63;11,63;21,95;63,41;28,21;17,95;25,64;6,98;85,11;55,13
19262;Tamajón;2,34;44,94;8,44;0,78;20608,0;30,67;50,0;8,67;32,69;5,77;11,54;27,45;62,75;20,0;16,67;27,33;7,69;77,92;43,33
19265;Tartanedo;5,73;37,48;18,88;0,82;16069,0;32,62;51,06;2,84;51,56;48,44;10,94;19,23;73,08;20,81;25,5;31,54;4,62;79,49;44,22
19266;Tendilla;12,58;20,11;29,4;1,49;17398,0;36,15;50,0;3,72;22,6;4,11;36,99;15,67;56,72;20,13;25,08;15,84;6,47;65,7;56,29
19269;Toba, La;1,43;52,57;1,43;1,0;18939,0;45,21;35,62;8,22;54,84;36,67;20,0;19,23;69,23;27,03;14,86;20,27;10,34;89,66;39,19
19271;Tordellego;4,32;41,08;21,62;0,0;18848,0;29,73;45,95;5,41;55,56;33,33;22,22;6,67;73,33;40,0;10,0;12,5;10,53;85,0;48,72
19272;Tordesilos;8,67;20,24;20,48;0,64;18848,0;29,87;61,04;1,3;42,0;34,0;22,0;21,95;65,85;20,73;20,73;29,27;8,77;88,14;70,37
19274;Torija;23,67;8,96;24,8;1,38;14863,0;33,89;54,04;8,3;11,97;2,37;17,46;19,84;56,79;10,92;27,52;24,96;7,99;63,43;65,2
19279;Torre del Burgo;6,88;4,37;84,79;0,26;8110,0;40,61;48,73;7,11;24,68;38,96;16,88;9,84;47,54;72,31;6,54;5,0;13,08;19,29;20,66
19280;Torrejón del Rey;20,93;9,35;20,61;1,22;16465,0;34,85;52,34;9,09;13,11;0,81;23,4;24,41;59,89;9,23;28,88;26,94;9,54;65,02;65,63
19282;Torremocha del Campo;8,54;36,25;19,79;0,88;19549,0;39,88;41,1;6,13;49,35;28,57;23,38;22,39;67,16;30,29;16,0;24,57;10,47;78,57;49,43
19286;Tórtola de Henares;24,18;10,22;19,6;1,86;16800,0;32,12;54,94;8,92;13,3;2,63;18,27;25,61;57,06;10,1;29,75;30,77;8,82;72,34;70,96
19287;Tortuera;12,36;27,64;16,56;0,88;13474,0;32,85;54,01;3,65;59,15;56,34;9,86;20,37;68,52;28,67;19,58;20,98;2,94;68,75;47,55
19290;Trijueque;13,88;13,26;35,42;0,91;14809,0;33,53;48,28;12,42;12,67;2,92;16,71;15,38;62,28;15,4;26,52;21,96;13,55;58,42;60,91
19291;Trillo;8,83;24,83;10,11;0,83;27179,0;36,13;50,35;5,91;11,3;0,93;23,68;34,03;57,58;14,67;23,94;34,35;7,93;69,16;53,02
19293;Uceda;17,66;12,66;18,48;0,86;18982,0;34,71;49,46;11,04;15,6;0,93;16,52;34,99;56,54;9,3;27,91;36,15;11,14;64,93;63,56
19298;Valdearenas;1,82;19,77;29,55;0,41;19866,0;31,43;50,0;8,57;17,65;2,94;26,47;25,81;54,84;16,85;22,47;32,58;12,82;53,12;44,32
19299;Valdeavellano;5,15;36,63;1,98;3,0;19966,0;20,65;66,3;6,52;34,04;6,38;21,28;37,78;48,89;9,78;18,48;33,7;15,69;82,69;55,43
19300;Valdeaveruelo;17,3;11,72;16,46;1,31;21017,0;34,55;51,4;10,02;17,01;0,64;20,03;33,56;50,0;6,58;29,76;37,51;8,11;67,57;64,55
19302;Valdegrudas;4,08;42,86;2,04;0,0;19966,0;30,61;53,06;6,12;43,48;34,78;30,43;43,75;31,25;28,0;10,0;24,0;8,33;91,67;48,0
19304;Valdenuño Fernández;15,12;15,84;15,79;1,14;17484,0;42,51;44,6;7,32;20,25;3,68;14,72;27,92;61,04;8,75;30,98;30,3;10,94;69,8;64,86
19305;Valdepeñas de la Sierra;8,27;37,87;8,0;0,74;18829,0;34,04;48,23;6,38;31,91;6,38;48,94;17,39;67,39;24,11;19,86;18,44;11,86;65,0;41,84
19308;Valfermoso de Tajuña;6,67;33,6;9,33;2,8;19966,0;18,18;59,09;12,12;22,58;9,68;29,03;18,52;55,56;21,74;23,19;27,54;9,68;70,0;44,93
19311;Valverde de los Arroyos;3,06;36,47;9,41;0,0;18939,0;27,27;55,68;6,82;31,82;9,09;22,73;26,19;52,38;18,89;31,11;28,89;4,44;89,58;50,0
19317;Villanueva de Alcorón;5,31;31,89;9,79;1,05;17127,0;29,2;56,2;7,3;32,73;27,27;10,91;28,0;60,0;27,08;20,83;22,92;8,96;70,93;46,85
19319;Villanueva de la Torre;18,42;9,04;11,49;0,73;18164,0;36,8;51,9;7,75;12,12;0,21;21,04;26,84;55,98;8,11;28,89;29,93;8,65;66,84;66,36
19321;Villares de Jadraque;5,91;55,45;27,27;2,33;18939,0;37,5;27,5;5,0;33,33;33,33;22,22;33,33;66,67;35,56;8,89;17,78;30,0;43,75;22,22
19324;Villel de Mesa;6,26;42,58;7,98;0,0;13162,0;30,19;54,09;2,52;36,36;21,82;36,36;17,39;67,39;25,62;14,38;16,25;3,64;67,09;34,38
19325;Viñuelas;1,77;43,09;2,76;0,0;19709,0;48,59;29,94;5,08;27,08;18,75;12,5;37,78;57,78;42,54;13,26;23,76;13,21;48,42;29,28
19326;Yebes;23,44;6,75;27,29;1,63;17101,0;38,48;48,57;11,0;9,03;0,41;15,01;28,63;55,45;7,24;29,31;39,08;8,13;69,76;72,04
19327;Yebra;11,27;23,27;20,61;0,91;16016,0;34,11;50,47;7,48;27,36;14,62;20,75;21,39;65,17;18,97;21,34;17,24;11,79;67,81;53,59
19329;Yélamos de Abajo;9,12;32,63;10,53;0,78;19866,0;32,08;39,62;9,43;27,27;9,09;0,0;52,63;47,37;22,22;16,67;29,63;3,7;76,47;50,94
19330;Yélamos de Arriba;8,25;28,66;13,4;1,27;19866,0;32,5;48,75;3,75;48,94;31,91;17,02;29,27;43,9;23,81;13,1;25,0;6,38;75,86;55,95
19331;Yunquera de Henares;20,34;11,66;24,93;1,24;14625,0;35,42;49,77;9,86;11,6;3,36;25,5;18,99;57,34;18,2;22,56;21,52;8,65;63,01;61,21
19332;Yunta, La;3,06;36,0;7,06;0,0;18848,0;32,94;45,88;9,41;63,64;43,18;6,82;16,67;70,0;22,47;28,09;22,47;2,27;86,0;50,0
19333;Zaorejas;1,37;37,44;8,55;0,78;21867,0;36,7;44,95;11,01;32,5;22,5;22,5;15,38;76,92;16,52;26,96;26,09;12,77;59,42;41,23
19334;Zarzuela de Jadraque;3,27;38,78;12,24;0,0;18939,0;29,41;50,98;7,84;28,0;8,0;20,0;12,0;60,0;25,0;26,92;15,38;17,39;70,37;44,23
19335;Zorita de los Canes;4,44;26,39;30,56;0,88;19966,0;25,0;41,67;16,67;50,0;21,74;34,78;15,79;68,42;22,22;19,05;22,22;10,81;67,35;58,73
20001;Abaltzisketa;13,88;17,25;10,31;1,12;23456,0;40,36;52,0;1,45;25,48;7,64;38,22;21,77;72,79;14,04;21,4;32,98;3,68;70,4;57,6
20002;Aduna;21,32;13,68;5,4;0,64;23610,0;35,61;57,32;3,28;21,32;1,16;33,72;29,6;62,4;5,37;18,54;43,41;3,4;74,85;66,25
20003;Aizarnazabal;19,93;16,06;13,63;0,81;20805,0;33,55;55,97;5,4;17,03;3,72;42,11;23,15;62,06;12,79;24,65;34,98;9,57;63,79;59,4
20004;Albiztur;22,38;16,28;5,18;1,4;22468,0;34,5;56,59;1,55;25,0;4,05;36,49;29,79;63,83;10,34;16,09;45,98;2,48;74,76;62,16
20005;Alegia;17,38;18,36;17,61;1,04;19818,0;39,4;48,94;4,39;16,22;0,94;36,06;27,23;56,17;15,55;21,87;35,87;9,16;64,04;55,08
20006;Alkiza;24,97;13,74;5,87;1,73;19874,0;39,27;49,82;1,82;24,84;5,59;42,86;26,97;59,21;13,07;19,79;39,58;5,85;70,61;61,73
20007;Altzo;19,02;16,47;4,25;1,56;23436,0;41,6;50,69;3,86;16,26;1,48;38,92;33,51;58,92;8,22;17,77;48,28;7,18;65,32;56,49
20008;Amezketa;17,38;19,6;7,34;1,42;22573,0;40,51;49,87;2,15;20,83;5,39;46,08;23,39;65,3;11,15;19,73;29,29;6,56;69,66;56,77
20009;Andoain;15,91;22,24;10,82;1,02;21089,0;34,06;52,31;5,33;13,73;0,32;30,77;31,59;54,53;12,94;21,92;39,03;8,51;69,01;55,49
20010;Anoeta;19,17;17,83;10,6;1,57;21248,0;34,2;55,07;4,19;13,2;1,8;35,62;33,07;54,05;8,53;18,66;44,13;8,14;71,67;60,49
20011;Antzuola;18,02;20,32;7,22;0,91;25993,0;32,65;55,59;3,74;33,72;1,37;47,36;36,44;53,58;13,92;18,52;48,18;6,44;72,69;58,21
20012;Arama;16,88;19,88;8,09;1,03;27989,0;33,56;57,05;3,36;25,0;7,14;36,9;48,75;46,25;12,9;20,65;47,1;1,2;70,69;55,33
20013;Aretxabaleta;17,0;21,1;9,43;1,13;24132,0;35,15;53,08;3,89;40,19;0,66;42,08;43,13;46,51;14,56;19,94;44,54;5,96;70,42;55,76
20014;Asteasu;17,47;15,78;9,97;1,16;21633,0;38,88;48,95;5,5;22,55;6,31;33,15;33,81;55,49;14,31;20,06;38,94;4,87;71,78;61,78
20015;Ataun;20,67;20,22;10,56;1,37;23013,0;39,33;48,19;3,92;21,3;5,26;35,55;38,05;50,87;16,01;20,32;42,03;5,75;69,92;55,3
20016;Aia;20,79;15,91;9,54;1,08;20948,0;37,22;51,6;4,91;23,57;9,57;26,53;30,7;57,39;14,3;17,93;41,83;6,77;72,32;62,41
20017;Azkoitia;18,71;18,58;13,8;1,23;23008,0;34,75;54,44;3,72;17,44;1,06;39,39;36,75;52,17;15,05;19,51;39,07;7,41;67,77;56,92
20018;Azpeitia;18,22;20,19;11,35;1,42;22698,0;35,55;53,61;3,18;19,09;1,54;37,83;36,31;52,57;14,26;19,29;40,83;7,17;69,16;56,32
20019;Beasain;17,8;19,87;16,55;1,25;23210,0;33,22;54,69;4,25;17,95;0,48;40,58;33,73;53,65;15,59;20,93;40,59;7,96;66,37;55,0
20020;Beizama;12,5;19,84;3,12;0,7;22892,0;45,54;46,43;3,57;37,5;9,38;26,56;40,32;54,84;8,77;14,91;43,86;5,63;77,91;63,39
20021;Belauntza;19,79;20,76;12,37;1,24;20071,0;35,11;51,56;4,89;26,79;2,68;40,18;30,28;62,39;13,81;18,41;35,98;5,26;72,0;56,84
20022;Berastegi;17,63;19,73;4,13;1,77;23720,0;36,64;53,64;2,96;17,3;2,19;37,38;34,39;57,17;5,19;17,63;40,56;4,68;75,25;58,24
20023;Berrobi;18,29;18,11;8,04;1,27;22119,0;32,83;53,91;5,22;16,19;1,8;36,69;29,34;53,67;11,63;22,2;33,62;5,99;73,76;60,55
20024;Bidania-Goiatz;18,76;16,43;6,02;1,62;21855,0;38,5;54,44;2,51;22,89;6,02;40,16;27,83;61,3;16,52;19,2;39,96;7,77;75,43;63,88
20025;Zegama;20,27;18,93;12,4;1,25;22997,0;32,89;55,76;3,4;23,39;3,15;41,59;32,02;55,36;11,27;21,04;38,77;6,44;68,34;56,19
20026;Zerain;16,84;26,53;5,61;0,92;26176,0;37,02;53,19;3,83;27,35;7,69;39,32;45,87;48,62;15,0;20,0;44,17;5,83;69,75;50,63
20027;Zestoa;18,84;17,29;13,02;1,47;20497,0;37,86;49,08;4,98;16,66;3,04;34,53;30,4;55,39;13,91;20,52;37,1;9,32;64,35;57,5
20028;Zizurkil;17,67;19,53;12,27;1,31;21450,0;35,98;52,91;3,83;13,71;1,86;33,38;31,04;54,47;14,93;19,74;37,67;7,49;67,5;56,29
20029;Deba;14,23;24,31;8,88;1,17;24112,0;35,71;52,59;3,62;20,31;2,18;30,65;40,55;49,85;12,32;20,23;49,55;6,83;73,08;54,87
20030;Eibar;16,13;23,36;15,97;1,28;22619,0;34,5;50,87;4,82;17,33;0,45;33,69;35,53;50,23;13,65;21,29;40,92;11,9;65,31;53,03
20031;Elduain;20,88;14,14;6,43;1,87;23572,0;35,96;51,23;4,93;16,67;2,5;36,67;33,33;51,35;6,73;16,35;48,08;8,63;74,27;67,48
20032;Elgoibar;17,26;21,39;15,78;1,2;23524,0;33,2;53,9;4,2;17,12;1,43;38,61;34,35;52,2;14,24;20,02;43,14;8,47;66,12;53,83
20033;Elgeta;19,42;17,42;9,44;1,31;23430,0;34,39;54,15;4,91;17,91;0,98;37,4;42,19;48,95;12,57;21,12;48,15;5,29;72,08;58,86
20034;Eskoriatza;15,58;20,77;11,96;1,01;22542,0;35,66;52,69;3,87;38,47;1,12;45,62;35,25;53,41;15,13;21,33;41,23;7,49;69,09;56,39
20035;Ezkio-Itsaso;15,82;22,96;8,22;1,06;24472,0;35,38;53,95;3,56;25,81;4,3;37,99;32,68;54,09;11,89;22,42;42,3;3,17;74,32;55,8
20036;Hondarribia;14,94;23,23;9,43;1,12;26642,0;35,14;51,7;5,98;21,78;1,39;17,61;45,23;45,85;10,1;21,99;49,73;7,25;68,23;52,6
20037;Gaintza;15,77;19,02;4,07;1,59;27975,0;38,68;56,6;2,83;27,59;5,17;31,03;49,09;40,0;12,04;14,81;53,7;3,12;78,48;60,38
20038;Gabiria;12,82;19,54;12,86;1,11;26383,0;35,99;55,35;2,05;30,68;1,2;41,83;35,02;55,27;7,19;19,17;50,98;3,61;76,5;61,28
20039;Getaria;17,31;17,82;14,14;1,63;24627,0;35,28;54,24;3,39;21,36;6,87;30,34;33,49;52,22;10,47;21,15;44,93;6,42;72,59;60,63
20040;Hernani;15,51;19,84;12,54;1,15;21144,0;37,43;49,33;5,33;14,96;0,78;23,9;34,71;52,13;10,62;24,37;43,03;8,15;70,57;58,35
20041;Hernialde;12,82;21,23;7,98;1,89;24291,0;36,2;57,35;2,15;26,95;2,84;32,62;28,89;62,22;14,58;22,22;39,93;3,27;69,48;53,68
20042;Ibarra;16,74;24,62;12,15;1,18;20640,0;34,31;53,33;4,11;14,64;0,87;33,35;30,68;54,58;13,52;20,54;39,1;8,52;69,95;53,08
20043;Idiazabal;18,83;22,4;7,98;1,12;25689,0;35,22;53,7;2,99;25,26;1,44;45,46;38,9;52,42;16,71;19,33;44,37;4,6;74,98;55,36
20044;Ikaztegieta;18,96;20,16;17,07;2,09;18712,0;39,25;53,0;3,25;15,3;0,55;39,34;30,46;52,3;13,88;22,82;38,35;13,7;62,58;52,39
20045;Irun;15,19;21,1;17,35;1,14;19932,0;35,05;50,44;6,6;16,09;0,37;20,55;30,81;56,03;11,43;24,83;40,52;10,52;65,19;54,54
20046;Irura;21,67;10,44;15,74;1,35;21755,0;36,65;53,54;5,59;15,17;0,53;35,93;33,44;54,17;7,57;21,22;48,45;6,63;71,42;67,61
20047;Itsasondo;20,76;15,12;18,6;1,43;19194,0;36,92;50,19;5,0;18,98;2,55;37,96;29,92;53,15;12,14;20,83;40,76;9,03;61,57;57,3
20048;Larraul;19,54;12,74;7,34;1,21;20775,0;45,75;47,64;2,83;24,6;3,97;22,22;51,24;40,5;11,47;19,72;40,83;6,47;69,15;64,35
20049;Lazkao;19,09;16,96;13,81;1,43;23332,0;33,35;54,5;4,75;20,28;0,94;43,55;33,52;56,37;13,61;19,47;42,57;6,33;68,89;58,81
20050;Leaburu;15,7;20,51;15,09;1,21;20010,0;36,36;49,22;6,9;21,18;2,35;37,06;19,88;68,32;16,37;18,45;33,93;10,33;63,22;55,59
20051;Legazpi;15,73;24,45;11,0;1,4;22547,0;32,35;54,48;3,99;20,87;0,67;40,22;36,36;50,54;17,07;19,04;38,06;8,27;68,65;52,14
20052;Legorreta;18,16;19,04;15,32;1,23;23034,0;36,86;50,3;3,79;17,14;0,32;35,24;33,99;53,14;19,61;21,56;36,63;8,1;64,73;55,03
20053;Lezo;15,48;18,85;8,78;1,03;20218,0;35,34;51,68;6,06;14,56;0,39;24,09;28,94;55,99;10,99;23,95;39,18;7,68;70,06;59,92
20054;Lizartza;18,73;18,97;16,4;1,63;20200,0;40,6;49,16;4,47;16,73;1,45;42,91;29,12;57,47;13,33;18,77;34,74;7,62;67,52;56,05
20055;Arrasate/Mondragón;15,36;23,63;15,84;1,21;23217,0;35,32;51,5;4,53;32,98;0,31;36,21;38,4;49,67;15,64;21,76;40,55;9,5;65,73;52,05
20056;Mutriku;16,15;21,24;9,42;1,07;21491,0;35,01;53,42;4,39;18,78;2,7;37,28;34,5;52,95;12,72;21,17;38,59;7,75;68,01;54,26
20057;Mutiloa;17,38;16,77;5,38;1,1;26068,0;41,71;49,29;0,95;28,46;0,81;40,65;35,9;52,99;10,09;19,72;44,95;4,69;68,93;58,99
20058;Olaberria;13,16;21,79;16,93;1,15;24695,0;35,13;51,07;4,27;19,28;2,31;40,1;29,32;52,05;14,47;20,45;36,48;8,88;64,21;53,28
20059;Oñati;18,24;22,2;10,98;1,35;25978,0;35,41;53,48;3,55;37,44;0,68;46,64;42,72;46,28;13,17;18,15;47,53;5,92;71,15;54,66
20060;Orexa;16,89;18,06;0,0;0,0;20255,0;43,48;50,0;2,17;22,45;16,33;22,45;31,91;65,96;4,21;20,0;44,21;3,77;69,86;56,38
20061;Orio;18,35;16,85;13,09;1,21;23308,0;35,15;53,09;4,84;18,01;0,94;29,6;35,67;52,66;8,68;20,47;45,12;6,76;69,07;59,09
20062;Ormaiztegi;19,69;20,68;13,01;1,8;26768,0;34,31;56,07;3,3;24,31;0,39;44,71;33,33;56,9;8,58;19,23;40,9;5,77;66,45;52,91
20063;Oiartzun;16,39;19,95;7,55;1,19;22889,0;37,0;51,52;4,85;18,14;1,27;23,11;38,65;50,41;9,82;22,31;45,0;6,53;72,2;58,85
20064;Pasaia;14,39;20,26;17,34;0,95;18923,0;38,15;45,79;6,42;13,32;0,57;19,49;27,34;54,93;12,33;25,35;34,53;9,42;69,15;57,4
20065;Soraluze-Placencia de las Armas;16,17;22,11;18,34;1,05;20232,0;35,03;51,31;4,93;17,44;0,63;41,49;27,63;55,84;19,17;20,24;34,72;12,5;61,64;51,94
20066;Errezil;18,31;16,89;7,28;1,29;20332,0;42,32;47,37;2,74;30,88;8,77;40,0;24,54;64,84;17,85;17,04;30,63;6,76;71,32;60,53
20067;Errenteria;14,49;22,21;13,82;0,89;19480,0;35,34;49,22;6,68;13,55;0,44;22,44;26,69;57,32;13,85;23,76;35,82;9,16;68,44;55,75
20068;Leintz-Gatzaga;13,01;22,72;10,19;1,17;26332,0;37,7;53,01;2,73;41,3;2,17;43,48;37,8;45,12;9,47;20,53;45,79;5,66;75,19;56,08
20069;Donostia/San Sebastián;13,92;23,41;15,51;1,06;27568,0;38,55;47,34;5,97;18,16;0,35;15,11;48,29;41,74;9,14;20,77;52,48;7,19;69,76;54,02
20070;Segura;20,38;18,66;12,32;1,08;23627,0;36,47;53,51;3,17;21,53;2,18;41,65;43,99;43,99;7,83;20,12;48,31;3,98;69,11;56,74
20071;Tolosa;16,77;21,02;13,9;1,27;23927,0;37,47;49,88;4,19;16,05;0,6;29,24;42,77;46,86;9,29;20,55;47,07;7,04;69,6;55,61
20072;Urnieta;15,21;17,23;10,52;1,0;21917,0;36,33;51,88;6,1;16,99;1,55;27,31;32,27;55,24;8,79;22,74;42,62;6,48;69,99;59,93
20073;Usurbil;17,29;18,01;9,2;1,15;22410,0;37,1;51,04;4,71;17,31;1,6;25,68;37,11;51,01;10,99;20,29;45,48;5,58;71,4;60,14
20074;Bergara;15,25;22,82;11,95;1,14;24886,0;34,44;52,72;4,15;25,04;0,88;37,62;39,6;48,84;14,32;18,57;45,54;7,22;70,05;54,22
20075;Villabona;16,28;20,45;14,91;1,0;20951,0;36,11;50,99;5,0;13,76;1,57;34,77;30,0;54,46;13,27;22,33;37,21;8,88;67,58;56,1
20076;Ordizia;19,26;17,82;21,72;1,52;22166,0;34,74;53,63;4,5;18,76;0,67;38,13;34,41;53,04;14,11;21,67;42,59;8,39;65,37;56,22
20077;Urretxu;15,13;21,39;10,13;1,0;22999,0;34,73;53,3;4,05;21,35;0,54;37,03;35,17;53,61;12,35;22,0;40,67;7,22;68,79;55,26
20078;Zaldibia;22,72;19,32;17,57;2,42;21244,0;35,22;55,87;2,38;22,22;2,56;42,59;33,08;56,95;16,37;18,43;41,35;6,51;69,51;55,45
20079;Zarautz;15,65;20,78;9,92;1,16;25362,0;37,0;51,18;4,79;19,41;0,94;26,02;44,2;46,07;6,17;26,18;51,08;6,1;70,27;56,24
20080;Zumarraga;15,43;23,06;12,49;1,14;21502,0;34,23;51,6;4,73;16,41;0,35;36,44;30,21;54,37;17,02;22,51;33,01;9,91;66,34;53,11
20081;Zumaia;17,68;19,53;9,21;1,06;24172,0;34,16;54,89;4,21;17,0;0,72;34,62;37,86;52,04;9,4;21,1;47,47;7,02;70,23;56,89
20901;Mendaro;19,38;16,35;14,77;0,86;21800,0;35,7;53,55;4,09;18,13;0,8;40,71;31,89;53,84;11,64;20,72;41,03;7,86;65,9;58,5
20902;Lasarte-Oria;15,16;22,44;14,75;1,14;20760,0;33,93;52,28;5,47;14,64;0,41;23,89;31,12;54,35;14,98;21,98;39,48;7,02;69,13;55,0
20903;Astigarraga;22,44;11,68;9,5;1,89;22800,0;35,11;54,47;5,85;16,29;1,04;22,36;37,99;52,3;6,29;21,82;53,19;5,29;78,43;70,09
20904;Baliarrain;29,34;8,82;6,58;2,41;21129,0;37,96;57,41;1,85;20,78;1,3;44,16;39,19;51,35;6,96;11,3;52,17;3,7;78,79;72,32
20905;Orendain;25,2;12,68;8,13;2,22;25117,0;39,34;48,09;4,92;20,93;9,3;24,81;40,32;47,58;9,9;16,15;47,92;3,76;80,5;70,37
20906;Altzaga;19,76;18,3;8,48;0,7;21565,0;41,43;50,0;4,29;33,8;1,41;36,62;37,88;53,03;10,42;20,14;45,14;2,63;67,89;53,15
20907;Gaztelu;21,74;16,63;6,98;1,69;23290,0;35,61;57,58;1,52;18,42;2,63;31,58;32,88;52,05;10,22;19,71;39,42;2,38;76,64;62,22
21001;Alájar;13,75;18,05;8,99;1,24;12348,0;42,16;44,08;6,8;24,35;7,78;21,85;22,39;61,19;13,78;24,29;26,14;26,23;50,66;52,36
21002;Aljaraque;20,76;11,41;6,19;1,12;18902,0;34,3;53,34;8,03;14,16;3,49;13,93;42,17;49,42;6,34;22,25;43,0;12,54;60,69;60,48
21003;Almendro, El;14,45;19,44;7,78;1,48;13397,0;36,89;47,71;7,35;12,78;20,83;23,72;20,39;57,24;16,82;16,15;20,96;17,22;57,57;53,16
21004;Almonaster la Real;10,4;23,41;4,32;0,82;15787,0;39,6;44,72;6,08;16,9;7,69;42,31;22,33;60,37;16,96;16,71;24,5;15,8;62,47;53,57
21005;Almonte;17,18;12,84;21,71;1,19;12002,0;38,56;46,62;9,28;17,93;36,39;11,21;16,67;50,17;30,88;15,12;15,99;14,62;50,88;49,96
21006;Alosno;15,04;21,2;8,2;1,23;12639,0;34,64;47,86;7,06;10,72;20,36;21,21;19,62;54,55;18,04;18,61;18,89;20,13;50,64;46,95
21007;Aracena;17,77;16,74;5,98;1,09;14458,0;37,07;47,35;8,5;22,34;4,95;18,71;32,94;57,23;12,82;20,38;31,15;15,37;60,86;57,55
21008;Aroche;13,57;19,47;3,67;0,96;11823,0;40,48;43,47;5,53;18,55;32,24;12,84;17,85;56,89;22,65;13,12;15,32;14,86;51,95;46,88
21009;Arroyomolinos de León;12,3;25,02;2,19;1,08;10634,0;37,7;46,39;6,49;27,41;23,4;15,5;20,66;59,02;13,58;12,5;16,11;22,12;61,06;53,83
21010;Ayamonte;16,51;16,7;17,49;1,21;13261,0;37,92;46,85;8,83;19,32;13,27;14,94;25,08;58,96;19,18;17,28;24,79;16,84;49,3;47,46
21011;Beas;16,2;19,79;5,99;1,27;14100,0;35,65;48,91;7,32;17,23;15,52;18,33;24,82;58,59;14,1;16,15;25,36;16,16;57,59;52,4
21012;Berrocal;5,21;32,68;5,99;1,26;17914,0;37,31;45,9;5,22;16,06;15,44;19,85;30,83;60,15;6,62;16,18;36,4;10,42;78,18;53,14
21013;Bollullos Par del Condado;17,26;16,43;12,1;1,21;12872,0;34,45;51,4;6,99;17,13;20,5;14,51;29,44;52,75;17,22;14,03;24,2;16,81;52,1;50,17
21014;Bonares;16,6;14,58;18,23;1,02;13081,0;34,51;52,47;5,83;18,65;35,65;15,44;19,35;48,37;21,35;15,23;19,76;10,66;55,75;52,09
21015;Cabezas Rubias;9,9;24,58;2,86;0,85;13222,0;42,59;40,74;5,56;12,13;23,43;15,06;16,59;58,52;16,26;17,79;14,72;13,68;59,55;47,09
21016;Cala;12,83;20,54;4,06;1,24;12529,0;31,39;52,35;6,13;21,25;19,25;14,75;23,24;60,31;17,76;15,17;18,46;23,19;54,82;53,24
21017;Calañas;16,06;20,51;2,84;1,22;14674,0;33,52;51,09;5,96;14,4;8,52;32,25;21,02;65,76;19,07;18,32;20,62;19,15;56,78;52,08
21018;Campillo, El;13,95;22,78;2,64;1,02;14727,0;33,47;49,08;7,05;10,66;13,16;18,82;20,52;58,14;13,62;18,44;25,28;17,51;62,36;53,77
21019;Campofrío;13,93;22,74;6,84;0,72;14091,0;37,0;46,69;8,4;16,8;11,76;23,53;26,61;54,44;18,04;18,5;22,32;18,89;55,74;50,55
21020;Cañaveral de León;10,77;24,21;2,05;1,02;11565,0;37,5;44,48;6,98;25,0;19,44;23,15;15,84;70,3;19,65;15,32;17,05;24,53;47,43;46,09
21021;Cartaya;19,47;11,82;24,0;1,38;13229,0;37,56;48,98;8,09;15,53;37,58;11,27;20,16;43,91;25,61;16,42;21,62;11,84;55,54;54,26
21022;Castaño del Robledo;6,67;22,31;12,04;1,4;16177,0;38,69;46,73;11,06;24,1;2,41;18,07;23,75;57,5;9,3;21,4;36,28;24,37;62,07;55,87
21023;Cerro de Andévalo, El;13,06;26,09;2,93;1,1;13586,0;32,39;53,55;4,67;19,28;13,59;29,36;19,84;62,73;21,38;15,74;22,27;17,91;59,41;49,02
21024;Corteconcepción;11,84;21,58;9,43;1,12;13525,0;37,6;44,11;8,74;21,7;5,66;18,87;30,88;50,0;15,18;20,62;30,35;17,03;59,79;54,33
21025;Cortegana;15,15;20,58;5,16;1,22;13698,0;36,01;48,8;6,95;18,6;9,75;24,72;26,69;59,72;19,27;19,22;21,77;17,11;57,37;51,1
21026;Cortelazor;11,58;22,11;5,59;0,84;13820,0;30,88;48,9;7,72;22,68;5,15;29,9;21,51;61,29;15,85;19,01;30,63;22,22;54,9;51,99
21028;Cumbres de San Bartolomé;6,05;31,53;1,98;1,67;13863,0;38,24;44,71;4,41;18,6;17,05;20,93;13,45;63,87;22,22;14,33;19,59;24,1;60,29;48,68
21029;Cumbres Mayores;13,22;22,99;3,22;1,15;13107,0;31,79;52,54;5,89;24,69;8,61;37,72;21,16;62,2;17,43;15,02;22,63;15,09;59,85;50,1
21030;Chucena;17,07;17,36;2,45;1,4;12054,0;37,39;49,11;5,35;18,48;22,94;14,44;20,2;55,58;17,24;16,19;19,39;14,53;54,19;49,65
21031;Encinasola;10,66;26,77;5,32;1,22;12754,0;39,53;44,31;4,26;27,05;16,92;26,37;19,69;64,77;19,97;16,54;18,88;19,64;51,59;42,39
21032;Escacena del Campo;18,98;17,28;4,22;1,45;11621,0;33,28;52,52;6,26;19,0;20,1;14,09;16,43;59,31;17,5;16,47;16,93;12,87;56,27;50,91
21033;Fuenteheridos;18,97;14,21;8,92;1,15;12814,0;41,92;42,81;9,28;23,49;6,4;18,18;27,97;59,09;11,4;17,6;30,16;19,9;56,68;57,23
21034;Galaroza;13,13;21,34;5,25;1,15;13072,0;34,56;48,45;8,37;20,23;5,01;29,87;22,98;60,48;13,41;14,55;25,59;18,49;56,77;51,4
21035;Gibraleón;17,81;15,42;9,79;1,28;12663,0;35,32;49,73;8,28;14,18;17,16;19,33;22,28;56,1;17,75;18,08;19,38;17,1;55,18;54,34
21036;Granada de Río-Tinto, La;13,11;23,32;7,66;1,37;12932,0;33,17;49,04;7,21;22,22;28,09;12,36;10,23;65,91;17,19;14,03;14,03;27,68;54,0;51,38
21037;Granado, El;9,46;27,0;11,04;1,11;14917,0;36,34;48,53;4,51;13,99;19,17;20,21;22,87;56,91;19,74;14,25;17,76;18,6;59,32;47,36
21038;Higuera de la Sierra;13,07;23,43;3,26;1,17;13376,0;35,31;47,96;8,05;20,42;11,81;22,57;22,47;64,98;17,66;16,28;22,25;18,21;59,36;52,06
21039;Hinojales;13,12;25,16;2,23;1,04;12526,0;32,17;51,05;6,29;33,06;15,7;23,14;31,58;52,63;19,24;15,46;23,71;21,33;59,3;51,9
21040;Hinojos;17,08;19,56;9,2;1,38;13815,0;31,8;51,36;9,09;13,91;16,86;29,07;20,27;53,69;17,12;16,16;21,59;12,35;59,57;51,1
21041;Huelva;16,75;18,09;10,24;1,09;15855,0;36,71;46,83;8,87;11,75;5,23;12,85;35,19;51,62;12,63;19,79;33,47;19,27;54,89;53,13
21042;Isla Cristina;17,21;14,53;12,16;1,15;11653,0;39,96;45,28;8,39;17,67;25,14;13,3;20,0;57,21;26,65;15,25;16,87;21,01;44,49;46,24
21043;Jabugo;15,26;18,45;3,52;1,27;14316,0;36,65;49,36;6,06;14,27;3,87;42,74;20,55;65,95;11,19;19,29;21,33;16,32;57,8;52,98
21044;Lepe;18,77;11,23;22,11;1,33;12289,0;39,3;47,95;7,6;17,59;32,49;11,58;18,96;49,38;25,99;15,05;18,04;14,53;50,29;51,71
21045;Linares de la Sierra;17,41;17,12;5,04;1,35;14517,0;38,2;45,92;9,01;16,94;8,13;24,39;31,4;54,55;7,26;20,94;32,48;24,11;59,12;60,26
21046;Lucena del Puerto;17,9;10,43;36,71;1,32;13701,0;41,07;48,25;5,88;18,11;64,13;7,2;10,63;39,3;33,4;11,45;11,21;7,11;52,4;49,05
21047;Manzanilla;14,69;18,96;3,22;1,37;11316,0;32,83;52,64;5,91;20,77;27,15;11,5;18,08;56,96;18,15;15,08;15,13;19,56;51,87;48,84
21048;Marines, Los;16,9;18,59;5,69;1,83;13774,0;33,89;51,54;7,56;22,39;5,26;19,55;30,3;55,3;11,51;21,92;26,58;19,32;49,82;48,62
21049;Minas de Riotinto;13,83;22,69;4,35;1,16;15841,0;35,23;48,08;7,89;8,99;11,77;20,47;26,77;54,21;10,18;20,64;31,36;19,99;58,31;52,14
21050;Moguer;16,56;11,01;33,21;1,03;13250,0;39,1;47,9;7,92;12,37;45,61;12,74;16,96;42,51;29,04;12,63;17,43;11,29;51,49;51,97
21051;Nava, La;12,15;26,25;9,82;1,37;13217,0;29,54;46,41;10,97;17,02;11,7;24,47;15,05;67,74;16,32;23,43;16,32;25,2;57,23;53,36
21052;Nerva;15,1;22,14;4,27;1,33;14142,0;33,44;48,56;7,51;12,55;13,06;22,6;21,1;58,62;15,75;18,04;23,79;21,19;56,02;50,87
21053;Niebla;17,07;16,62;9,21;1,15;12531,0;34,01;52,48;6,99;13,94;16,93;18,13;20,03;57,73;17,27;17,51;18,41;18,25;53,0;51,54
21054;Palma del Condado, La;19,05;15,7;7,58;1,28;13322,0;34,64;52,37;6,14;15,44;11,93;13,28;27,02;56,92;13,75;20,12;25,22;16,19;54,58;53,48
21055;Palos de la Frontera;18,97;10,07;25,63;1,37;16016,0;40,81;46,54;8,13;14,07;35,21;14,0;19,0;54,72;19,8;16,21;21,97;10,36;54,87;55,15
21056;Paterna del Campo;15,59;22,54;3,28;1,37;12233,0;33,19;52,24;5,9;20,26;25,67;11,92;22,27;52,0;19,06;14,95;19,09;15,04;56,59;47,51
21057;Paymogo;16,89;20,33;4,06;1,35;11955,0;34,58;50,91;6,39;15,13;33,33;16,15;17,43;49,87;21,02;13,95;15,82;19,92;57,26;51,99
21058;Puebla de Guzmán;15,25;21,38;6,31;1,1;13561,0;36,45;48,94;5,56;17,43;22,04;15,51;23,74;50,81;16,33;18,34;20,79;16,26;59,12;51,41
21059;Puerto Moral;17,53;10,76;4,73;1,28;13428,0;41,41;42,29;6,61;9,77;15,79;15,04;21,37;61,83;11,86;25,0;20,34;15,33;62,56;64,38
21060;Punta Umbría;14,64;17,77;6,43;1,11;15399,0;36,59;47,01;9,81;18,28;5,82;15,13;30,2;59,26;13,01;19,85;28,02;20,57;51,93;51,59
21061;Rociana del Condado;18,08;13,95;24,24;1,25;10658,0;36,31;49,68;7,08;14,28;47,33;12,13;12,3;43,26;34,96;12,27;13,93;13,68;47,4;46,52
21062;Rosal de la Frontera;14,84;21,12;11,47;1,13;12371,0;39,82;41,43;8,29;20,15;26,9;12,99;15,41;61,08;24,68;15,37;12,84;16,47;49,69;44,73
21063;San Bartolomé de la Torre;18,37;16,15;22,42;1,29;13251,0;36,66;51,97;5,43;13,25;35,24;18,83;19,54;46,86;21,03;15,47;19,99;11,74;55,78;52,01
21064;San Juan del Puerto;20,82;11,88;13,91;1,15;12812,0;35,27;50,36;8,63;11,4;17,42;15,53;22,4;55,87;15,23;18,51;21,79;15,08;54,33;55,96
21065;Sanlúcar de Guadiana;12,3;27,66;22,01;0,81;15545,0;35,42;48,51;7,74;21,77;11,29;16,13;30,0;54,17;15,9;21,02;33,42;19,33;48,79;40,87
21066;San Silvestre de Guzmán;12,33;23,54;15,41;0,77;13868,0;40,58;42,93;6,7;12,5;24,17;14,17;23,01;54,87;23,46;19,52;20,21;11,99;55,95;46,43
21067;Santa Ana la Real;9,91;22,31;5,77;0,28;14361,0;38,23;44,99;7,46;23,93;4,29;33,13;30,32;61,29;16,14;13,86;28,64;16,44;57,37;50,23
21068;Santa Bárbara de Casa;14,22;22,17;7,5;1,44;12083,0;36,56;47,66;5,7;17,2;37,93;15,38;15,8;53,41;24,36;13,21;12,52;14,54;51,73;45,08
21069;Santa Olalla del Cala;17,15;19,05;2,49;1,6;12364,0;30,34;55,24;5,5;23,86;23,66;16,62;19,89;59,68;17,59;17,65;20,59;17,52;59,22;53,95
21070;Trigueros;17,47;17,01;6,59;1,14;13573,0;33,84;51,53;6,99;16,06;11,67;20,41;24,89;59,85;13,35;17,24;24,89;15,68;57,62;54,43
21071;Valdelarco;12,2;22,74;2,9;1,29;14460,0;27,4;53,37;7,21;26,14;8,05;20,69;23,53;60,0;17,54;18,48;26,07;14,71;56,13;48,8
21072;Valverde del Camino;17,13;19,85;5,18;1,2;15213,0;32,29;52,79;7,08;16,29;5,3;26,7;32,32;58,6;11,61;17,87;30,65;14,67;62,19;55,49
21073;Villablanca;16,47;15,56;21,57;1,14;11522,0;41,91;44,59;7,17;18,61;40,59;12,77;15,75;50,1;27,79;15,09;15,66;11,76;53,72;49,05
21074;Villalba del Alcor;16,11;18,51;3,11;0,93;11118,0;36,31;49,96;5,26;19,93;15,75;17,06;18,19;63,8;19,08;15,75;17,77;19,32;52,09;50,46
21075;Villanueva de las Cruces;12,77;27,43;7,85;1,34;13742,0;27,69;54,77;4,31;17,61;15,6;14,89;16,18;58,82;21,6;14,79;15,68;10,0;59,47;44,51
21076;Villanueva de los Castillejos;15,92;17,34;17,1;1,22;13288,0;36,7;48,98;6,42;16,37;22,83;22,65;21,96;51,38;14,79;19,0;25,3;13,54;57,6;52,76
21077;Villarrasa;15,6;18,98;6,48;1,03;12508,0;36,27;48,64;6,86;19,49;22,01;19,31;22,92;52,68;18,63;16,83;17,63;16,08;55,14;50,24
21078;Zalamea la Real;12,81;23,98;3,83;1,28;14747,0;35,32;48,55;6,69;13,6;8,94;21,29;28,98;55,57;16,71;18,02;28,71;17,91;60,5;51,28
21079;Zufre;13,9;24,96;5,01;1,33;12621,0;30,11;56,01;4,21;21,8;20,75;17,36;24,03;54,65;15,57;15,11;20,92;18,67;58,01;48,62
21902;Zarza-Perrunal, La;10,08;24,72;2,45;1,65;14598,0;33,02;48,66;4,72;7,94;7,94;29,28;16,15;66,15;15,19;16,74;17,38;18,98;57,86;48,53
22001;Abiego;9,5;26,18;5,79;0,8;19449,0;36,4;43,93;7,53;36,84;20,3;18,05;41,67;48,33;12,76;24,28;36,63;4,93;81,82;59,17
22002;Abizanda;9,57;22,11;28,57;0,42;19660,0;34,07;51,85;7,41;36,36;15,15;19,7;29,69;60,94;15,79;25,0;38,16;6,85;62,96;48,03
22003;Adahuesca;19,08;23,67;5,61;1,4;16952,0;33,53;56,29;3,59;36,78;17,24;18,39;43,9;43,9;8,33;26,19;46,43;1,11;81,65;53,57
22004;Agüero;6,67;35,69;6,94;1,0;19336,0;31,25;44,53;9,38;24,24;12,12;16,67;29,03;50,0;19,55;18,8;28,57;1,59;79,49;47,73
22006;Aisa;9,3;26,3;10,09;0,72;21549,0;36,71;52,8;4,9;22,62;7,14;8,33;35,62;55,0;4,45;23,63;39,38;2,01;71,92;51,2
22007;Albalate de Cinca;14,73;21,66;25,74;1,43;15908,0;33,85;54,52;4,26;23,28;25,57;29,77;19,47;61,89;19,79;25,48;22,39;5,23;74,72;54,2
22008;Albalatillo;13,0;24,66;35,43;1,67;15690,0;30,68;52,27;7,95;30,43;44,57;10,87;18,6;53,49;21,03;21,54;22,05;2,11;68,38;48,72
22009;Albelda;13,01;30,59;11,28;1,24;16659,0;32,91;49,12;5,46;32,18;20,76;23,88;33,83;57,25;16,54;23,71;25,9;5,45;71,6;48,83
22011;Albero Alto;15,28;23,25;8,13;1,94;22631,0;39,81;43,52;6,48;32,76;24,14;10,34;41,51;45,28;11,82;33,64;35,45;6,06;82,67;60,0
22012;Albero Bajo;14,86;23,3;1,83;0,39;21162,0;32,32;44,44;15,15;28,07;22,81;17,54;33,33;64,58;9,9;26,73;33,66;3,51;80,88;57,58
22013;Alberuela de Tubo;5,19;33,63;6,3;0,17;18917,0;33,85;51,36;4,67;39,73;32,88;9,59;22,4;72,0;4,17;25,38;27,27;1,34;93,63;56,44
22014;Alcalá de Gurrea;6,36;31,67;19,7;0,7;21524,0;29,91;54,46;4,46;30,69;19,8;22,77;30,68;62,5;13,78;24,8;26,38;2,7;67,5;43,7
22015;Alcalá del Obispo;10,86;30,3;11,17;1,18;18606,0;29,76;58,63;5,95;33,94;24,85;13,33;26,14;64,05;17,35;19,71;23,53;7,26;71,86;52,96
22016;Alcampell;8,8;37,84;8,64;1,13;16088,0;29,17;51,91;5,03;38,53;20,87;24,78;25,81;64,52;18,55;20,24;24,45;7,87;69,23;43,34
22017;Alcolea de Cinca;14,89;22,06;19,07;1,43;16598,0;33,93;53,81;4,23;31,97;26,35;25,7;25,71;60,61;25,25;20,59;23,94;5,88;68,7;53,83
22018;Alcubierre;10,23;33,73;13,78;1,75;16808,0;32,18;47,99;6,03;35,83;30,48;14,44;20,12;66,86;25,28;21,39;20,56;4,12;84,16;54,34
22019;Alerre;15,8;28,84;6,25;2,47;24081,0;30,41;54,64;6,7;22,58;6,45;23,66;47,19;50,56;6,19;18,04;55,15;5,0;80,51;51,55
22020;Alfántega;9,53;28,91;13,28;1,59;16421,0;26,27;54,24;8,47;10,71;7,14;39,29;22,22;70,37;20,83;20,0;25,0;10,34;66,67;48,33
22021;Almudévar;16,49;23,05;10,65;1,35;17675,0;32,13;52,57;6,22;21,51;12,78;20,68;29,86;56,29;16,04;25,18;26,75;6,39;74,15;57,5
22022;Almunia de San Juan;15,5;23,55;11,8;1,45;19866,0;35,09;49,09;7,91;20,41;8,28;35,5;28,39;57,73;8,83;25,04;30,82;5,08;74,83;57,37
22023;Almuniente;11,78;31,42;8,67;0,81;16694,0;28,93;55,61;6,48;29,13;29,76;21,95;22,8;63,73;16,5;20,15;19,9;4,82;85,43;55,88
22024;Alquézar;10,09;26,03;22,15;0,96;19519,0;38,65;43,26;9,22;40,74;9,26;16,67;27,45;56,86;13,44;23,61;38,03;4,82;79,0;54,97
22025;Altorricón;15,32;20,47;25,47;1,53;17438,0;34,92;49,79;5,59;24,78;34,84;23,91;20,25;57,65;21,95;21,25;23,04;5,2;71,15;57,88
22027;Angüés;7,51;26,25;13,18;0,41;17295,0;35,65;49,55;5,44;24,84;13,66;22,98;26,8;60,78;15,94;21,74;29,28;12,11;72,93;56,38
22028;Ansó;9,34;33,35;6,36;1,47;18735,0;35,85;47,17;5,12;41,9;9,5;20,67;31,76;63,53;13,76;21,43;37,83;3,63;80,17;51,19
22029;Antillón;11,5;34,8;7,09;0,82;18574,0;26,09;60,0;4,35;52,73;38,18;5,45;32,61;63,04;5,17;26,72;26,72;3,57;80,6;48,7
22032;Aragüés del Puerto;6,02;27,32;7,32;0,23;20376,0;36,45;42,99;6,54;22,81;5,26;22,81;29,41;56,86;10,09;32,11;30,28;8,33;68,75;55,56
22035;Arén;11,21;27,75;20,52;0,74;18134,0;40,23;45,21;5,75;38,76;30,23;14,73;24,39;66,67;18,6;24,91;29,47;8,16;75,0;51,76
22036;Argavieso;17,61;31,56;10,09;2,19;17849,0;27,96;51,61;9,68;35,56;26,67;26,67;30,77;53,85;22,45;19,39;20,41;6,12;79,31;51,04
22037;Arguis;14,88;18,57;5,36;1,75;30249,0;30,0;59,29;6,43;30,68;3,41;7,95;55,17;42,53;3,55;15,6;64,54;4,44;81,9;63,83
22039;Ayerbe;12,03;27,5;10,56;0,8;17555,0;39,66;43,09;7,72;24,18;7,04;19,25;32,43;57,43;12,27;24,84;30,56;7,97;68,7;50,05
22040;Azanuy-Alins;11,52;32,61;7,07;1,88;16803,0;29,81;52,17;5,59;27,85;15,19;25,32;32,86;51,43;19,02;20,86;33,74;5,95;80,61;51,53
22041;Azara;10,3;29,22;2,4;0,54;17277,0;37,33;49,33;2,0;25,33;16,0;26,67;25,0;70,83;11,84;19,74;30,26;3,9;72,55;50,99
22042;Azlor;13,03;23,61;12,9;0,41;17191,0;36,3;49,63;5,19;30,56;19,44;20,83;33,85;53,85;14,18;24,11;32,62;7,04;64,08;51,08
22044;Bailo;8,59;29,89;8,37;0,64;20150,0;41,32;43,39;3,72;34,07;16,3;25,19;31,2;54,4;12,4;24,4;36,8;5,22;80,38;54,47
22046;Ballobar;12,87;28,48;11,72;1,05;16358,0;32,54;54,58;2,52;23,16;25,45;29,77;20,32;64,44;18,21;23,41;21,85;5,91;77,02;53,14
22047;Banastás;15,67;20,77;8,01;1,0;26141,0;28,37;58,87;7,8;19,31;2,07;17,93;59,12;36,5;5,54;22,49;52,25;5,37;65,89;52,84
22048;Barbastro;17,25;19,19;19,98;1,32;17786,0;35,1;49,49;7,53;15,08;4,89;24,49;32,95;53,09;14,43;23,78;32,6;8,27;66,4;55,83
22049;Barbués;11,55;22,68;10,31;3,82;20354,0;32,56;47,67;10,47;45,65;45,65;15,22;7,89;81,58;16,28;26,74;22,09;2,13;75,41;54,65
22050;Barbuñales;3,44;44,73;5,38;0,0;20699,0;29,89;48,28;9,2;36,59;12,2;26,83;35,0;57,5;22,58;15,05;32,26;0,0;86,67;42,39
22051;Bárcabo;5,34;39,66;20,69;2,15;21103,0;33,66;53,47;3,96;38,46;13,73;25,49;36,96;58,7;13,91;24,35;40,87;6,0;79,66;43,48
22052;Belver de Cinca;13,82;23,64;25,08;1,69;15732,0;37,25;49,36;4,22;30,6;42,08;16,76;17,07;56,63;24,76;17,06;14,72;4,28;69,01;51,18
22053;Benabarre;14,62;27,38;20,86;1,39;16158,0;31,88;48,54;8,02;22,18;23,76;19,01;17,98;67,15;16,82;25,91;24,73;6,05;74,07;53,49
22054;Benasque;16,37;11,16;17,08;0,93;22302,0;45,96;42,28;7,77;21,43;0,89;12,06;39,89;50,16;4,4;28,75;46,31;1,7;76,14;67,0
22055;Berbegal;6,6;29,03;7,79;0,95;19586,0;34,24;48,47;4,75;35,95;28,76;26,14;22,46;65,22;16,88;26,3;28,25;4,73;79,7;55,59
22057;Bielsa;10,71;23,1;14,85;1,42;22329,0;35,92;48,06;7,28;24,88;4,61;17,05;32,23;51,66;8,31;28,76;42,47;5,49;71,57;53,62
22058;Bierge;8,3;25,98;13,28;0,17;20100,0;38,1;45,71;8,57;40,54;9,91;18,02;40,38;51,92;8,07;25,11;34,08;2,73;68,59;50,23
22059;Biescas;13,24;19,33;15,74;0,87;21383,0;40,72;44,16;7,6;24,69;3,12;18,2;30,81;58,75;10,86;23,44;42,25;4,98;72,16;58,87
22060;Binaced;15,45;20,21;26,01;1,33;18247,0;36,81;50,82;4,32;26,51;30,49;29,26;22,79;57,72;21,64;21,15;21,92;4,77;66,79;54,89
22061;Binéfar;17,89;17,56;27,81;1,46;17926,0;33,31;52,89;6,24;17,37;8,34;38,55;25,0;57,97;21,13;21,36;27,09;5,42;69,68;58,28
22062;Bisaurri;8,3;32,73;4,55;0,56;22726,0;40,36;39,16;10,84;38,95;17,89;23,16;32,95;53,41;16,67;16,07;44,05;0,0;83,84;49,4
22063;Biscarrués;5,37;31,26;10,0;0,58;19521,0;34,48;43,68;12,64;25,0;16,3;11,96;40,23;52,87;13,19;26,92;36,26;3,16;78,63;52,49
22064;Blecua y Torres;5,49;29,26;6,86;0,47;21377,0;38,79;43,64;6,67;34,07;30,77;14,29;26,25;60,0;12,73;18,79;40,61;1,14;76,99;53,33
22066;Boltaña;13,38;18,15;16,87;0,97;19667,0;43,4;42,23;8,62;27,77;5,03;14,29;33,4;54,97;8,15;25,97;41,04;8,56;68,77;57,78
22067;Bonansa;11,53;21,65;8,24;0,41;18432,0;41,67;48,61;4,17;34,15;17,07;9,76;34,15;58,54;5,26;30,26;46,05;4,55;73,68;58,67
22068;Borau;5,19;30,65;6,49;0,0;22975,0;41,77;43,04;8,86;45,45;11,36;15,91;27,5;57,5;8,75;26,25;41,25;2,13;102,22;58,75
22069;Broto;13,61;18,18;20,1;1,25;18351,0;41,12;43,31;7,98;41,4;15,44;10,53;26,37;62,64;8,61;32,42;32,23;6,42;66,59;54,71
22072;Caldearenas;10,18;31,53;9,01;1,3;22161,0;40,39;46,31;5,42;26,37;14,29;28,57;30,23;59,3;11,9;29,52;36,19;7,07;77,97;47,37
22074;Campo;13,02;19,68;23,99;1,41;19000,0;38,11;48,3;5,83;28,57;6,4;19,21;37,44;49,23;12,39;25,92;37,16;5,73;64,65;52,18
22075;Camporrélls;9,08;35,13;19,74;0,93;14778,0;34,59;41,35;11,28;32,2;25,42;10,17;16,36;60,0;15,07;23,29;27,4;5,97;77,78;46,21
22076;Canal de Berdún;7,41;35,76;10,28;0,8;17956,0;39,33;48,67;4,0;43,33;22,67;17,33;24,81;63,91;16,45;22,26;28,39;3,8;87,36;51,3
22077;Candasnos;9,89;25,14;23,58;0,89;21919,0;33,33;51,64;3,28;44,95;38,99;13,76;11,54;75,27;25,13;21,28;17,44;4,09;68,73;58,2
22078;Canfranc;9,87;14,3;20,89;0,28;21849,0;49,91;35,4;8,85;18,07;0,31;11,25;31,37;57,52;7,94;32,45;38,8;4,45;66,53;59,96
22079;Capdesaso;7,6;21,46;31,77;0,8;18470,0;38,71;50,0;4,84;36,36;39,39;16,67;13,11;59,02;28,8;27,75;16,75;19,23;46,67;41,27
22080;Capella;12,07;27,77;18,72;0,86;21829,0;33,11;54,3;3,64;30,06;26,54;19,75;22,22;71,9;21,14;17,98;32,49;4,17;74,54;53,67
22081;Casbas de Huesca;6,83;32,33;9,06;1,8;16960,0;30,74;55,19;4,81;39,31;24,83;20,69;28,46;56,15;15,47;22,3;32,37;4,08;83,43;52,88
22082;Castejón del Puente;15,1;24,29;12,26;2,29;19519,0;38,49;42,61;8,25;17,91;13,43;20,15;28,93;57,85;8,11;20,95;34,12;8,67;64,93;51,02
22083;Castejón de Monegros;5,81;35,59;9,39;0,11;18784,0;31,26;53,79;2,53;35,71;30,14;17,22;19,27;61,46;21,88;20,31;25,45;3,59;81,13;50,34
22084;Castejón de Sos;13,65;16,67;17,03;0,91;20193,0;44,41;41,93;7,17;20,33;3,04;13,55;40,45;47,74;8,32;28,09;44,08;3,94;74,66;60,45
22085;Castelflorite;7,06;39,61;5,88;1,75;20102,0;30,21;48,96;3,12;52,38;50,0;4,76;25,0;64,29;29,9;13,4;31,96;2,13;85,19;48,96
22086;Castiello de Jaca;13,93;19,21;7,86;1,69;23126,0;36,52;50,0;8,7;28,91;7,03;5,47;45,16;49,19;5,04;25,21;46,64;7,33;75,14;63,83
22087;Castigaleu;16,75;21,75;20,0;4,38;18432,0;29,41;61,76;1,47;41,46;43,9;9,76;21,62;67,57;21,62;22,97;28,38;0,0;82,0;55,41
22088;Castillazuelo;10,24;30,48;5,95;0,78;18017,0;34,64;43,79;5,88;29,58;11,27;29,58;37,88;46,97;12,9;25,81;38,71;6,82;82,83;56,77
22089;Castillonroy;12,15;26,25;14,45;1,48;16069,0;34,04;50,0;9,22;42,25;30,99;19,72;17,69;71,54;11,33;19,0;18,67;9,49;68,42;53,38
22090;Colungo;10,71;29,76;16,54;1,05;15282,0;27,43;52,21;11,5;49,02;13,73;27,45;24,49;61,22;14,05;25,62;24,79;10,34;68,42;49,15
22094;Chalamera;10,59;28,74;15,97;0,33;15258,0;45,45;43,64;1,82;41,38;36,21;10,34;17,65;68,63;20,34;19,49;21,19;10,77;81,69;55,56
22095;Chía;14,89;20,67;5,56;1,17;18432,0;39,24;34,18;10,13;23,91;10,87;10,87;46,67;46,67;15,85;31,71;40,24;2,04;80,0;61,25
22096;Chimillas;13,91;18,97;4,18;0,54;24613,0;32,68;56,62;4,23;20,19;4,33;19,23;44,1;50,77;5,54;28,25;45,71;5,0;75,45;61,8
22099;Esplús;13,04;24,12;16,74;1,36;16828,0;36,76;49,19;5,05;23,49;21,0;24,91;25,86;55,51;29,08;20,41;22,79;9,22;60,95;48,12
22102;Estada;9,02;32,28;11,16;2,0;18289,0;34,2;51,3;3,63;21,25;17,5;23,75;20,78;61,04;18,69;17,17;26,77;14,89;66,12;47,96
22103;Estadilla;12,57;26,79;9,26;1,3;19828,0;31,02;52,55;6,37;25,33;13,6;18,93;35,41;56,66;13,11;22,13;34,84;6,37;78,12;56,28
22105;Estopiñán del Castillo;13,56;23,42;23,97;1,27;16418,0;45,79;36,45;6,54;36,0;30,0;18,0;19,57;63,04;13,82;26,02;33,33;6,25;63,83;52,89
22107;Fanlo;10,27;28,67;11,5;1,56;19841,0;31,07;52,43;8,74;35,85;13,21;18,87;31,25;56,25;13,08;28,04;29,91;4,0;75,0;46,73
22109;Fiscal;12,66;21,21;13,97;1,17;20680,0;37,07;48,6;7,17;32,98;11,7;18,62;35,52;54,1;8,77;24,56;42,98;6,4;78,51;59,71
22110;Fonz;10,74;28,71;13,54;1,28;17750,0;31,64;51,08;5,21;29,97;20,93;23,77;28,3;59,57;21,19;18,27;29,84;7,09;73,05;52,09
22111;Foradada del Toscar;9,69;30,43;13,5;0,84;17705,0;33,79;54,48;4,14;47,83;24,64;14,49;42,42;56,06;24,34;22,37;34,87;0,0;72,63;45,39
22112;Fraga;18,71;16,22;25,31;1,49;17336,0;33,89;53,04;6,05;17,43;17,54;26,76;23,07;58,09;21,45;20,24;22,26;5,01;66,8;55,99
22113;Fueva, La;15,31;26,58;9,93;0,64;17175,0;35,38;53,27;5,19;39,13;17,75;19,57;29,39;62,6;14,02;24,67;37,01;5,56;77,49;54,14
22114;Gistaín;10,7;38,77;1,75;1,62;15079,0;41,12;44,86;3,74;45,95;2,7;35,14;16,22;75,68;21,5;16,82;16,82;5,26;64,29;35,51
22115;Grado, El;8,01;33,3;13,09;1,67;19440,0;33,33;47,13;8,33;26,47;7,06;19,41;26,54;62,35;17,8;22,32;29,66;9,6;74,42;50,0
22116;Grañén;14,58;23,6;19,16;1,32;16552,0;33,01;49,83;5,67;27,78;22,75;22,88;18,5;69,07;18,74;20,35;18,74;8,59;69,69;55,1
22117;Graus;14,47;22,58;19,99;1,16;17502,0;35,14;48,51;6,51;23,7;9,45;19,88;28,13;59,48;18,66;25,19;30,19;5,5;70,14;54,11
22119;Gurrea de Gállego;11,29;31,97;9,1;1,39;17183,0;28,71;50,99;7,69;23,55;17,81;27,57;23,15;61,3;14,44;20,34;23,37;4,21;75,87;48,2
22122;Hoz de Jaca;3,41;28,29;0,0;0,7;22975,0;35,53;55,26;2,63;25,0;7,5;32,5;41,03;51,28;6,49;20,78;55,84;2,38;74,55;54,55
22124;Huerto;9,49;25,12;17,67;0,9;16346,0;33,5;50,76;7,11;43,56;41,58;18,81;21,43;64,29;15,12;22,44;30,73;11,86;73,24;58,13
22125;Huesca;17,43;19,8;19,12;1,25;18938,0;36,19;47,65;8,35;13,23;3,25;15,42;37,38;51,31;14,76;21,68;36,43;7,71;66,74;55,02
22126;Ibieca;7,93;35,14;6,31;0,88;22604,0;31,63;53,06;5,1;23,91;32,61;15,22;27,27;63,64;22,77;12,87;43,56;4,26;71,43;47,47
22127;Igriés;19,15;13,11;8,92;0,82;25893,0;37,1;51,25;6,99;19,61;6,63;12,43;37,98;54,6;6,98;27,14;42,22;3,84;72,87;63,89
22128;Ilche;2,89;35,72;5,88;0,52;22438,0;30,56;48,33;6,67;47,0;40,0;18,0;34,62;53,85;18,28;24,73;30,11;5,0;86,36;54,05
22129;Isábena;6,72;29,36;26,81;0,67;15626,0;35,27;48,79;8,21;40,68;17,8;16,95;24,56;61,4;14,35;28,25;30,04;2,61;76,19;52,04
22130;Jaca;16,34;18,1;17,73;1,21;19293,0;39,31;45,4;7,67;16,89;1,96;12,18;32,84;55,87;9,64;25,85;38,7;6,0;69,39;57,73
22131;Jasa;8,89;28,44;1,11;0,0;22975,0;26,74;61,63;4,65;36,96;10,87;26,09;31,11;57,78;10,23;19,32;30,68;4,65;71,93;49,43
22133;Labuerda;13,98;20,57;26,14;0,92;19436,0;37,32;47,89;8,45;38,67;10,67;20,0;22,67;68,0;14,47;28,29;36,18;3,66;70,54;54,3
22135;Laluenga;10,55;30,65;9,95;1,31;17108,0;30,27;53,51;4,86;47,67;39,53;13,95;31,88;52,17;18,52;22,22;29,1;2,97;84,48;53,72
22136;Lalueza;8,94;33,92;11,67;0,91;17525,0;33,0;48,93;6,52;36,46;28,86;14,68;23,73;65,54;15,72;22,52;22,4;2,92;84,0;50,93
22137;Lanaja;9,55;29,17;10,87;1,38;18115,0;33,69;48,62;5,4;27,47;27,33;20,04;24,13;64,13;19,91;24,27;22,37;9,12;72,4;51,24
22139;Laperdiguera;3,68;37,24;10,34;0,0;20699,0;29,76;51,19;7,14;39,53;32,56;16,28;41,67;47,22;15,29;23,53;30,59;2,63;75,51;44,71
22141;Lascellas-Ponzano;10,72;25,94;2,9;0,82;18709,0;35,43;48,03;7,09;44,26;27,87;19,67;23,64;65,45;13,28;25,78;38,28;5,71;77,65;55,12
22142;Lascuarre;14,96;31,22;12,23;1,52;15554,0;34,23;50,45;3,6;46,67;31,67;18,33;24,53;62,26;13,91;19,13;33,91;1,75;78,87;49,57
22143;Laspaúles;9,8;23,92;19,61;0,37;17623,0;39,63;45,62;5,53;35,19;15,74;11,11;36,19;59,05;16,67;29,91;32,91;7,56;65,87;51,07
22144;Laspuña;10,75;30,54;10,04;0,74;18084,0;38,21;47,56;6,1;32,17;13,04;19,13;25,45;60,91;14,9;18,82;38,43;3,97;74,23;50,4
22149;Loarre;5,21;30,31;5,04;0,24;19415,0;37,46;47,73;5,74;29,11;18,99;22,15;32,41;58,62;13,69;22,62;33,33;3,64;71,3;49,25
22150;Loporzano;9,79;29,34;5,56;0,87;22505,0;34,18;54,1;5,66;32,75;16,55;15,85;40,84;52,67;11,49;23,75;41,38;4,93;78,26;54,72
22151;Loscorrales;15,71;20,41;4,08;1,75;16068,0;37,5;44,32;9,09;20,93;11,63;13,95;22,5;65,0;10,23;29,55;29,55;11,54;73,02;59,09
22155;Monesma y Cajigar;2,94;33,82;16,18;0,0;18432,0;40,91;43,94;6,06;56,67;46,67;16,67;23,08;76,92;25,37;19,4;34,33;6,06;79,49;49,25
22156;Monflorite-Lascasas;23,54;12,11;12,66;1,56;19456,0;30,43;58,84;6,09;20,56;9,35;19,63;32,5;59,0;6,84;30,79;38,68;4,72;71,38;62,13
22157;Montanuy;4,43;28,09;10,87;0,68;23009,0;46,26;36,45;6,54;45,31;31,25;11,72;33,88;55,37;16,89;23,29;35,16;2,38;84,25;58,06
22158;Monzón;18,87;17,01;23,93;1,47;16758,0;32,39;51,81;7,81;14,65;5,9;34,16;28,83;57,26;18,14;21,23;28,74;8,96;63,31;55,65
22160;Naval;15,34;23,44;12,9;1,37;15957,0;37,34;49,36;4,72;23,42;14,41;18,92;21,5;69,16;12,45;27,39;30,29;5,88;67,07;49,79
22162;Novales;10,06;25,03;18,71;0,38;24052,0;34,97;51,05;4,9;30,95;19,05;14,29;23,38;67,53;13,61;25,17;33,33;0,0;83,84;56,85
22163;Nueno;16,44;22,93;7,16;1,38;28284,0;32,22;57,53;7,32;30,94;11,15;10,79;49,42;47,08;6,57;18,48;54,0;3,55;77,71;58,63
22164;Olvena;15,87;40,63;1,59;1,08;20699,0;35,71;46,43;10,71;40,0;28,0;36,0;8,7;82,61;17,54;28,07;24,56;4,55;70,0;39,29
22165;Ontiñena;8,47;28,96;13,25;1,03;16070,0;32,46;54,39;3,73;33,62;31,44;17,9;19,91;65,88;24,95;15,3;21,59;4,2;76,51;50,32
22167;Osso de Cinca;10,93;24,4;26,2;1,47;16058,0;37,5;49,48;3,12;36,79;48,83;19,4;14,96;60,22;27,53;19,24;14,76;2,61;70,52;51,08
22170;Panticosa;12,54;15,73;7,4;1,12;23694,0;46,62;38,0;8,88;27,61;1,64;11,86;35,82;57,14;5,02;30,64;43,01;1,81;74,58;61,16
22172;Peñalba;9,84;22,48;26,57;0,91;19292,0;34,63;50,18;4,42;32,91;42,81;18,85;22,79;58,46;23,89;18,99;24,2;3,8;66,38;48,77
22173;Peñas de Riglos, Las;6,84;27,6;6,84;0,44;20268,0;39,0;46,47;7,47;29,75;9,92;29,75;28,7;55,65;13,55;22,31;35,86;5,51;73,62;51,0
22174;Peralta de Alcofea;8,34;31,83;19,55;0,7;19735,0;30,17;51,26;6,19;37,88;30,3;21,21;23,63;59,92;12,45;26,19;27,66;5,45;76,7;50,83
22175;Peralta de Calasanz;8,68;30,05;10,73;0,45;17846,0;32,98;48,69;9,95;26,67;26,67;17,78;25,0;57,14;15,08;20,6;34,67;5,56;68,55;45,92
22176;Peraltilla;14,91;23,58;4,72;0,98;19136,0;28,96;52,46;7,1;22,22;6,06;21,21;38,46;52,75;10,22;17,2;38,17;4,85;76,56;55,68
22177;Perarrúa;12,93;29,14;11,21;3,06;19844,0;29,03;51,61;7,53;34,09;6,82;20,45;23,81;66,67;17,53;23,71;42,27;4,35;68,75;47,42
22178;Pertusa;6,98;33,18;10,08;0,47;18760,0;38,21;47,97;3,25;28,36;22,39;19,4;12,9;70,97;17,32;25,2;25,2;4,41;84,42;54,4
22181;Piracés;8,79;29,23;6,59;0,7;20354,0;39,29;42,86;4,76;38,64;38,64;9,09;28,12;53,12;15,29;25,88;30,59;2,22;78,57;53,57
22182;Plan;12,12;28,69;6,57;1,19;17013,0;42,57;43,78;5,22;35,65;11,3;20,0;34,86;56,88;14,67;20,46;32,05;8,13;68,9;47,86
22184;Poleñino;8,09;34,54;9,29;0,32;19501,0;25,7;62,01;4,47;43,33;40,0;20,0;25,0;66,67;11,54;25,27;24,18;2,0;97,03;55,25
22186;Pozán de Vero;18,33;26,78;7,49;1,47;15734,0;30,05;48,7;9,33;24,44;16,67;22,22;30,0;56,25;14,43;22,89;29,35;11,11;70,97;50,0
22187;Puebla de Castro, La;14,43;18,92;12,41;1,66;19726,0;33,06;52,03;7,05;23,81;7,41;21,16;40,86;43,01;9,04;20,74;40,69;10,05;68,88;58,87
22188;Puente de Montañana;5,98;33,79;17,24;0,82;18432,0;25,3;45,78;13,25;45,16;29,03;12,9;34,48;55,17;20,22;23,6;30,34;18,92;57,69;42,05
22189;Puértolas;14,25;24,84;8,22;0,89;18511,0;36,51;54,5;2,65;47,47;8,08;20,2;31,25;59,38;9,14;25,89;34,52;1,01;74,24;50,77
22190;Pueyo de Araguás, El;15,17;20,22;8,43;0,38;16515,0;43,15;43,15;7,53;43,18;20,45;13,64;28,57;63,1;3,97;25,83;39,74;5,62;71,79;59,33
22193;Pueyo de Santa Cruz;15,32;20,9;13,21;0,98;16196,0;31,05;53,79;5,78;19,57;3,62;34,78;32,12;54,01;19,51;19,86;22,65;6,04;64,52;52,65
22195;Quicena;15,35;12,28;34,53;0,84;24585,0;32,54;57,14;4,37;19,61;3,27;14,38;40,14;53,52;13,71;27,76;36,79;6,37;48,51;53,22
22197;Robres;13,21;30,8;10,11;1,72;16893,0;27,61;54,78;6,52;44,49;37,96;13,06;22,32;67,38;22,34;22,34;26,38;3,14;86,97;54,37
22199;Sabiñánigo;14,78;20,89;20,24;1,11;19090,0;34,55;49,55;7,44;14,85;2,26;29,72;29,23;59,06;15,17;23,41;33,09;8,27;66,15;54,38
22200;Sahún;11,37;22,48;16,77;0,63;21124,0;42,22;45,56;5,19;24,84;6,37;19,75;29,41;59,48;7,9;26,12;42,96;1,91;71,63;54,33
22201;Salas Altas;14,61;28,48;11,78;1,0;16582,0;35,83;46,46;5,51;27,12;14,41;26,27;31,78;60,75;14,89;30,92;28,63;7,58;73,49;50,77
22202;Salas Bajas;11,96;21,85;14,67;0,64;19646,0;31,37;52,94;7,84;20,73;19,51;17,07;24,36;62,82;18,12;29,38;31,88;2,41;67,5;52,2
22203;Salillas;9,89;35,48;12,9;1,91;19261,0;31,11;51,11;5,56;29,55;43,18;15,91;21,62;62,16;23,08;23,08;15,38;8,89;82,0;49,45
22204;Sallent de Gállego;14,04;15,22;13,12;0,94;23191,0;41,24;46,7;7,2;32,27;1,48;7,84;32,5;58,96;6,02;29,49;42,48;2,3;76,4;64,44
22205;San Esteban de Litera;12,05;26,73;24,22;1,33;16463,0;32,23;46,41;10,87;21,84;25,29;29,12;18,03;66,8;20,49;22,59;21,02;8,33;64,23;50,88
22206;Sangarrén;12,38;32,64;15,58;2,03;17878,0;31,0;49,0;7,0;20,21;18,09;14,89;21,35;53,93;20,1;20,59;24,51;1,05;75,2;46,57
22207;San Juan de Plan;14,34;19,17;4,83;0,27;14184,0;39,53;44,19;5,43;43,24;17,57;27,03;25,0;69,44;10,53;18,8;33,83;6,1;78,57;62,12
22208;Santa Cilia;15,12;18,6;7,85;0,76;18149,0;39,23;47,85;4,78;20,69;12,07;12,07;24,77;63,3;10,7;20,47;38,6;3,33;72,05;57,42
22209;Santa Cruz de la Serós;13,81;21,24;9,28;1,53;20435,0;37,35;48,8;7,83;38,78;15,31;12,24;28,42;62,11;4,17;29,17;39,29;7,62;78,86;62,87
22212;Santaliestra y San Quílez;5,13;34,87;12,82;0,0;18432,0;39,47;48,68;2,63;26,92;15,38;15,38;38,46;53,85;17,95;20,51;30,77;9,09;68,18;42,31
22213;Sariñena;16,81;20,39;22,04;1,53;16214,0;32,4;52,43;6,56;24,02;22,8;23,26;22,24;60,78;23,81;23,3;20,5;9,24;66,55;54,84
22214;Secastilla;10,28;26,2;12,68;0,67;18692,0;47,9;36,97;5,88;20,99;11,11;18,52;33,33;47,44;12,21;22,14;50,38;4,0;80,9;57,69
22215;Seira;8,59;26,71;8,72;0,64;25588,0;36,09;39,85;10,53;18,52;4,94;25,93;35,44;58,23;13,24;27,21;40,44;1,27;83,87;58,96
22217;Sena;14,1;27,21;20,9;1,44;16885,0;31,17;56,86;2,74;31,82;35,86;20,71;23,16;54,8;28,12;19,71;21,39;7,94;68,88;51,82
22220;Sesa;5,83;32,98;9,52;0,82;17230,0;32,05;48,08;5,77;37,88;34,85;7,58;30,19;58,49;21,79;21,15;23,72;6,49;71,29;49,36
22221;Sesué;19,5;11,83;6,67;1,75;23388,0;41,05;35,79;14,74;26,87;4,48;23,88;35,94;54,69;5,05;26,26;44,44;6,67;65,88;63,16
22222;Siétamo;16,1;16,76;10,67;1,66;20129,0;30,69;57,41;8,97;21,59;6,25;17,33;37,2;57,14;6,22;24,03;42,18;6,47;73,52;63,42
22223;Sopeira;8,6;27,67;8,14;0,58;18432,0;32,05;52,56;3,85;21,95;19,51;12,2;21,05;60,53;13,75;25,0;36,25;4,88;72,22;51,9
22225;Tamarite de Litera;15,46;23,35;21,29;1,04;16599,0;33,95;50,0;5,77;24,32;14,9;28,32;23,79;61,96;18,76;21,65;23,08;5,99;70,84;54,55
22226;Tardienta;16,93;25,45;16,19;1,52;16929,0;32,38;51,81;5,05;20,89;10,7;22,72;25,75;57,81;12,97;17,58;31,42;7,62;68,86;51,39
22227;Tella-Sin;6,67;34,4;15,46;1,13;19686,0;38,02;47,4;4,69;26,09;7,61;22,83;28,57;52,38;8,33;24,51;38,73;6,25;76,92;47,06
22228;Tierz;24,64;8,34;5,47;1,31;21054,0;32,18;57,61;6,59;17,34;3,83;12,84;39,01;54,61;3,93;25,98;44,26;2,67;73,69;70,05
22229;Tolva;10,31;33,85;13,85;2,21;15960,0;27,19;50,88;9,65;50,0;22,92;27,08;28,89;60,0;16,26;20,33;36,59;7,69;67,61;42,62
22230;Torla-Ordesa;10,87;25,64;5,81;1,19;19883,0;35,64;51,82;4,62;50,0;13,91;5,96;28,77;60,27;7,17;28,01;34,53;1,22;76,06;53,59
22232;Torralba de Aragón;14,31;20,59;16,67;1,17;16837,0;37,08;48,31;5,62;40,0;30,91;10,91;36,73;44,9;18,48;27,17;28,26;6,9;79,41;63,04
22233;Torre la Ribera;10,0;25,88;8,82;0,39;19843,0;43,33;45,56;4,44;38,0;22,0;16,0;15,22;82,61;16,3;27,17;31,52;0,0;79,37;55,56
22234;Torrente de Cinca;11,96;21,75;27,39;0,99;16005,0;34,23;48,38;5,08;27,06;27,53;28,24;22,69;56,46;29,74;16,87;16,78;4,76;61,11;44,59
22235;Torres de Alcanadre;7,25;36,48;9,89;0,54;20354,0;33,33;55,17;6,9;48,89;51,11;8,89;36,67;43,33;9,09;25,0;34,09;0,0;108,89;55,68
22236;Torres de Barbués;10,47;27,13;10,18;2,12;19290,0;24,6;56,45;6,45;25,0;25,0;16,94;21,24;69,91;18,33;25,1;20,32;5,3;76,69;52,59
22239;Tramaced;7,41;29,44;24,07;0,47;21960,0;34,34;54,55;2,02;30,0;40,0;16,0;26,83;63,41;16,04;26,42;26,42;3,51;78,57;54,29
22243;Valle de Bardají;3,85;24,23;17,31;1,17;18432,0;33,33;60,42;0,0;34,62;50,0;7,69;34,62;50,0;20,37;24,07;33,33;3,7;70,27;50,0
22245;Velilla de Cinca;14,49;19,26;33,79;1,31;15558,0;35,71;54,76;2,38;17,26;33,63;21,68;9,09;52,63;34,46;14,19;14,86;4,02;70,09;56,59
22246;Beranuy;5,67;48,06;5,97;0,0;18432,0;21,88;60,94;7,81;29,17;8,33;16,67;39,13;43,48;13,64;25,76;25,76;7,41;89,29;40,91
22248;Vicién;12,0;24,0;14,67;0,88;24227,0;29,51;54,1;9,84;19,18;6,85;12,33;25,76;65,15;11,02;26,77;35,43;5,26;75,79;60,32
22249;Villanova;14,04;16,14;16,37;0,5;17971,0;49,65;42,55;2,84;24,69;3,7;9,88;41,77;49,37;4,64;34,44;39,07;4,11;56,45;49,32
22250;Villanúa;14,13;16,66;11,07;0,73;22998,0;41,36;45,88;8,44;21,28;4,39;15,2;41,96;52,1;6,04;27,77;47,48;3,87;75,44;62,88
22251;Villanueva de Sigena;9,36;24,91;15,2;1,15;17679,0;38,03;49,84;3,93;39,02;33,54;19,51;25,71;57,86;19,94;22,15;27,53;1,67;82,33;56,96
22252;Yebra de Basa;13,38;27,26;6,37;1,33;21450,0;32,37;56,12;8,63;27,54;5,8;24,64;30,3;66,67;12,41;28,97;37,93;2,67;78,49;52,45
22253;Yésero;3,33;42,33;3,33;0,0;22975,0;37,29;45,76;3,39;45,45;4,55;22,73;22,73;72,73;23,73;25,42;32,2;0,0;79,31;38,98
22254;Zaidín;14,57;19,89;34,48;1,62;14796,0;36,11;52,34;3,87;31,76;40,77;21,17;16,85;65,21;29,23;22,98;13,38;4,01;59,13;47,68
22901;Valle de Hecho;9,31;27,14;7,14;1,04;18000,0;40,97;45,38;4,28;35,7;12,41;21,27;28,76;60,95;12,28;22,27;30,63;4,68;76,48;55,24
22902;Puente la Reina de Jaca;10,3;25,04;10,37;0,74;19031,0;34,75;48,73;7,63;33,6;23,2;14,4;23,08;61,54;13,52;29,92;31,15;4,62;71,26;54,17
22903;San Miguel del Cinca;14,39;25,28;12,61;0,83;18189,0;32,42;52,73;5,15;31,64;26,27;23,45;27,59;59,56;9,68;20,38;31,96;4,74;78,52;56,3
22904;Sotonera, La;8,89;30,98;7,5;0,55;21150,0;35,31;48,97;4,47;24,63;16,59;20,98;32,46;54,45;12,56;19,98;33,73;6,0;77,52;52,17
22905;Lupiñén-Ortilla;13,37;22,81;15,17;0,84;21054,0;37,04;49,83;6,4;23,46;24,07;8,02;38,31;50,0;8,68;26,05;41,48;5,81;71,05;55,84
22906;Santa María de Dulcis;9,07;31,41;11,22;1,13;15762,0;34,21;50,53;8,95;28,41;7,95;26,14;17,86;65,48;13,4;16,49;29,9;10,78;75,83;53,12
22907;Aínsa-Sobrarbe;17,22;16,94;24,67;1,13;18117,0;38,43;47,64;7,75;29,37;7,04;16,96;28,34;59,98;10,98;26,1;35,26;4,64;67,9;56,37
22908;Hoz y Costean;10,49;31,29;12,89;1,44;18528,0;28,29;54,63;4,88;31,96;21,65;7,22;39,33;53,93;10,48;27,62;39,05;5,38;66,67;44,29
22909;Vencillón;12,84;25,32;13,18;0,95;15082,0;35,53;48,71;6,88;30,17;39,11;20,11;16,57;67,46;19,06;20,99;16,57;4,3;69,8;52,39
23001;Albanchez de Mágina;8,12;30,68;3,09;0,98;12206,0;35,05;48,07;3,99;27,7;31,67;9,73;21,54;47,34;20,57;14,02;21,03;9,38;75,19;51,91
23002;Alcalá la Real;15,71;21,37;7,77;1,29;13311,0;30,47;54,0;6,59;25,65;26,16;20,43;23,18;57,87;24,57;16,96;24,6;10,22;67,05;55,1
23003;Alcaudete;14,58;21,66;5,82;1,18;12538,0;29,29;54,64;6,5;22,69;38,68;17,85;18,23;58,23;21,05;15,72;18,72;10,27;66,55;53,75
23004;Aldeaquemada;11,19;23,49;4,47;1,67;15121,0;31,76;50,37;8,68;21,05;25,26;11,58;25,56;52,78;17,96;16,5;21,36;16,02;67,6;56,48
23005;Andújar;16,23;19,06;3,39;1,18;13207,0;32,78;51,46;7,43;18,95;15,34;18,95;26,95;55,73;18,22;18,86;23,66;18,71;59,83;56,11
23006;Arjona;15,78;19,51;2,16;1,3;12598,0;30,32;57,19;4,46;19,46;35,58;15,89;18,11;50,04;20,27;15,7;19,61;10,45;69,33;58,41
23007;Arjonilla;14,58;19,78;3,23;1,34;12302,0;31,3;57,5;4,12;19,82;48,31;10,78;17,03;45,3;22,12;14,4;20,81;8,82;72,63;59,86
23008;Arquillos;16,05;19,25;2,08;1,44;10760,0;32,64;54,68;4,57;21,24;49,15;13,84;9,13;58,17;17,92;12,29;11,61;8,57;69,71;57,1
23009;Baeza;16,93;17,2;4,72;1,37;13955,0;31,59;55,5;6,16;26,49;25,57;11,97;27,86;57,34;15,8;18,86;32,2;12,22;68,44;60,71
23010;Bailén;16,22;16,36;3,38;1,14;12013,0;31,5;54,59;6,57;22,41;15,07;17,83;21,08;63,09;13,33;22,41;19,48;17,32;61,77;59,2
23011;Baños de la Encina;15,41;21,33;1,97;1,13;12311,0;29,71;54,8;6,7;22,55;24,81;18,13;17,51;63,38;18,54;16,95;17,26;13,31;67,0;56,53
23012;Beas de Segura;16,57;19,86;10,1;1,69;10661,0;32,36;53,27;5,83;33,16;41,46;11,77;18,28;50,76;23,46;16,22;19,14;10,93;66,32;56,15
23014;Begíjar;14,65;18,44;2,99;1,19;11333,0;32,11;55,27;4,98;23,61;44,81;9,76;17,58;48,55;20,46;12,8;19,46;12,42;68,32;59,24
23015;Bélmez de la Moraleda;13,56;24,4;6,3;1,07;11569,0;31,4;50,88;6,34;24,69;37,99;13,08;16,25;47,99;24,09;14,35;12,64;17,5;59,74;50,9
23016;Benatae;10,62;25,02;10,66;1,59;12510,0;35,0;46,32;8,95;30,73;34,38;19,79;16,22;56,76;18,88;22,19;15,05;9,55;65,69;51,16
23017;Cabra del Santo Cristo;14,32;21,21;2,92;0,8;11283,0;32,41;52,39;5,27;22,9;47,66;11,46;14,38;45,66;22,15;15,06;14,25;16,19;60,51;53,01
23018;Cambil;14,6;21,15;7,65;1,08;10126,0;34,84;50,44;5,84;29,89;47,9;12,12;13,68;54,83;22,06;15,35;14,4;11,91;63,4;54,07
23019;Campillo de Arenas;16,5;20,16;6,07;1,42;12332,0;32,37;53,33;4,4;26,32;32,52;13,75;18,17;47,0;17,91;16,64;18,38;11,96;64,16;54,33
23020;Canena;11,95;22,63;7,84;1,12;13761,0;34,75;51,97;5,8;31,01;40,94;12,27;24,87;51,26;20,53;16,81;31,86;8,11;78,58;60,51
23021;Carboneros;16,22;18,14;10,42;1,25;10982,0;34,52;50,3;6,71;24,78;22,71;21,4;15,74;60,65;17,33;16,95;15,43;16,85;54,7;52,3
23024;Carolina, La;16,78;18,8;3,2;1,18;13412,0;33,7;50,12;7,57;15,91;8,08;23,47;25,94;55,89;15,94;17,45;22,1;23,69;54,97;55,3
23025;Castellar;16,75;17,48;3,15;1,29;11419,0;31,92;53,04;7,26;27,07;37,09;17,76;14,67;51,84;19,91;13,48;15,32;9,58;67,63;57,66
23026;Castillo de Locubín;10,87;29,16;10,54;1,18;12274,0;27,88;54,9;6,21;28,42;37,01;14,93;16,63;53,62;32,13;13,15;17,7;9,55;64,84;46,23
23027;Cazalilla;11,62;27,98;3,03;1,11;12245,0;30,63;48,01;7,07;19,01;28,27;19,43;16,42;60,82;25,29;13,07;13,94;14,64;68,21;52,31
23028;Cazorla;14,5;21,6;4,25;0,94;13708,0;34,22;49,09;7,45;25,74;20,61;9,2;24,67;57,31;18,35;19,0;26,37;13,15;64,65;54,15
23029;Chiclana de Segura;11,23;23,84;10,82;1,04;10912,0;32,94;48,63;7,45;36,88;50,64;12,98;17,33;58,24;22,67;15,82;16,69;7,42;72,02;54,15
23030;Chilluévar;12,94;22,96;2,6;1,06;10849,0;30,04;53,3;6,09;29,76;55,12;8,66;8,94;77,4;25,59;15,49;15,32;5,18;73,61;55,97
23031;Escañuela;16,61;18,91;2,88;1,28;11223,0;30,17;58,89;3,69;17,91;39,95;15,82;15,41;63,31;17,49;15,41;20,21;11,9;65,7;57,2
23032;Espeluy;14,25;19,16;1,17;1,35;12417,0;33,85;48,27;9,23;10,88;30,13;19,67;15,52;57,76;20,53;14,31;17,14;20,98;55,8;54,68
23033;Frailes;13,11;27,53;7,94;1,44;11333,0;28,87;56,08;5,06;36,91;37,54;19,53;17,86;56,35;30,93;14,28;17,3;9,35;65,84;49,2
23034;Fuensanta de Martos;15,2;20,51;10,24;1,37;10877,0;28,16;58,23;5,2;35,23;33,2;30,41;16,78;61,13;24,79;13,09;13,89;12,34;64,49;55,26
23035;Fuerte del Rey;14,54;18,07;6,78;1,21;12378,0;30,0;52,59;8,88;21,64;31,96;17,41;18,92;56,25;19,32;15,53;21,52;10,91;69,88;61,88
23037;Génave;8,88;25,49;5,6;0,63;10842,0;37,35;49,4;5,02;32,74;39,11;15,56;16,59;57,35;22,91;18,25;18,45;10,51;63,19;50,49
23038;Guardia de Jaén, La;19,33;10,59;2,94;1,13;18110,0;35,09;53,59;7,24;19,64;7,07;14,38;40,55;49,17;8,56;23,23;38,42;12,57;64,75;64,98
23039;Guarromán;17,84;16,84;4,36;1,45;11166,0;35,33;50,57;5,58;17,62;22,07;18,35;15,79;60,57;17,2;16,19;15,34;18,72;61,69;58,42
23040;Lahiguera;12,41;24,14;1,79;0,76;11914,0;31,31;54,42;5,8;25,57;44,86;10,71;17,03;47,83;26,37;14,47;22,2;5,28;75,53;56,03
23041;Higuera de Calatrava;18,75;20,95;3,05;1,78;10204,0;27,16;59,67;6,17;30,2;42,17;11,65;12,18;52,1;23,6;16,0;13,8;7,09;73,39;57,43
23042;Hinojares;10,94;27,78;11,4;1,17;12969,0;32,67;47,0;7,67;33,08;27,13;17,05;17,07;52,85;26,81;12,3;16,09;18,75;58,21;45,57
23043;Hornos;11,73;22,53;2,5;0,89;13477,0;35,19;51,92;4,62;23,77;27,15;7,24;20,75;49,06;27,27;14,2;20,08;10,37;66,12;51,63
23044;Huelma;15,28;20,1;3,28;1,09;11239,0;31,12;55,01;5,1;27,33;39,95;10,03;21,06;46,94;20,34;15,54;21,75;13,49;63,43;54,99
23045;Huesa;16,35;17,67;5,06;1,26;9628,0;32,68;53,72;5,77;28,22;63,86;9,08;8,19;41,16;17,75;13,06;11,2;7,33;67,48;56,04
23046;Ibros;14,07;19,12;7,59;1,2;11039,0;33,67;53,7;4,64;23,22;38,78;18,92;12,78;61,48;20,05;16,35;17,65;12,83;65,58;57,81
23047;Iruela, La;12,58;18,99;3,79;0,85;12184,0;37,07;47,13;7,01;28,3;29,6;10,85;15,74;64,06;22,48;16,91;18,23;8,92;68,53;56,09
23048;Iznatoraf;12,22;25,17;4,0;1,22;10612,0;30,32;55,61;5,03;34,73;53,12;9,23;14,17;53,61;19,92;12,94;17,13;4,6;78,75;55,56
23049;Jabalquinto;13,45;19,8;2,68;1,13;11424,0;32,2;53,07;5,84;15,86;52,53;11,05;9,59;44,28;17,28;14,13;10,98;9,93;68,16;56,41
23050;Jaén;16,41;18,08;6,86;1,13;17682,0;34,56;49,79;8,35;15,26;5,17;11,0;40,36;48,04;12,47;18,77;39,78;14,34;63,66;57,98
23051;Jamilena;16,45;16,73;3,68;1,61;11901,0;31,67;54,96;5,81;20,42;35,91;19,78;17,65;49,11;18,56;14,65;14,79;11,87;64,79;58,0
23052;Jimena;14,8;22,24;4,49;1,45;11691,0;32,27;50,71;6,59;22,79;43,49;11,41;13,32;51,41;19,54;13,09;16,59;8,96;72,79;57,12
23053;Jódar;17,65;15,07;1,38;1,51;10363,0;33,32;54,55;4,63;11,23;53,47;11,92;10,03;42,0;19,35;11,96;13,28;8,49;67,79;59,51
23054;Larva;16,6;20,32;3,85;1,01;10745,0;29,19;59,73;4,59;21,78;66,83;4,02;4,19;60,73;18,32;13,09;9,42;11,87;67,48;58,24
23055;Linares;16,1;19,66;6,41;1,18;14504,0;33,01;50,06;8,54;15,43;6,54;14,87;33,89;52,2;13,65;20,04;29,54;20,86;55,72;53,54
23056;Lopera;14,63;20,09;1,89;1,28;11823,0;30,58;56,31;6,0;18,82;39,76;14,8;16,35;64,35;22,83;15,07;18,88;9,18;68,1;55,84
23057;Lupión;12,38;26,59;5,12;1,1;11046,0;32,2;51,77;6,38;21,15;39,87;12,54;10,77;56,9;21,56;14,05;17,94;11,2;69,67;52,52
23058;Mancha Real;18,67;15,31;5,51;1,39;13036,0;31,83;54,98;6,57;21,31;31,12;20,98;20,82;55,48;16,38;27,16;23,23;10,53;67,84;61,83
23059;Marmolejo;14,31;20,15;1,65;1,06;12898,0;31,09;56,23;4,87;19,1;28,62;19,07;21,45;51,83;20,36;15,44;23,84;13,03;65,49;55,99
23060;Martos;17,28;16,73;7,16;1,38;14729,0;31,02;54,61;6,87;18,39;17,91;34,64;25,87;51,85;16,79;18,21;24,6;12,43;67,19;60,75
23061;Mengíbar;19,71;13,33;6,31;1,32;12559,0;33,61;53,7;6,27;18,9;13,52;26,16;24,07;57,67;16,24;16,84;20,36;17,33;57,78;60,05
23062;Montizón;13,11;22,09;5,88;1,21;10231,0;28,97;55,74;6,73;31,97;58,86;12,94;8,28;68,25;22,37;11,78;12,61;5,59;77,31;59,23
23063;Navas de San Juan;16,47;18,78;1,76;1,49;10954,0;30,57;53,43;6,51;23,23;55,74;12,96;10,61;46,58;17,11;12,45;14,88;6,33;78,02;62,74
23064;Noalejo;11,01;23,64;3,42;0,84;11037,0;32,48;53,49;2,87;40,75;45,22;13,66;14,04;59,06;22,28;12,72;14,3;8,5;75,62;57,27
23065;Orcera;13,21;19,94;6,25;1,12;13114,0;36,49;47,55;4,77;22,46;31,27;12,97;20,46;48,55;17,46;18,24;22,96;12,64;62,75;54,24
23066;Peal de Becerro;15,74;19,38;6,67;1,31;12129,0;29,93;56,09;5,52;26,02;38,75;11,21;18,74;57,51;17,03;17,35;20,17;9,74;68,68;57,81
23067;Pegalajar;15,72;20,64;2,33;1,55;11813,0;31,56;54,33;5,07;23,63;30,46;17,7;18,63;54,94;20,6;15,46;18,58;10,31;71,02;58,28
23069;Porcuna;12,98;22,39;5,39;1,29;12221,0;30,69;55,57;4,45;26,16;41,61;10,65;20,36;55,27;21,54;15,62;22,53;6,62;77,06;60,62
23070;Pozo Alcón;15,47;21,91;8,62;1,35;11101,0;33,8;49,99;6,15;33,85;30,07;16,06;18,47;54,88;25,96;15,07;15,99;15,77;55,41;47,62
23071;Puente de Génave;18,43;18,0;10,09;1,44;11673,0;30,91;51,9;7,95;28,51;36,93;10,68;21,69;49,2;23,34;17,87;21,33;9,96;67,7;58,4
23072;Puerta de Segura, La;14,2;21,53;7,66;1,15;12098,0;32,45;50,47;6,94;26,36;35,1;9,87;18,28;54,62;25,3;17,78;18,94;10,11;70,81;57,61
23073;Quesada;13,41;21,66;5,65;1,07;11817,0;31,66;53,08;5,82;26,04;42,6;13,49;14,91;51,74;19,1;15,26;16,31;10,89;65,51;53,29
23074;Rus;14,06;19,63;3,39;1,11;11524,0;32,12;54,49;5,63;27,67;27,9;15,82;19,83;59,63;16,29;15,79;20,46;12,56;66,42;57,39
23075;Sabiote;15,5;20,43;1,76;1,11;11054,0;32,03;53,72;5,1;32,7;33,5;16,58;17,95;63,42;21,61;13,78;19,92;11,3;71,83;60,9
23076;Santa Elena;11,04;22,62;3,94;1,1;13433,0;32,23;50,64;9,21;22,56;21,04;16,16;13,21;58,49;17,85;15,95;14,43;20,3;58,55;51,53
23077;Santiago de Calatrava;10,34;24,76;9,6;0,72;12911,0;30,2;53,19;6,54;21,93;45,18;13,29;19,78;47,48;22,9;14,19;20,16;8,41;66,97;52,62
23079;Santisteban del Puerto;16,81;17,34;6,27;1,38;10825,0;31,12;55,17;6,06;25,25;48,98;10,36;13,86;58,43;17,37;14,06;16,32;7,53;74,54;62,58
23080;Santo Tomé;15,16;21,15;6,21;1,2;11226,0;31,38;51,69;6,6;22,94;48,97;7,93;11,62;52,73;24,21;15,66;13,86;7,8;70,38;56,31
23081;Segura de la Sierra;14,33;20,08;6,09;0,96;12961,0;36,66;47,04;5,85;26,92;22,75;9,42;23,08;49,69;21,74;15,57;24,9;12,24;61,21;53,3
23082;Siles;13,86;23,42;3,3;1,04;12639,0;34,39;50,08;5,36;29,32;29,94;10,31;23,72;51,02;21,94;18,32;23,43;11,25;64,99;51,64
23084;Sorihuela del Guadalimar;13,44;21,1;6,7;1,37;10525,0;37,44;44,51;7,85;18,99;47,11;8,78;13,11;55,58;24,78;11,51;13,6;12,94;68,94;56,35
23085;Torreblascopedro;11,9;22,77;2,01;1,05;10713,0;33,79;51,36;5,56;20,22;49,44;8,6;11,99;54,97;16,46;15,22;13,98;13,28;64,0;53,36
23086;Torredelcampo;16,56;16,55;4,28;1,2;13349,0;31,61;55,45;5,71;22,77;24,22;16,65;25,27;52,98;17,61;16,45;25,03;11,98;67,58;61,1
23087;Torredonjimeno;15,85;19,54;2,86;1,05;13896,0;30,55;55,91;5,63;20,51;19,54;18,83;28,31;52,01;15,28;17,1;25,67;13,43;67,03;58,53
23088;Torreperogil;15,0;20,14;2,89;1,17;11632,0;31,21;53,46;5,91;24,59;30,28;17,71;20,39;63,27;18,59;18,61;20,6;14,82;64,93;57,7
23090;Torres;13,03;25,13;6,81;1,36;11014,0;28,11;54,45;5,08;35,25;53,54;11,4;12,88;54,43;28,52;12,45;16,24;6,3;81,09;59,7
23091;Torres de Albánchez;12,66;18,68;5,13;1,75;11160,0;36,81;49,39;5,67;30,18;42,77;12,05;13,97;54,29;24,25;17,07;17,66;10,18;67,98;57,85
23092;Úbeda;16,14;18,46;5,16;1,14;15416,0;33,15;51,58;7,81;21,6;14,11;10,98;33,31;54,71;12,78;19,58;33,82;15,02;63,9;57,93
23093;Valdepeñas de Jaén;13,01;22,47;4,01;1,01;10837,0;31,04;54,91;5,18;29,83;49,68;9,37;16,55;51,85;23,39;12,37;16,62;7,81;70,04;54,16
23094;Vilches;13,55;20,57;3,74;0,86;12940,0;29,31;55,89;5,41;25,2;23,09;24,65;17,25;57,44;18,63;14,86;19,03;13,09;65,39;56,28
23095;Villacarrillo;16,12;18,01;6,7;1,22;11977,0;32,97;52,92;5,64;26,06;44,99;7,93;19,21;54,16;19,1;16,45;22,61;8,36;70,53;59,6
23096;Villanueva de la Reina;14,72;18,46;5,76;1,42;12732,0;32,58;51,92;6,45;15,97;30,51;17,87;19,06;51,95;18,76;15,91;19,03;13,05;64,97;57,19
23097;Villanueva del Arzobispo;16,83;17,92;9,66;1,52;11050,0;32,52;53,1;6,2;28,25;46,96;11,74;16,26;53,31;22,36;14,29;17,98;8,69;69,07;58,32
23098;Villardompardo;9,84;25,91;2,91;1,22;12952,0;32,11;54,74;3,44;26,05;38,68;18,16;17,77;54,82;14,87;19,56;20,14;7,76;76,02;54,65
23099;Villares, Los;17,74;16,49;2,97;1,27;12774,0;29,69;56,74;6,6;24,94;32,96;13,15;21,0;50,97;16,64;16,78;23,55;8,76;70,15;61,32
23101;Villarrodrigo;8,92;29,73;8,33;0,78;11522,0;42,86;40,34;4,48;29,33;45,95;10,14;14,29;49,29;32,16;14,32;15,68;14,61;67,86;48,77
23901;Cárcheles;13,04;22,09;6,66;1,1;13641,0;30,96;55,6;5,52;25,77;28,62;20,0;17,63;56,22;16,71;15,32;21,21;11,08;70,1;57,66
23902;Bedmar y Garcíez;14,4;20,66;3,16;1,26;11291,0;33,36;51,8;4,94;15,5;49,28;12,79;12,57;43,05;17,4;13,04;15,7;9,58;68,74;56,35
23903;Villatorres;16,72;18,31;4,7;1,23;12161,0;32,75;53,83;5,53;17,68;40,22;13,7;15,08;52,91;16,63;15,73;16,46;9,12;68,51;58,51
23904;Santiago-Pontones;11,01;25,31;4,31;1,25;12526,0;39,59;47,8;3,52;27,39;30,82;8,19;22,69;55,64;31,25;12,34;18,79;16,46;57,87;46,46
23905;Arroyo del Ojanco;14,99;20,1;8,62;1,29;11310,0;31,89;52,81;6,31;27,43;47,28;10,97;14,19;57,32;20,87;16,82;17,03;8,7;66,23;54,99
24001;Acebedo;4,72;38,76;3,93;0,29;16072,0;40,0;45,14;5,14;34,33;16,42;17,91;22,22;65,08;24,31;22,1;25,41;4,17;72,63;40,22
24002;Algadefe;11,56;26,03;22,86;1,49;19293,0;33,6;47,6;5,2;41,59;52,21;12,39;10,28;67,29;24,81;20,0;16,67;8,0;58,67;46,99
24003;Alija del Infantado;4,13;44,96;5,43;0,12;15889,0;33,15;41,81;7,16;32,97;15,93;21,43;17,14;72,57;32,25;14,67;17,93;14,22;72,28;41,06
24004;Almanza;10,69;29,66;13,4;1,02;15767,0;40,15;44,13;5,87;29,88;13,28;23,24;24,45;65,5;25,18;22,06;21,51;8,76;75,53;50,55
24005;Antigua, La;3,91;48,63;2,48;0,47;17138,0;37,42;42,9;4,19;40,18;28,57;16,96;24,76;65,71;31,33;11,08;18,35;11,2;75,0;39,81
24006;Ardón;9,11;31,83;8,47;1,12;18051,0;33,67;46,86;7,3;18,22;6,07;21,03;21,63;64,42;19,41;18,42;23,76;11,81;71,09;47,02
24007;Arganza;9,02;30,53;10,56;0,55;15480,0;36,16;44,37;7,65;26,77;11,46;32,81;23,89;63,56;25,1;19,23;23,9;16,77;54,55;41,78
24008;Astorga;12,93;26,99;9,42;1,04;16714,0;33,6;47,5;8,25;20,2;1,55;20,56;29,44;58,62;16,58;21,83;28,27;13,03;63,2;49,22
24009;Balboa;7,46;45,07;4,1;0,88;16278,0;38,46;43,72;2,83;39,71;17,65;26,47;19,4;70,15;37,35;18,07;13,25;16,67;63,03;36,14
24010;Bañeza, La;14,91;22,1;15,84;1,18;14938,0;35,24;47,84;7,43;21,67;2,92;25,74;23,46;62,92;17,08;23,06;22,56;12,59;61,85;52,36
24011;Barjas;3,29;48,71;1,43;0,7;16472,0;35,66;44,76;5,59;21,28;6,38;21,28;18,6;72,09;33,33;18,06;10,42;16,33;65,08;34,03
24012;Barrios de Luna, Los;5,47;31,8;4,33;0,0;22707,0;32,26;50,54;7,53;21,01;9,24;21,01;17,95;75,21;11,43;26,43;33,93;6,15;66,3;46,59
24014;Bembibre;11,02;25,87;13,1;0,95;16355,0;32,9;47,89;7,58;17,82;3,22;22,46;23,31;65,09;21,71;19,82;20,19;13,15;51,87;40,27
24015;Benavides;8,49;33,12;4,79;0,82;16627,0;32,71;50,56;4,26;23,55;4,6;23,0;23,98;61,54;21,04;19,81;22,32;9,52;68,67;46,45
24016;Benuza;4,88;37,54;5,71;1,2;18202,0;34,77;43,17;9,83;18,99;4,43;53,16;19,61;70,59;32,64;16,44;12,5;14,36;62,75;42,0
24017;Bercianos del Páramo;4,4;43,04;2,53;0,76;16079,0;30,86;50,3;3,61;48,68;32,8;14,29;15,62;70,62;33,27;17,23;15,64;11,42;76,68;43,45
24018;Bercianos del Real Camino;6,82;41,23;5,03;0,64;15179,0;29,07;50,58;7,56;50,0;36,84;21,05;5,8;86,96;27,59;13,22;17,24;8,43;87,36;47,7
24019;Berlanga del Bierzo;3,99;38,84;2,57;0,83;19822,0;32,03;44,12;9,15;18,18;3,67;21,1;25,49;54,9;24,04;20,19;22,76;15,08;64,07;40,65
24020;Boca de Huérgano;3,46;32,88;2,93;0,25;19333,0;40,39;43,31;5,84;32,2;10,29;26,47;30,35;59,2;12,44;22,73;29,19;6,67;77,47;50,72
24021;Boñar;8,06;32,02;6,48;0,62;16219,0;37,48;41,91;7,75;27,75;7,99;22,62;21,37;68,33;18,43;22,2;21,41;12,05;65,77;45,66
24022;Borrenes;3,56;40,54;4,7;0,45;15811,0;34,36;44,33;9,28;23,58;1,89;26,42;15,53;71,84;29,83;17,63;18,31;16,26;66,03;41,69
24023;Brazuelo;10,89;29,7;12,54;1,67;16046,0;38,31;40,61;10,34;25,24;5,83;17,48;12,37;70,1;20,34;18,98;17,29;16,24;57,31;39,8
24024;Burgo Ranero, El;7,71;35,07;5,59;0,89;15683,0;38,92;40,19;7,81;39,42;24,45;21,17;16,94;69,76;24,77;16,2;20,56;9,48;71,95;48,04
24025;Burón;4,96;36,17;1,77;0,8;19253,0;40,36;41,82;7,27;30,47;16,41;26,56;16,39;78,69;13,41;28,99;27,17;5,07;83,44;50,0
24026;Bustillo del Páramo;5,63;37,07;4,06;0,99;16061,0;31,05;48,91;4,76;42,83;28,92;20,4;18,21;68,21;30,35;16,4;18,17;3,84;77,49;46,34
24027;Cabañas Raras;10,44;27,49;5,24;1,05;16941,0;29,49;54,79;8,21;22,07;2,74;32,29;20,45;69,23;20,96;22,13;21,79;13,0;66,16;50,72
24028;Cabreros del Río;10,39;37,29;2,96;0,57;17152,0;28,92;54,86;4,86;45,22;34,39;14,01;24,44;70,37;28,88;18,45;21,66;6,43;75,83;45,84
24029;Cabrillanes;6,47;31,9;4,21;1,07;18565,0;33,43;49,78;6,0;37,65;15,85;19,92;20,78;69,26;26,91;20,59;20,59;8,09;61,27;40,18
24030;Cacabelos;12,79;27,16;9,46;0,85;15379,0;31,77;49,58;8,05;24,82;5,07;28,78;25,11;64,14;21,99;23,25;23,39;13,73;60,58;47,05
24031;Calzada del Coto;6,45;36,45;7,01;1,65;15887,0;35,47;49,75;2,46;42,39;32,61;23,91;21,95;68,29;26,54;20,38;24,17;10,0;80,36;47,85
24032;Campazas;7,93;33,69;4,5;0,44;18807,0;40,2;37,25;3,92;41,3;50,0;13,04;17,07;70,73;11,65;21,36;18,45;6,12;75,41;48,04
24033;Campo de Villavidel;4,27;38,35;4,37;1,11;18709,0;34,02;43,81;8,76;23,29;19,18;16,44;16,18;76,47;27,18;18,97;20,51;9,09;70,18;45,13
24034;Camponaraya;12,92;21,56;8,17;1,0;15599,0;33,39;49,89;8,64;19,7;3,46;30,59;22,23;68,54;17,71;18,44;29,44;11,81;62,85;52,34
24036;Valle de Ancares;2,41;36,73;3,89;0,38;17027,0;38,78;41,83;7,22;38,37;13,95;26,74;21,95;58,54;27,31;19,56;23,62;15,04;64,86;41,7
24037;Cármenes;3,82;37,98;5,06;0,47;19096,0;32,19;45,0;8,12;45,08;17,21;18,03;25,21;68,07;19,69;22,15;30,77;11,19;60,71;41,36
24038;Carracedelo;10,44;29,88;8,26;0,92;16314,0;29,49;52,5;7,69;23,12;8,08;25,63;23,3;67,73;24,85;14,67;27,99;11,42;62,61;45,27
24039;Carrizo;11,1;28,35;7,81;1,38;16188,0;32,68;50,85;5,87;32,26;13,24;22,85;18,85;69,54;18,65;23,99;22,49;8,92;73,54;53,38
24040;Carrocera;5,22;32,52;3,0;0,43;19369,0;37,38;42,72;7,52;28,02;10,5;18,78;27,68;62,71;14,42;29,31;27,19;10,63;70,88;49,17
24041;Carucedo;5,23;37,45;5,86;0,76;15825,0;32,68;44,37;8,01;26,99;3,68;31,9;18,59;63,46;24,84;19,49;15,63;12,77;64,31;40,26
24042;Castilfalé;2,07;31,03;1,72;0,0;17180,0;31,15;50,82;9,84;48,48;30,3;18,18;23,33;66,67;13,11;26,23;26,23;12,9;71,05;50,82
24043;Castrillo de Cabrera;1,0;41,2;1,0;1,17;18169,0;32,67;49,5;9,9;31,43;17,14;51,43;20,0;74,29;22,55;12,75;14,71;10,26;68,63;38,24
24044;Castrillo de la Valduerna;3,33;47,97;2,17;0,64;15860,0;32,09;44,03;4,48;34,88;23,26;25,58;24,32;67,57;30,15;11,03;22,06;8,0;73,02;36,76
24046;Castrocalbón;6,75;38,15;1,56;1,23;13795,0;30,95;48,15;4,73;26,58;9,18;34,18;18,63;66,99;25,86;15,75;17,24;12,2;67,64;42,46
24047;Castrocontrigo;3,54;43,25;4,63;0,9;16008,0;34,48;44,04;5,33;28,25;10,36;29,73;16,67;69,52;25,85;15,85;17,38;14,23;68,89;38,98
24049;Castropodame;9,69;28,57;9,42;0,85;16809,0;32,05;48,22;8,61;22,29;3,24;30,67;22,79;65,03;20,4;20,6;17,58;8,98;57,19;40,69
24050;Castrotierra de Valmadrigal;9,62;29,43;3,77;0,47;15401,0;35,05;47,42;6,19;50,0;28,57;11,9;21,62;72,97;30,93;20,62;14,43;15,69;66,15;52,58
24051;Cea;6,49;39,46;2,14;1,11;15790,0;32,76;50,71;5,7;40,71;25,0;14,29;21,26;70,87;32,02;16,57;23,6;8,28;74,61;44,1
24052;Cebanico;2,47;38,63;7,53;0,5;16534,0;39,42;37,96;7,3;36,0;30,0;24,0;16,67;66,67;21,68;17,48;25,87;14,55;59,49;38,46
24053;Cebrones del Río;8,13;39,13;9,59;0,91;16093,0;33,59;46,72;5,81;32,88;25,34;26,03;13,87;67,88;36,19;15,89;15,4;10,56;70,31;44,01
24054;Cimanes de la Vega;8,92;33,06;10,36;1,0;16756,0;31,34;49,25;3,48;42,78;36,6;20,62;16,57;71,27;27,16;17,79;15,87;5,91;75,79;49,27
24055;Cimanes del Tejar;6,83;38,5;3,89;1,88;18548,0;30,33;48,96;7,54;30,6;14,66;26,69;22,35;63,92;22,14;23,73;20,55;10,14;72,68;43,02
24056;Cistierna;9,86;31,54;6,55;0,94;16705,0;33,53;47,18;6,71;23,6;4,49;24,91;24,64;60,62;24,0;21,93;22,61;10,87;66,92;45,4
24057;Congosto;8,9;29,42;9,4;0,74;17608,0;32,19;49,3;8,09;20,97;2,42;26,21;27,64;62,66;21,62;17,23;27,14;11,15;59,69;43,0
24058;Corbillos de los Oteros;4,97;35,61;9,83;0,35;17878,0;28,92;53,01;3,61;50,0;48,81;10,71;20,83;59,72;30,54;15,57;17,96;11,83;84,54;55,69
24059;Corullón;5,19;42,08;8,53;0,65;14617,0;29,61;47,01;7,27;30,29;10,95;33,94;18,01;63,98;40,1;12,95;12,58;15,36;62,16;36,62
24060;Crémenes;3,98;35,24;4,07;0,11;17642,0;39,39;38,99;9,9;31,73;8,65;21,63;21,5;69,0;21,76;28,54;24,95;10,73;73,76;46,69
24061;Cuadros;12,92;24,98;3,57;1,1;18827,0;32,63;49,57;8,52;16,34;2,65;18,99;29,98;60,31;16,04;21,68;32,71;10,15;68,22;52,42
24062;Cubillas de los Oteros;6,52;40,43;6,38;0,88;18293,0;36,64;46,56;5,34;44,68;31,91;14,89;23,08;56,41;22,39;18,66;22,39;3,7;74,29;40,6
24063;Cubillas de Rueda;3,69;36,41;2,37;0,74;20370,0;37,7;41,44;7,22;29,81;23,6;14,29;22,64;63,52;23,08;17,77;26,79;8,57;74,07;46,54
24064;Cubillos del Sil;14,11;21,45;6,58;1,36;16720,0;33,62;50,36;7,35;16,18;2,46;28,99;24,89;65,71;19,88;19,69;28,16;10,38;62,08;51,32
24065;Chozas de Abajo;15,14;21,84;6,58;1,45;15653,0;31,48;51,86;7,26;20,74;7,28;21,51;22,09;66,91;18,92;23,47;24,11;9,49;69,34;56,24
24066;Destriana;4,37;42,66;5,7;0,51;16214,0;30,39;44,85;5,39;34,93;24,66;18,49;25,56;66,17;35,01;14,15;18,94;8,88;71,3;40,62
24067;Encinedo;7,26;30,28;13,99;0,75;31303,0;38,72;43,87;3,55;17,65;2,26;62,44;16,51;69,27;29,38;18,2;11,35;7,36;60,97;43,22
24068;Ercina, La;3,63;38,5;2,91;1,36;21213,0;33,49;45,54;6,51;24,36;7,05;21,15;17,11;71,05;25,06;23,17;19,86;11,04;64,73;38,63
24070;Fabero;8,75;29,01;6,61;0,7;17428,0;32,45;48,84;7,3;17,44;3,75;23,9;22,09;65,51;22,29;22,35;20,23;16,81;50,79;39,23
24071;Folgoso de la Ribera;8,68;29,36;4,94;0,62;17521,0;35,16;42,97;6,14;21,05;2,63;30,26;23,37;67,35;23,55;18,95;18,07;11,94;54,0;39,96
24073;Fresno de la Vega;6,82;40,08;8,01;1,15;16156,0;35,73;47,42;4,49;37,5;34,09;21,59;22,01;63,52;28,19;15,86;22,69;8,25;70,92;42,83
24074;Fuentes de Carbajal;5,83;39,72;0,0;3,5;17180,0;31,94;54,17;5,56;53,57;46,43;10,71;23,08;61,54;16,44;16,44;20,55;3,33;80,56;41,1
24076;Garrafe de Torío;13,19;24,17;6,72;1,07;19688,0;33,4;50,76;9,24;20,87;2,32;19,24;33,94;55,73;10,94;21,94;37,77;8,94;70,88;54,5
24077;Gordaliza del Pino;11,54;36,27;10,79;1,13;13462,0;27,83;53,77;3,77;35,8;25,93;16,05;21,33;69,33;24,88;19,82;19,35;9,68;67,2;43,06
24078;Gordoncillo;9,81;40,13;9,42;1,5;14707,0;35,29;44,12;5,88;32,04;31,07;21,36;17,89;66,32;24,38;15,19;20,49;8,49;64,67;37,59
24079;Gradefes;6,66;40,14;4,29;0,85;17697,0;34,01;46,3;7,64;28,05;15,85;17,99;20,0;68,57;23,96;25,81;22,58;9,78;74,11;42,64
24080;Grajal de Campos;3,69;39,71;8,25;0,37;17773,0;34,98;47,78;5,42;29,03;12,9;29,03;19,54;71,26;25,12;20,29;33,82;10,75;73,45;45,15
24081;Gusendos de los Oteros;7,8;33,82;6,5;2,8;16289,0;33,91;42,61;7,83;54,0;38,0;16,0;20,93;67,44;27,35;20,51;26,5;5,36;80,3;47,86
24082;Hospital de Órbigo;9,45;27,94;6,84;0,48;16964,0;34,95;49,54;4,4;25,0;4,12;25,26;24,8;59,89;15,87;23,74;26,48;11,93;65,42;50,06
24083;Igüeña;6,63;31,75;11,32;1,17;19432,0;33,4;47,64;4,61;19,06;7,69;26,09;23,61;64,24;24,52;19,78;17,76;11,88;50,58;34,92
24084;Izagre;0,74;49,41;8,82;0,0;18473,0;36,5;34,31;8,76;30,23;18,6;9,3;26,19;61,9;29,5;14,39;28,06;11,54;70,77;37,41
24086;Joarilla de las Matas;7,1;42,94;7,76;1,25;17409,0;34,22;42,67;4,89;39,76;36,59;14,63;12,33;73,97;33,62;15,52;17,24;9,78;71,55;40,0
24087;Laguna Dalga;11,09;35,79;3,29;1,38;16389,0;29,48;54,17;3,73;43,19;32,3;16,34;18,69;71,03;27,21;16,78;18,9;5,38;84,89;49,56
24088;Laguna de Negrillos;7,49;36,67;1,98;1,05;17014,0;29,34;51,14;3,41;45,11;22,43;23,63;20,9;71,96;29,72;15,42;19,31;8,46;76,91;48,56
24089;León;13,66;25,91;13,31;1,08;20440,0;35,97;46,2;7,94;14,38;0,7;12,8;42,09;48,47;11,53;23,0;39,72;11,12;64,8;50,38
24090;Lucillo;7,65;36,37;6,42;0,98;15040,0;39,04;45,65;5,11;47,46;20,34;21,19;23,89;66,37;32,75;16,37;17,54;15,69;65,48;45,0
24091;Luyego;5,16;45,12;2,6;1,62;16883,0;31,81;49,52;3,81;28,27;20,42;18,32;24,06;59,36;32,45;17,92;18,11;8,33;74,21;38,49
24092;Llamas de la Ribera;9,02;37,78;6,13;1,27;16469,0;30,42;50,56;5,49;37,46;23,75;19,73;16,67;71,85;25,99;19,05;17,55;9,69;71,53;43,9
24093;Magaz de Cepeda;6,43;41,91;5,8;1,27;16655,0;30,12;45,34;7,45;26,92;6,73;25,0;27,84;61,86;31,23;21,62;21,92;19,53;61,68;38,55
24094;Mansilla de las Mulas;15,21;24,43;17,62;1,28;14818,0;32,62;50,21;7,98;23,24;10,14;18,1;17,8;62,94;21,03;21,99;20,62;16,84;61,83;51,93
24095;Mansilla Mayor;5,35;31,57;2,2;1,34;20446,0;35,71;48,05;6,49;27,34;18,12;15,22;21,54;68,46;15,97;21,09;33,87;10,83;72,16;50,32
24096;Maraña;6,54;31,73;10,58;0,0;22100,0;38,83;40,78;7,77;38,78;16,33;20,41;29,79;63,83;15,24;29,52;25,71;1,96;80,65;48,57
24097;Matadeón de los Oteros;10,33;31,08;9,86;2,03;21059,0;32,28;49,21;5,82;47,92;39,58;11,46;17,86;69,05;6,44;29,21;25,25;7,92;76,86;50,5
24098;Matallana de Torío;8,54;29,39;3,93;1,06;17990,0;36,19;46,61;6,6;22,32;3,86;26,18;21,03;68,23;14,67;23,76;25,24;12,26;63,52;45,79
24099;Matanza;7,59;35,95;10,76;1,17;16940,0;36,36;44,16;6,49;43,48;40,58;8,7;23,81;55,56;24,1;25,3;17,47;5,63;77,01;43,29
24100;Molinaseca;12,68;22,15;10,16;1,28;17404,0;30,68;52,06;8,23;29,78;1,69;25,56;30,43;58,55;14,04;24,06;34,72;12,18;62,79;51,3
24101;Murias de Paredes;3,73;38,52;1,18;0,6;19894,0;32,01;46,04;8,84;36,29;20,16;11,29;25,41;68,03;31,72;24,47;21,15;5,15;70,11;41,09
24102;Noceda del Bierzo;6,3;34,59;3,32;0,74;19755,0;29,02;47,73;6,82;23,71;5,15;30,41;19,57;63,04;25,26;22,32;16,09;5,91;56,18;35,3
24103;Oencia;2,88;39,26;5,54;0,75;16765,0;29,32;48,12;8,65;30,0;8,89;40,0;24,42;68,6;32,6;17,58;11,72;14,02;61,74;39,19
24104;Omañas, Las;7,53;42,44;5,9;0,52;19129,0;28,11;49,4;8,03;25,0;11,25;18,75;21,25;70,0;31,73;24,9;18,47;10,89;67,67;40,56
24105;Onzonilla;15,41;20,65;8,91;1,41;17038,0;31,88;52,82;6,98;18,97;1,1;21,91;28,66;59,75;12,52;27,82;30,18;9,84;68,28;57,01
24106;Oseja de Sajambre;7,01;30,75;4,21;0,0;20432,0;36,84;42,58;9,09;33,01;11,65;22,33;28,57;61,22;22,43;23,36;31,78;8,04;78,03;52,58
24107;Pajares de los Oteros;8,73;38,2;16,73;1,75;16144,0;33,18;53,64;5,91;39,18;32,99;18,56;14,12;70,59;31,11;14,22;20,44;13,27;68,55;43,75
24108;Palacios de la Valduerna;6,94;37,92;6,94;0,81;15586,0;37,65;41,67;6,79;19,01;6,61;27,27;17,39;71,3;22,71;14,75;21,53;9,42;66,84;41,44
24109;Palacios del Sil;6,3;33,4;2,32;1,15;19147,0;33,92;48,31;5,51;26,24;11,03;27,76;22,62;65,48;18,69;19,06;18,69;9,86;52,03;35,32
24110;Páramo del Sil;7,56;32,28;4,01;1,08;18142,0;32,56;45,52;8,77;19,19;6,69;27,33;20,47;62,61;28,35;19,05;16,5;16,83;53,07;38,13
24112;Peranzanes;2,32;39,78;5,07;0,0;21275,0;29,12;49,81;5,36;19,74;5,26;21,05;21,33;69,33;30,34;17,6;21,72;14,44;50,99;33,83
24113;Pobladura de Pelayo García;8,02;43,69;7,59;0,61;17978,0;28,44;50,6;2,1;51,2;31,2;20,8;17,92;70,75;40,88;12,94;14,41;7,19;75,0;41,0
24114;Pola de Gordón, La;7,27;35,8;3,07;0,83;18969,0;30,62;47,26;7,79;17,96;3,41;23,62;25,89;62,27;24,06;21,75;20,74;10,85;56,0;36,23
24115;Ponferrada;13,42;24,11;12,51;0,94;17383,0;33,32;48,18;8,99;17,66;1,68;22,01;33,72;57,55;18,89;20,91;31,08;13,27;59,9;48,84
24116;Posada de Valdeón;5,84;39,09;5,58;0,61;20627,0;33,33;51,2;5,33;37,65;4,73;18,34;27,95;62,73;17,97;21,35;25,78;4,68;79,9;44,65
24117;Pozuelo del Páramo;4,88;44,13;0,8;0,54;14468,0;30,11;51,08;3,23;41,84;26,24;17,02;16,79;74,81;34,04;10,29;15,57;8,61;78,41;40,16
24118;Prado de la Guzpeña;5,69;31,38;3,67;0,0;19040,0;42,42;45,45;2,02;22,5;7,5;27,5;20,51;69,23;13,86;16,83;28,71;6,82;65,08;44,0
24119;Priaranza del Bierzo;7,31;35,76;5,41;0,61;15390,0;31,08;48,46;8,31;28,29;7,78;26,46;20,97;68,15;24,74;20,09;22,04;10,84;69,11;43,07
24120;Prioro;10,94;27,65;1,18;1,43;18113,0;43,32;40,39;5,86;35,21;15,49;21,83;25,55;67,15;11,08;19,3;32,91;5,77;73,13;50,0
24121;Puebla de Lillo;9,56;28,31;5,62;0,58;19006,0;36,67;47,37;7,47;30,99;6,69;17,96;23,33;58,89;16,03;21,54;27,38;7,95;70,38;50,76
24122;Puente de Domingo Flórez;9,17;28,68;12,46;0,61;16412,0;35,62;47,25;6,69;18,95;2,34;46,29;14,55;68,89;26,22;16,74;16,28;11,69;59,74;44,14
24123;Quintana del Castillo;4,91;41,49;3,29;1,17;18053,0;34,21;45,03;6,58;24,15;8,47;22,88;25,55;65,2;27,22;16,3;23,87;15,02;65,72;39,74
24124;Quintana del Marco;3,05;50,98;1,69;0,0;15335,0;28,76;45,82;6,69;32,0;19,0;35,0;12,9;65,59;28,38;15,51;14,85;11,43;72,09;34,65
24125;Quintana y Congosto;4,83;43,83;1,74;0,6;16936,0;32,58;48,87;3,01;35,88;16,03;38,93;21,14;65,04;29,8;14,04;15,02;7,89;70,35;37,62
24127;Regueras de Arriba;9,43;39,32;5,32;1,87;14672,0;27,69;50,41;3,72;33,33;32,29;22,92;15,58;64,94;32,79;16,8;16,39;15,74;71,65;44,44
24129;Reyero;1,33;34,5;0,83;0,44;20338,0;45,67;34,65;7,09;29,23;18,46;10,77;32,81;62,5;16,54;22,83;33,86;7,58;82,43;51,97
24130;Riaño;9,24;26,89;4,83;0,92;19842,0;43,36;40,09;7,69;28,92;5,88;13,73;23,98;64,29;6,67;25,75;34,25;7,62;70,07;51,38
24131;Riego de la Vega;9,26;36,34;3,14;1,29;15835,0;35,41;45,59;5,02;34,5;14,79;23,35;24,24;62,34;30,13;14,39;19,79;12,54;72,21;45,77
24132;Riello;4,01;41,39;4,18;0,9;18664,0;39,72;39,01;8,33;33,97;14,35;18,18;22,39;70,65;26,41;19,01;28,52;9,7;73,04;41,8
24133;Rioseco de Tapia;6,91;37,6;4,66;1,35;20081,0;33,24;43,62;9,31;31,29;12,24;24,49;31,21;62,41;23,62;22,31;25,2;8,09;72,27;45,53
24134;Robla, La;10,24;27,04;5,32;0,92;17858,0;29,99;52,49;6,97;13,38;1,72;28,08;22,27;63,74;17,58;23,33;25,5;13,42;56,55;43,46
24136;Roperuelos del Páramo;6,73;43,47;3,39;0,92;19309,0;27,93;53,3;4,05;52,5;37,5;17,5;21,39;72,83;39,66;14,98;20,46;5,31;80,0;43,86
24137;Sabero;5,82;32,12;4,03;0,61;17444,0;36,33;43,76;7,64;15,71;4,0;26,57;18,13;67,84;18,09;26,02;17,17;15,33;57,81;41,98
24139;Sahagún;11,95;30,29;11,26;1,16;15846,0;35,73;43,61;7,16;30,85;9,3;18,59;24,46;63,79;25,64;19,53;24,8;8,22;71,64;48,7
24142;San Andrés del Rabanedo;14,61;19,24;10,48;0,92;16806,0;35,12;48,29;9,03;13,17;0,67;17,45;28,89;59,59;12,26;25,48;31,35;10,21;66,26;56,62
24143;Sancedo;8,51;30,62;5,86;0,67;15931,0;34,64;45,15;7,42;22,77;6,97;31,34;18,52;70,9;25,46;18,13;21,79;14,98;61,08;46,61
24144;San Cristóbal de la Polantera;7,82;35,68;3,27;0,4;15110,0;36,93;43,9;4,01;32,17;19,57;23,48;21,74;67,15;26,54;22,09;19,69;10,57;65,28;42,49
24145;San Emiliano;4,12;36,12;0,68;0,79;19384,0;39,97;45,55;4,01;44,4;23,17;15,83;23,51;67,33;21,38;20,0;25,0;5,04;77,65;48,26
24146;San Esteban de Nogales;2,34;47,62;2,51;1,0;15827,0;31,2;44,02;5,56;30,12;13,25;19,28;33,33;53,85;29,96;16,88;17,72;19,35;68,81;39,24
24148;San Justo de la Vega;10,14;29,17;5,04;0,69;17340,0;33,12;49,78;6,32;22,97;6,76;25,27;19,72;65,31;19,72;19,9;23,64;6,03;73,21;51,27
24149;San Millán de los Caballeros;13,06;24,56;8,81;2,45;20373,0;28,31;51,2;7,23;36,78;33,33;19,54;14,63;68,29;22,94;20,59;24,71;3,12;81,58;56,8
24150;San Pedro Bercianos;5,44;39,54;5,07;1,17;16843,0;31,13;46,23;7,55;44,94;25,84;21,35;18,18;75,32;19,53;12,56;20,47;10,2;77,19;45,58
24151;Santa Colomba de Curueño;6,67;35,99;5,16;1,56;18929,0;31,85;48,83;7,43;31,68;12,94;11,44;31,05;62,63;24,22;19,83;29,44;6,55;77,54;47,81
24152;Santa Colomba de Somoza;8,16;34,06;6,84;0,79;15254,0;37,0;41,03;10,54;46,37;11,8;10,67;19,65;68,79;27,98;21,26;21,91;15,27;66,41;44,32
24153;Santa Cristina de Valmadrigal;7,75;32,04;16,55;1,51;15520,0;32,67;48,61;5,98;31,73;25,0;16,35;22,68;69,07;20,31;19,54;23,37;4,5;63,1;42,69
24154;Santa Elena de Jamuz;9,96;33,57;6,92;1,44;15153,0;32,5;50,11;5,11;34,81;10,77;28,18;20,23;66,47;26,15;16,54;16,86;11,94;67,14;45,96
24155;Santa María de la Isla;6,67;44,0;4,14;0,91;16265,0;35,1;46,88;2,4;41,25;30,62;21,88;20,71;69,29;26,18;14,62;21,7;8,19;75,12;40,43
24156;Santa María del Monte de Cea;4,44;44,35;3,38;1,5;16401,0;38,31;41,29;5,97;43,24;36,49;10,81;18,18;72,73;26,11;20,69;17,24;5,26;72,0;37,44
24157;Santa María del Páramo;12,64;25,84;7,44;1,21;17031,0;33,02;50,93;5,87;31,64;9,38;20,04;24,92;64,44;18,5;22,92;22,69;6,8;74,64;54,74
24158;Santa María de Ordás;6,3;35,05;4,89;1,0;23979,0;32,58;44,84;7,1;25,56;6,77;29,32;31,78;62,79;18,53;21,41;26,52;7,75;71,58;45,81
24159;Santa Marina del Rey;8,48;37,23;3,32;0,91;16496,0;31,57;49,41;4,66;31,77;20,06;19,77;19,9;67,52;27,27;19,72;18,37;8,82;75,44;46,29
24160;Santas Martas;9,62;28,05;8,13;1,29;16063,0;38,07;43,05;8,49;32,23;18,94;15,95;18,51;69,04;21,05;23,9;21,91;14,37;65,66;51,01
24161;Santiago Millas;9,33;25,22;8,15;1,3;17085,0;36,7;47,71;7,03;30,72;3,27;31,37;29,25;63,95;15,63;22,12;30,09;9,2;69,6;51,79
24162;Santovenia de la Valdoncina;14,08;20,64;4,79;1,38;16490,0;33,63;51,73;7,09;16,45;1,4;19,68;23,71;63,76;11,8;23,72;30,27;9,64;69,72;57,26
24163;Sariegos;18,08;18,33;5,91;1,31;24305,0;30,2;55,1;8,08;19,41;1,06;15,27;48,13;45,4;9,88;23,68;46,36;6,52;71,47;58,94
24164;Sena de Luna;5,28;31,75;0,81;0,49;18460,0;38,54;42,86;7,55;28,72;17,55;25,0;24,31;64,09;15,32;22,85;24,46;7,43;85,0;54,3
24165;Sobrado;2,49;48,21;2,93;0,52;18360,0;24,36;49,82;6,18;18,09;1,06;39,36;20,21;72,34;31,52;14,49;17,39;11,22;67,97;35,51
24166;Soto de la Vega;9,65;30,94;6,75;1,07;16439,0;34,59;48,82;5,53;28,81;9,98;27,82;21,97;65,57;21,63;20,03;21,26;9,73;70,59;49,6
24167;Soto y Amío;6,64;34,96;3,42;0,66;16966,0;32,23;48,8;6,02;25,99;5,07;25,36;21,76;67,94;24,18;17,66;23,15;9,81;72,7;47,38
24168;Toral de los Guzmanes;8,95;34,23;12,37;1,31;15804,0;38,95;44,42;3,42;39,35;33,8;16,2;25,25;60,89;29,5;17,35;22,34;3,56;82,2;49,56
24169;Toreno;8,57;29,78;5,38;0,92;17147,0;32,9;46,94;7,59;16,85;5,54;25,99;19,34;69,4;27,8;18,75;17,26;13,45;50,83;37,37
24170;Torre del Bierzo;7,79;29,92;14,04;0,63;17841,0;34,23;44,44;6,92;17,78;4,1;28,21;16,96;71,02;28,72;15,9;18,12;14,33;51,18;37,15
24171;Trabadelo;4,02;33,31;4,02;0,54;16251,0;33,33;44,34;7,55;30,83;9,77;26,32;20,16;69,77;29,01;20,37;16,98;10,07;68,72;45,99
24172;Truchas;2,28;36,53;4,07;0,15;17106,0;38,67;40,27;8,0;24,68;12,99;22,73;21,33;63,33;23,36;11,55;23,1;15,52;69,01;45,79
24173;Turcia;9,04;36,37;2,97;1,23;15649,0;28,91;54,69;4,46;33,23;14,97;27,25;20,56;68,22;28,6;17,38;17,6;13,33;64,88;43,14
24174;Urdiales del Páramo;6,93;37,62;6,84;0,8;15803,0;30,68;51,76;5,15;46,37;33,52;19,55;14,01;73,89;27,56;21,87;14,81;11,06;73,14;45,85
24175;Valdefresno;13,81;23,12;7,45;1,11;20475,0;32,88;51,71;7,91;24,58;5,7;16,81;31,68;59,75;15,61;25,32;33,66;8,7;70,2;56,17
24176;Valdefuentes del Páramo;5,05;38,95;2,3;0,0;17293,0;30,0;52,76;2,76;52,63;42,11;18,8;24,04;70,19;23,29;11,64;24,32;2,74;86,06;50,0
24177;Valdelugueros;7,79;29,57;2,89;0,21;20376,0;38,44;47,33;6,0;28,11;9,22;17,97;33,65;57,21;12,99;23,81;33,77;7,14;69,33;49,02
24178;Valdemora;3,79;30,34;8,62;0,88;17180,0;25,86;50,0;6,9;20,0;20,0;12,0;18,18;72,73;22,03;16,95;22,03;7,69;64,86;44,07
24179;Valdepiélago;7,33;26,24;7,07;0,55;18226,0;39,44;46,83;7,39;31,71;4,07;26,02;27,73;60,5;18,69;25,61;30,1;5,56;67,0;50,0
24180;Valdepolo;7,31;35,99;7,14;1,06;16319,0;37,66;43,42;6,4;36,33;25,55;21,76;19,58;67,16;27,6;17,2;20,37;7,72;75,97;46,99
24181;Valderas;10,03;32,73;4,69;1,1;13962,0;32,74;50,77;4,86;39,2;16,73;27,45;17,61;69,51;25,49;17,64;14,33;12,62;66,47;46,49
24182;Valderrey;6,62;38,39;5,67;0,67;16088,0;30,41;48,45;6,19;21,71;11,84;23,68;21,53;61,11;22,59;23,6;23,35;13,33;65,0;41,88
24183;Valderrueda;7,47;31,14;4,04;1,18;18941,0;40,31;41,49;6,28;30,12;13,6;25,08;22,71;67,82;20,46;24,07;24,45;10,89;65,64;46,43
24184;Valdesamario;2,38;38,33;5,36;0,37;18641,0;34,91;38,46;7,1;18,18;10,91;20,0;20,37;55,56;22,81;21,64;19,3;10,53;72,34;44,44
24185;Val de San Lorenzo;9,9;35,5;5,27;0,64;17195,0;32,12;51,25;6,83;28,19;7,45;25,0;26,97;57,3;17,78;16,89;25,78;8,82;71,81;45,54
24187;Valdevimbre;6,47;32,61;9,12;0,57;17994,0;36,29;42,67;6,74;27,3;10,63;24,14;18,96;66,06;26,17;18,74;18,86;13,48;67,4;48,56
24188;Valencia de Don Juan;16,05;20,11;16,46;1,08;15209,0;33,79;50,06;6,63;20,71;8,98;25,4;23,71;61,61;17,94;22,55;26,31;9,03;65,23;54,0
24189;Valverde de la Virgen;17,1;14,85;8,37;1,15;16720,0;39,88;45,29;8,68;11,58;0,57;15,53;23,74;66,22;10,78;27,82;31,86;8,05;70,43;63,82
24190;Valverde-Enrique;5,0;41,35;3,38;0,0;18464,0;33,79;42,07;4,14;59,32;42,37;13,56;20,0;70,0;14,29;14,97;25,17;4,92;73,42;42,07
24191;Vallecillo;9,02;33,53;7,84;0,5;16927,0;38,46;48,35;5,49;53,85;28,21;17,95;16,67;80,56;21,88;16,67;23,96;12,82;61,82;41,05
24193;Vecilla, La;3,98;29,69;3,93;0,45;20303,0;34,35;43,49;11,91;26,97;5,62;23,03;26,55;62,71;11,96;25,82;32,34;9,24;69,01;50,41
24194;Vegacervera;5,24;31,21;4,03;0,0;21542,0;33,33;48,37;6,5;30,91;8,18;24,55;21,3;70,37;15,54;20,72;33,47;6,61;75,84;48,59
24196;Vega de Espinareda;7,78;32,1;4,9;0,98;17817,0;33,39;47,24;6,6;25,56;4,8;26,4;26,12;64,79;26,94;20,63;22,88;15,32;56,84;41,38
24197;Vega de Infanzones;10,5;28,53;5,34;0,73;16060,0;31,06;49,41;7,99;14,76;2,41;19,88;17,55;68,03;21,5;22,41;20,47;9,84;64,71;47,47
24198;Vega de Valcarce;5,33;35,64;7,39;0,56;17462,0;38,49;37,72;6,19;38,32;12,15;18,22;21,95;66,83;30,23;15,21;23,57;13,73;64,01;44,3
24199;Vegaquemada;6,39;39,54;4,63;0,5;18163,0;34,91;46,13;7,73;28,06;12,23;21,58;22,63;65,69;21,26;23,43;24,15;14,45;66,37;41,89
24201;Vegas del Condado;9,15;34,61;4,18;1,62;19909,0;31,82;49,43;7,39;25,64;15,17;16,45;26,03;62,79;21,76;20,26;28,94;8,64;74,49;48,87
24202;Villablino;8,36;27,27;6,91;0,74;18009,0;30,73;49,85;7,74;25,06;2,59;17,63;25,52;64,1;23,45;20,68;18,34;14,79;45,44;35,09
24203;Villabraz;5,65;41,88;7,06;0,93;17180,0;32,94;47,06;8,24;32,35;32,35;17,65;18,75;68,75;31,11;11,11;21,11;4,65;93,18;47,78
24205;Villadangos del Páramo;13,86;22,87;5,84;1,6;18829,0;34,54;49,35;7,64;25,51;9,26;21,48;27,15;59,08;16,65;25,43;26,17;9,28;70,51;56,69
24206;Toral de los Vados;9,87;30,73;9,83;1,11;15857,0;30,94;47,51;8,95;24,46;6,92;31,23;22,49;66,99;22,48;17,97;24,34;14,57;63,8;46,89
24207;Villademor de la Vega;7,93;36,41;12,41;2,71;16881,0;33,33;47,62;6,96;36,52;27,83;23,48;18,69;70,09;28,83;16,42;19,34;6,11;78,85;47,81
24209;Villafranca del Bierzo;8,18;37,12;9,24;0,57;15821,0;32,47;45,51;7,86;26,14;5,14;24,89;27,0;60,45;24,5;19,04;22,83;12,55;62,28;39,31
24210;Villagatón;8,08;32,78;15,58;1,43;19009,0;36,1;46,46;5,87;22,52;11,45;25,95;20,16;65,43;28,03;18,41;22,22;9,4;68,47;44,19
24211;Villamandos;8,62;35,46;5,95;0,66;18106,0;31,6;52,0;3,6;41,59;40,71;13,27;12,04;80,56;21,09;17,58;13,67;6,67;75,17;47,24
24212;Villamañán;8,54;37,79;6,62;1,52;18313,0;32,28;46,48;6,33;29,59;14,03;26,28;22,25;65,42;14,76;18,15;23,13;6,07;71,4;42,89
24213;Villamartín de Don Sancho;6,11;40,46;6,11;0,58;19863,0;29,1;52,24;6,72;32,84;19,4;14,93;23,73;67,8;30,0;15,71;28,57;3,39;86,36;42,14
24214;Villamejil;7,81;39,2;4,59;1,13;16418,0;33,06;49,67;5,65;35,03;19,8;18,27;21,81;68,62;24,63;19,58;19,58;13,03;62,73;39,08
24215;Villamol;4,48;32,84;5,22;0,0;15578,0;41,22;40,46;6,11;46,43;42,86;3,57;25,0;62,5;24,06;18,8;27,07;8,96;73,49;50,76
24216;Villamontán de la Valduerna;6,07;41,92;6,51;0,56;15242,0;32,59;45,57;6,8;39,44;18,31;23,47;22,68;65,46;28,48;18,89;15,94;13,77;63,2;38,47
24217;Villamoratiel de las Matas;7,6;32,73;2,48;1,08;18934,0;32,14;43,75;8,04;48,44;42,19;12,5;21,15;73,08;18,42;19,3;34,21;4,69;91,04;57,14
24218;Villanueva de las Manzanas;7,42;35,29;5,74;0,65;18109,0;34,7;46,98;7,54;29,8;16,16;17,68;28,89;59,44;12,26;29,39;26,0;11,82;71,06;46,81
24219;Villaobispo de Otero;10,89;31,71;5,62;1,34;16703,0;30,67;49,89;7,34;25,13;8,25;24,23;29,57;55,38;21,61;15,68;22,25;7,11;69,01;44,99
24221;Villaquejida;9,2;31,43;5,37;0,46;15057,0;36,61;49,73;3,01;40,37;22,98;25,16;18,27;68,44;23,62;16,64;20,94;7,33;69,6;46,08
24222;Villaquilambre;17,31;14,18;8,34;0,91;18304,0;36,55;49,06;9,19;13,77;1,02;17,22;32,74;56,8;6,94;25,38;37,96;8,02;68,65;63,26
24223;Villarejo de Órbigo;11,79;29,99;7,47;0,91;16495,0;33,31;48,4;5,75;25,68;8,54;25,35;24,81;59,91;22,15;20,45;25,61;8,11;70,13;48,85
24224;Villares de Órbigo;2,48;40,47;5,22;0,37;16915,0;34,81;44,94;4,79;30,61;16,84;19,39;20,67;66,48;24,32;17,42;21,23;8,52;68,46;40,55
24225;Villasabariego;12,48;25,09;7,62;1,46;18431,0;34,63;44,94;8,71;25,96;12,88;17,3;26,88;62,71;20,23;23,66;31,28;9,01;70,24;54,73
24226;Villaselán;6,33;37,22;3,33;1,94;17247,0;44,71;35,29;4,71;37,84;25,68;16,22;24,29;64,29;26,01;17,34;23,7;9,64;76,53;47,98
24227;Villaturiel;12,8;27,54;6,02;1,17;17326,0;34,46;48,84;7,0;25,24;7,29;20,92;22,14;64,88;20,65;21,68;25,76;12,51;68,66;51,73
24228;Villazala;4,89;37,82;4,82;0,82;14663,0;32,62;47,49;4,84;43,35;31,76;24,46;16,58;70,47;27,72;16,14;15,26;8,84;75,42;43,99
24229;Villazanzo de Valderaduey;5,56;43,53;2,48;0,47;14124,0;43,68;41,09;4,31;52,31;43,85;10,0;13,39;79,46;29,71;15,14;19,43;6,94;77,46;41,14
24230;Zotes del Páramo;5,59;41,93;6,53;1,32;18209,0;33,16;47,86;4,81;49,36;40,38;6,41;19,01;71,83;39,27;16,49;17,8;4,91;82,01;42,89
24901;Villamanín;6,27;29,46;6,46;0,43;17833,0;37,53;43,21;7,16;27,71;12,95;21,39;21,45;66,88;21,66;19,86;24,91;11,72;60,34;44,48
24902;Villaornate y Castro;6,61;41,47;5,65;0,84;16218,0;40,0;39,09;5,15;42,25;30,99;19,72;15,38;75,38;19,76;19,46;19,46;10,0;73,77;44,91
25001;Abella de la Conca;11,36;22,96;13,58;0,6;15046,0;34,78;49,28;7,97;43,24;39,19;8,11;31,67;56,67;19,73;21,09;36,73;12,64;73,08;59,18
25002;Àger;11,78;26,49;17,8;1,38;17807,0;34,91;46,68;8,92;31,11;15,19;15,19;30,92;56,22;16,49;26,27;36,05;7,51;70,21;53,56
25003;Agramunt;18,56;18,13;22,72;1,55;17620,0;31,43;54,02;6,53;18,7;7,1;40,23;27,56;57,64;15,12;22,37;24,71;6,02;70,4;58,49
25004;Alamús, Els;14,05;18,95;18,28;1,07;19418,0;34,25;50,58;8,24;21,72;13,89;19,44;35,01;53,32;6,03;26,79;34,22;5,41;74,6;62,8
25005;Alàs i Cerc;13,88;29,25;10,31;0,65;17954,0;40,37;44,07;5,93;29,63;11,11;14,81;34,95;50,49;12,77;21,99;42,2;4,1;64,29;43,88
25006;Albagés, L';9,38;29,38;8,55;0,73;15210,0;29,26;55,95;7,4;30,06;27,61;22,7;32,17;56,64;17,35;21,45;26,18;6,55;79,7;53,33
25007;Albatàrrec;17,7;11,55;25,13;1,05;17212,0;34,93;50,97;8,38;15,53;11,41;15,62;27,71;57,3;12,7;21,42;29,08;6,39;63,96;60,8
25008;Albesa;15,68;21,25;21,49;1,21;17213,0;31,66;56,75;4,81;23,8;28,04;19,02;24,92;54,08;18,8;20,04;24,73;4,42;71,99;57,09
25009;Albi, L';15,55;28,09;9,03;1,29;16142,0;30,06;55,61;3,74;22,97;13,85;27,7;31,16;52,54;12,97;20,21;28,05;7,79;67,27;49,16
25010;Alcanó;17,33;21,05;6,07;1,96;16167,0;33,0;54,68;3,94;31,3;23,48;15,65;32,65;60,2;9,71;18,93;38,35;4,65;78,85;62,93
25011;Alcarràs;20,51;11,43;35,42;1,34;15836,0;33,09;52,69;8,54;16,68;17,3;16,64;20,74;60,73;18,04;20,03;21,42;6,72;66,79;63,27
25012;Alcoletge;19,75;12,33;18,76;1,33;17388,0;34,07;51,59;8,96;13,47;6,32;22,62;27,54;59,14;10,57;23,39;29,4;7,15;69,01;63,67
25013;Alfarràs;15,62;21,41;18,06;1,29;15461,0;34,41;49,81;6,49;19,26;12,9;23,85;26,41;58,96;19,84;16,25;21,2;18,37;57,19;52,3
25014;Alfés;13,45;24,3;6,34;1,12;19131,0;29,8;57,96;4,08;37,76;23,08;13,29;33,59;57,03;13,89;24,6;30,56;4,32;75,57;56,05
25015;Algerri;13,92;30,75;11,08;1,7;17250,0;31,32;50,82;6,04;29,89;21,26;14,94;23,23;61,29;6,6;21,9;24,8;8,74;71,06;48,54
25016;Alguaire;16,15;20,48;21,0;1,13;17506,0;30,86;55,03;6,53;16,97;12,82;24,51;27,9;56,04;16,82;18,05;26,8;6,54;68,14;55,23
25017;Alins;11,56;24,67;9,63;0,98;18772,0;36,93;46,47;7,47;37,12;15,91;22,73;25,4;67,46;11,95;23,9;42,63;1,43;80,7;56,22
25019;Almacelles;17,41;17,85;26,89;1,27;16496,0;34,56;50,69;6,97;19,12;21,07;20,64;23,56;55,88;20,51;18,42;22,2;5,81;63,26;53,89
25020;Almatret;6,78;39,11;11,99;0,88;19623,0;33,82;45,82;8,36;30,83;18,05;20,3;25,83;65,0;22,54;15,49;23,94;6,62;85,23;47,89
25021;Almenar;15,01;21,48;14,8;1,31;17435,0;33,42;51,0;7,04;21,94;15,82;21,28;27,06;57,72;17,23;16,89;25,45;6,56;70,67;56,35
25022;Alòs de Balaguer;8,38;25,47;20,51;0,37;20482,0;31,78;42,99;16,82;29,63;5,56;31,48;37,04;51,85;16,22;33,33;30,63;10,17;67,95;53,15
25023;Alpicat;19,61;13,99;9,96;1,16;24590,0;33,17;53,85;7,67;18,73;5,13;15,71;47,79;44,12;6,87;22,07;46,46;3,8;74,17;65,03
25024;Alt Àneu;11,58;21,49;5,7;1,25;24352,0;40,75;47,5;5,75;32,0;10,22;12,44;42,33;50,23;6,55;24,03;51,7;4,07;80,0;60,15
25025;Naut Aran;15,56;14,45;14,95;0,93;26104,0;43,29;43,85;8,53;29,58;1,22;9,21;40,59;51,03;6,34;28,55;43,21;1,64;80,55;67,3
25027;Anglesola;17,62;20,75;15,05;1,27;17046,0;33,16;50,98;8,47;25,95;10,03;27,51;26,49;58,92;16,35;22,4;24,28;6,13;69,39;56,55
25029;Arbeca;14,59;23,07;18,61;1,5;16705,0;31,53;52,6;5,99;27,32;14,05;28,21;31,54;57,33;17,77;24,16;26,92;8,34;67,21;54,28
25030;Pont de Bar, El;16,89;24,91;10,18;0,88;19623,0;43,26;40,43;8,51;26,87;5,97;17,91;50,0;42,19;12,33;28,77;31,51;11,54;71,13;53,42
25032;Arsèguel;14,59;19,29;7,06;0,0;22942,0;46,15;41,54;3,08;15,0;5,0;12,5;38,89;55,56;13,24;29,41;38,24;2,7;65,45;56,06
25033;Artesa de Lleida;13,62;18,36;18,45;0,84;18737,0;35,19;50,57;6,7;19,18;15,34;18,77;32,89;55,06;13,6;22,98;31,78;5,32;68,26;56,74
25034;Artesa de Segre;16,46;19,09;26,82;1,36;16820,0;32,21;52,0;7,15;25,56;17,74;31,89;22,31;56,81;17,97;20,12;24,31;6,51;69,57;58,1
25035;Sentiu de Sió, La;11,61;27,9;7,14;0,92;19820,0;29,61;52,21;8,31;32,8;15,34;21,16;33,33;62,15;7,46;23,63;29,1;7,83;75,19;54,52
25036;Aspa;13,97;27,84;15,09;2,06;14214,0;31,38;50,0;7,98;37,93;31,03;17,24;36,71;50,63;24,87;16,06;34,72;3,16;67,65;49,74
25037;Avellanes i Santa Linya, Les;12,95;28,66;10,83;0,72;18703,0;28,73;56,37;7,59;32,46;20,94;16,23;37,85;57,06;12,05;26,92;28,46;5,39;75,69;53,26
25038;Aitona;18,28;19,88;37,28;1,28;13975,0;30,04;55,77;5,35;23,9;38,15;12,62;20,09;60,71;23,03;20,97;16,83;4,44;62,52;49,21
25039;Baix Pallars;9,66;23,54;10,29;0,62;20245,0;41,23;39,29;10,06;34,39;14,65;12,1;38,67;51,33;12,06;19,37;51,11;5,36;68,83;53,5
25040;Balaguer;19,19;16,57;27,73;1,34;15446,0;33,7;50,43;7,98;15,78;6,77;24,97;27,11;56,18;17,0;19,19;24,49;12,87;59,19;54,35
25041;Barbens;13,76;20,86;36,92;1,2;14806,0;31,55;52,94;6,15;21,01;31,12;17,82;20,34;51,58;24,14;19,36;18,26;5,56;61,41;49,01
25042;Baronia de Rialb, La;7,96;28,43;10,65;0,85;23362,0;26,21;55,83;7,77;40,91;26,36;20,91;29,17;62,5;11,79;20,28;33,96;8,66;86,57;60,19
25043;Vall de Boí, La;14,42;16,07;11,51;1,06;21648,0;41,6;45,53;7,55;37,69;6,12;12,59;42,88;50,81;8,48;27,99;48,01;3,88;80,31;66,43
25044;Bassella;12,84;22,88;14,88;1,2;19270,0;28,89;56,11;5,0;29,46;33,04;21,43;25,96;60,58;14,81;17,99;32,8;1,71;83,33;62,57
25046;Belianes;13,2;27,73;12,7;1,34;16146,0;32,74;50,22;5,31;32,88;21,0;22,37;25,63;62,31;13,98;27,74;28,39;7,05;73,93;52,39
25047;Bellcaire d'Urgell;14,45;23,1;15,57;0,88;18055,0;31,29;51,02;7,29;29,57;16,64;24,03;30,75;58,73;15,0;20,42;32,38;5,89;69,79;55,41
25048;Bell-lloc d'Urgell;17,3;18,64;18,1;1,34;18837,0;33,09;52,48;6,98;20,43;8,17;26,56;29,67;57,14;14,63;23,79;31,96;7,5;70,55;58,35
25049;Bellmunt d'Urgell;13,68;22,53;5,75;1,14;18017,0;33,99;51,63;5,23;28,89;25,56;23,33;32,05;57,69;6,88;25,62;31,25;5,49;77,48;57,23
25050;Bellpuig;17,04;16,35;29,07;1,49;16749,0;34,43;49,6;8,63;16,52;9,6;30,28;27,38;53,56;17,33;23,04;25,29;7,54;61,41;55,85
25051;Bellver de Cerdanya;15,81;19,1;13,72;1,19;23190,0;37,24;47,24;8,4;32,45;5,2;18,69;36,74;53,42;11,51;23,47;41,41;4,32;74,06;59,6
25052;Bellvís;15,03;21,98;22,33;1,06;17296,0;30,57;53,43;6,32;20,7;15,12;23,28;30,36;55,54;19,13;19,75;26,87;7,1;70,13;55,79
25053;Benavent de Segrià;17,35;15,05;13,1;1,13;20487,0;32,95;54,87;7,08;18,53;10,81;17,22;35,92;53,44;6,3;22,67;41,85;4,03;77,01;65,24
25055;Biosca;12,11;28,76;12,97;1,08;17997,0;22,93;55,41;7,01;37,97;21,52;31,65;25,37;68,66;12,42;23,6;27,33;1,2;76,64;51,55
25056;Bovera;10,24;33,65;15,48;1,56;12277,0;29,09;50,91;5,45;42,86;46,15;14,29;21,33;58,67;36,05;13,3;16,31;5,15;66,67;41,81
25057;Bòrdes, Es;13,31;17,79;11,39;0,38;22882,0;47,7;41,0;6,69;24,68;0,0;18,35;36,24;53,69;6,77;23,9;54,98;1,94;79,58;62,25
25058;Borges Blanques, Les;18,19;19,64;19,65;1,44;17058,0;32,2;51,01;8,47;16,41;6,65;29,48;30,49;55,26;14,51;20,93;28,94;8,24;66,28;55,43
25059;Bossòst;14,97;17,22;28,52;0,67;19429,0;41,94;42,8;7,85;21,89;0,74;15,77;27,27;62,48;13,15;24,8;27,39;2,28;68,81;57,24
25061;Cabó;11,26;27,13;10,34;0,54;22942,0;36,25;42,5;5,0;45,24;38,1;11,9;19,05;54,76;8,43;31,33;25,3;8,89;77,36;54,22
25062;Camarasa;11,68;28,0;7,38;0,78;20790,0;31,97;50,35;6,36;24,8;10,78;24,8;36,31;54,76;15,31;24,66;32,66;4,5;79,25;54,95
25063;Canejan;8,75;21,04;17,71;0,61;21814,0;46,59;40,91;9,09;22,22;2,22;8,89;34,88;41,86;17,2;18,28;34,41;7,27;76,12;59,78
25064;Castellar de la Ribera;22,29;23,82;5,34;0,95;14581,0;27,78;53,7;9,26;37,5;34,38;7,81;42,62;47,54;13,45;24,37;41,18;0,0;78,67;52,21
25067;Castelldans;13,34;22,3;19,9;1,38;16934,0;34,34;51,25;5,77;28,21;22,67;19,14;28,77;60,06;15,3;22,76;27,05;6,73;65,58;55,12
25068;Castellnou de Seana;15,91;24,04;17,6;1,41;15039,0;28,62;56,21;5,69;25,45;15,27;27,27;27,84;60,39;22,06;18,73;27,46;6,47;64,65;50,08
25069;Castelló de Farfanya;16,2;23,1;17,15;1,37;17196,0;29,05;55,21;8,43;28,7;22,33;19,53;27,09;61,58;8,92;22,08;21,44;8,03;69,39;53,55
25070;Castellserà;12,89;27,78;11,55;1,01;17199,0;30,05;52,97;6,29;27,18;15,05;27,18;29,27;58,03;15,4;21,29;28,09;6,87;72,41;51,84
25072;Cervera;18,92;15,56;27,01;1,42;17243,0;33,56;51,55;7,71;14,31;4,04;35,87;28,32;53,98;17,44;21,31;24,61;7,37;66,08;57,92
25073;Cervià de les Garrigues;12,24;29,17;6,91;1,6;14387,0;35,0;49,82;5,18;28,57;13,9;35,14;20,8;64,6;18,26;18,43;24,0;10,87;67,21;48,17
25074;Ciutadilla;8,82;29,46;8,06;0,26;17571,0;32,75;48,54;6,43;32,14;10,71;27,38;27,63;55,26;8,7;31,52;28,8;7,78;70,34;50,28
25075;Clariana de Cardener;18,12;14,62;3,75;1,51;19803,0;32,31;46,15;11,54;44,05;23,81;11,9;38,67;46,67;6,02;21,05;50,38;6,52;80,37;70,77
25076;Cogul, El;9,75;31,73;8,64;1,62;14359,0;31,72;50,34;10,34;31,67;16,67;36,67;18,0;70,0;16,67;28,0;20,0;8,11;74,73;49,66
25077;Coll de Nargó;10,97;26,8;16,07;0,74;18248,0;40,7;41,74;8,26;23,64;11,36;19,09;33,99;50,25;19,89;21,4;36,36;9,54;65,29;50,19
25078;Corbins;16,55;18,04;16,71;1,11;18033,0;30,9;55,18;7,37;20,99;18,17;19,3;30,62;52,92;13,73;20,12;31,2;4,33;70,35;58,84
25079;Cubells;11,75;26,55;12,71;1,25;18455,0;33,66;47,71;8,82;36,11;17,22;20,56;28,74;59,88;11,18;25,56;31,95;5,49;79,63;58,71
25081;Espluga Calba, L';12,04;30,06;11,42;1,17;14717,0;36,46;45,83;6,94;32,82;25,19;25,95;33,04;60,0;11,11;20,2;29,29;7,84;73,44;51,86
25082;Espot;10,19;18,14;10,61;0,58;24449,0;41,92;47,31;5,99;27,36;4,72;13,21;41,18;50,49;5,17;26,44;45,69;2,35;77,9;61,92
25085;Estaràs;16,4;27,33;6,21;1,81;22153,0;26,87;57,46;8,21;45,0;28,75;16,25;42,67;52,0;17,73;18,44;40,43;1,3;85,39;55,4
25086;Esterri d'Àneu;15,1;14,42;29,76;1,22;19582,0;42,57;40,88;9,19;22,92;2,7;18,88;40,57;45,75;13,64;24,53;39,8;4,35;67,38;58,15
25088;Estamariu;12,39;26,12;8,21;0,52;16007,0;36,67;52,5;7,5;32,61;15,22;13,04;27,91;53,49;10,66;20,49;28,69;3,64;60,92;45,45
25089;Farrera;10,5;23,0;6,67;0,3;18007,0;49,56;38,05;9,73;40,0;18,18;10,91;37,04;55,56;5,98;36,75;41,03;8,45;82,28;61,74
25092;Floresta, La;12,33;23,9;15,72;2,04;21941,0;38,85;46,04;7,19;16,44;6,85;24,66;42,03;47,83;8,72;28,86;41,61;7,69;74,23;53,06
25093;Fondarella;19,03;18,45;11,47;1,68;19961,0;32,88;56,32;5,78;19,27;3,63;30,45;32,64;53,12;8,61;24,23;35,18;6,36;73,51;60,95
25094;Foradada;18,04;23,71;22,16;2,03;18066,0;30,86;49,38;12,35;33,73;25,3;26,51;32,05;43,59;13,1;28,57;33,33;8,08;81,25;59,28
25096;Fuliola, La;17,67;21,11;18,79;1,45;15760,0;32,14;53,67;5,16;26,26;16,97;29,9;28,29;52,19;15,0;18,58;23,77;11,61;64,64;55,16
25098;Gavet de la Conca;8,95;35,64;10,51;0,58;18007,0;32,91;50,21;4,22;32,32;17,17;18,18;30,34;57,3;25,51;17,7;34,16;4,63;75,18;44,81
25099;Golmés;18,43;17,39;15,2;1,19;19234,0;33,46;52,49;7,34;19,52;7,92;28,59;31,4;55,91;13,3;21,67;32,39;6,52;71,72;60,22
25100;Gósol;10,92;25,8;11,59;0,9;20703,0;30,17;56,98;6,7;41,0;8,0;23,0;36,36;56,57;15,62;29,17;36,46;7,0;72,09;52,63
25101;Granadella, La;12,44;25,62;22,77;1,51;17063,0;33,01;50,41;6,02;26,52;23,17;19,21;28,57;50,5;22,81;19,88;27,78;3,77;71,86;50,88
25102;Granja d'Escarp, La;13,44;22,27;29,28;1,11;16022,0;33,38;52,09;5,31;25,14;40,16;13,39;22,96;55,89;17,54;13,6;19,93;5,17;60,06;48,97
25103;Granyanella;9,74;27,4;6,49;0,81;18595,0;31,01;53,49;7,75;27,27;5,19;27,27;32,88;58,9;5,43;24,03;30,23;5,41;75,27;57,36
25104;Granyena de Segarra;16,91;27,65;2,01;1,52;19261,0;29,6;55,2;9,6;33,33;14,49;24,64;27,87;68,85;12,8;24,0;29,6;8,7;77,78;55,2
25105;Granyena de les Garrigues;13,1;29,89;28,16;0,88;14388,0;27,74;54,74;10,22;24,14;24,14;12,07;32,14;41,07;11,64;26,03;26,03;8,7;64,29;47,92
25109;Guimerà;11,62;32,02;17,79;0,95;14709,0;27,93;50,9;7,21;44,21;25,26;17,89;33,73;61,45;19,74;21,93;28,51;7,55;69,01;46,7
25110;Guissona;21,61;9,66;50,97;1,51;17104,0;32,33;57,0;5,86;11,76;4,02;59,29;15,21;52,44;23,48;18,23;19,91;4,41;68,91;65,06
25111;Guixers;10,08;30,56;6,4;1,75;24415,0;38,02;47,93;5,79;30,65;14,52;29,03;29,31;58,62;16,0;21,6;34,4;4,05;94,67;59,68
25112;Ivars de Noguera;11,76;25,41;14,15;0,27;17227,0;32,28;52,28;9,12;24,84;28,1;20,26;23,36;54,01;17,12;23,63;23,97;3,92;72,06;52,76
25113;Ivars d'Urgell;15,43;24,91;21,15;1,25;17832,0;29,16;54,21;7,59;23,89;19,32;23,89;26,32;53,61;14,95;21,66;27,8;4,83;70,84;52,84
25114;Ivorra;4,95;31,29;5,94;2,62;19542,0;35,48;47,31;6,45;38,78;28,57;28,57;33,33;60,42;19,59;22,68;36,08;1,96;83,33;52,58
25115;Isona i Conca Dellà;12,86;29,79;16,15;0,97;17043,0;31,09;55,01;5,01;37,47;33,33;14,48;25,75;59,0;14,46;23,52;30,74;9,57;72,9;51,54
25118;Juncosa;12,08;27,39;12,14;1,33;14746,0;33,73;51,2;5,42;45,88;38,82;15,29;19,11;65,61;21,37;24,79;21,08;3,35;76,55;51,0
25119;Juneda;18,06;19,9;23,3;1,5;17763,0;31,53;54,27;5,94;19,3;14,81;26,89;31,14;52,45;17,26;19,09;26,14;6,77;70,31;56,62
25120;Lleida;17,3;16,82;27,76;1,23;18566,0;36,6;46,85;9,09;12,94;4,71;16,79;35,73;50,67;13,71;22,3;33,36;9,55;61,96;55,33
25121;Les;14,75;13,92;35,36;0,95;21661,0;41,44;44,01;8,56;20,53;1,63;15,65;25,78;59,04;9,81;31,73;30,97;3,91;64,52;56,28
25122;Linyola;18,26;19,51;18,04;1,5;16313,0;31,34;54,54;6,43;21,62;13,76;26,73;26,68;58,77;15,83;18,76;26,74;5,12;73,45;58,9
25123;Lladorre;11,54;25,69;4,07;0,85;22152,0;38,05;49,12;7,96;30,97;6,19;14,16;43,64;49,09;11,59;22,75;40,77;5,88;73,68;51,52
25124;Lladurs;15,38;26,56;1,61;1,2;18752,0;34,78;49,69;6,21;45,16;27,96;11,83;30,49;63,41;14,81;24,69;41,98;1,05;88,68;58,64
25125;Llardecans;12,12;29,95;8,33;1,03;17399,0;30,13;54,4;4,27;39,15;29,1;21,69;30,49;57,93;19,32;20,37;27,15;3,02;76,89;52,09
25126;Llavorsí;13,18;21,52;12,24;0,54;22500,0;38,75;45,33;8,65;20,99;8,02;11,11;32,91;62,66;11,37;24,75;43,81;5,78;73,09;58,05
25127;Lles de Cerdanya;10,68;22,31;8,84;1,17;21230,0;41,9;42,69;8,7;45,71;15,0;14,29;40,77;48,46;6,11;29,77;41,22;4,76;72,92;56,32
25128;Llimiana;7,38;32,15;6,15;0,0;15996,0;27,12;55,93;11,86;41,07;23,21;10,71;37,74;52,83;17,89;27,64;39,84;3,45;75,68;47,15
25129;Llobera;16,22;24,68;0,5;2,57;16289,0;34,81;50,83;4,97;56,48;34,26;21,3;32,97;60,44;9,89;25,82;36,81;5,13;91,74;64,64
25130;Maldà;8,75;30,25;7,08;0,83;17178,0;35,51;41,59;11,21;32,67;17,82;19,8;34,07;56,04;13,7;24,66;26,48;7,69;75,52;53,42
25131;Massalcoreig;15,11;22,65;28,01;2,44;13628,0;34,45;52,73;2,73;28,06;39,92;16,21;21,82;51,82;11,6;16,6;18,0;5,88;66,67;51,0
25132;Massoteres;19,82;14,25;24,78;1,29;19015,0;35,84;50,87;4,05;24,79;11,97;42,74;20,0;60,0;8,29;25,41;33,7;3,48;70,7;64,61
25133;Maials;12,59;24,99;22,43;1,28;14917,0;30,19;56,18;4,08;37,04;31,85;20,25;25,0;56,18;21,25;16,45;21,49;6,25;68,3;52,55
25134;Menàrguens;13,24;23,64;17,08;1,57;17199,0;36,1;49,05;5,39;23,96;21,6;24,85;25,08;58,93;15,8;23,5;26,99;7,09;71,08;53,74
25135;Miralcamp;17,6;21,69;11,77;1,34;16104,0;30,45;55,64;6,47;20,17;13,11;31,6;23,82;60,36;12,87;19,34;23,13;7,89;69,36;54,23
25136;Molsosa, La;10,69;31,88;5,94;2,33;20036,0;30,85;57,45;2,13;59,26;42,59;16,67;22,73;68,18;9,38;16,67;39,58;9,43;84,21;55,21
25137;Mollerussa;20,09;13,33;34,82;1,43;16630,0;33,3;52,28;8,3;13,65;5,94;29,98;26,18;55,06;15,95;24,22;24,29;9,05;62,38;58,77
25138;Montgai;12,1;29,21;7,31;1,2;17890,0;28,4;54,67;7,41;38,64;26,44;24,41;29,64;57,5;13,45;20,52;26,21;3,86;80,38;53,99
25139;Montellà i Martinet;13,02;20,99;12,07;0,9;20280,0;39,54;43,19;10,36;30,61;4,08;15,99;30,96;57,3;11,43;21,78;39,56;6,15;73,23;56,7
25140;Montferrer i Castellbò;16,26;18,86;18,09;1,01;18620,0;40,29;46,21;8,23;29,25;7,33;13,71;32,09;58,71;12,0;25,9;39,9;7,08;58,22;48,63
25141;Montoliu de Segarra;12,86;21,98;12,64;2,33;20265,0;26,11;55,41;9,55;38,55;12,05;24,1;44,0;53,33;10,49;25,31;41,98;5,62;70,0;55,62
25142;Montoliu de Lleida;17,27;20,53;15,48;2,11;17182,0;30,41;50,0;9,79;27,23;17,86;17,41;31,53;53,2;8,91;21,78;31,19;4,42;69,23;56,5
25146;Navès;16,3;20,74;8,42;0,98;18115,0;26,23;61,48;4,1;40,36;30,12;17,47;35,1;56,95;9,34;25,68;38,91;4,49;81,87;61,66
25148;Odèn;8,78;29,22;5,65;0,72;20955,0;34,27;51,64;4,69;38,58;22,05;26,77;25,0;64,66;15,81;20,0;33,02;3,17;88,41;58,6
25149;Oliana;14,24;25,71;24,02;1,23;18051,0;34,01;52,14;4,15;18,67;6,66;32,64;27,82;56,75;15,94;21,05;25,48;4,02;68,4;49,53
25150;Oliola;8,75;27,71;3,12;0,62;23007,0;30,68;54,55;6,82;38,83;33,98;12,62;25,51;64,29;8,74;30,05;35,52;0,93;88,33;59,12
25151;Olius;21,09;17,07;4,35;0,76;20280,0;29,76;57,91;6,48;30,06;9,0;30,27;40,04;54,76;6,02;20,7;43,92;4,4;78,86;64,41
25152;Oluges, Les;9,82;28,02;9,58;0,88;22079,0;26,57;51,75;10,49;32,1;14,81;22,22;37,84;54,05;17,11;26,32;31,58;4,88;75,73;54,3
25153;Omellons, Els;10,91;37,33;2,67;1,56;17185,0;30,59;48,82;6,47;32,53;21,69;28,92;22,97;68,92;13,87;21,39;26,01;4,65;87,23;50,0
25154;Omells de na Gaia, Els;5,24;26,51;7,14;0,37;16136,0;39,29;48,21;3,57;40,35;28,07;21,05;29,63;64,81;15,79;18,42;33,33;6,45;71,6;54,39
25155;Organyà;14,27;23,85;19,98;1,72;18948,0;38,91;40,38;7,25;23,01;5,83;25,77;31,33;49,05;13,17;23,67;27,59;8,29;63,48;51,06
25156;Os de Balaguer;16,29;17,39;7,5;0,95;18944,0;35,99;50,5;7,09;27,96;12,22;23,7;30,53;60,67;11,13;25,05;34,26;3,97;76,06;62,87
25157;Ossó de Sió;15,7;26,9;7,0;0,72;20634,0;25,47;54,66;8,7;33,33;21,88;23,96;39,77;53,41;11,31;20,83;36,9;4,0;81,36;61,35
25158;Palau d'Anglesola, El;17,32;16,59;12,04;1,07;19688,0;31,62;53,88;6,84;21,99;9,29;28,7;34,62;54,93;12,27;27,92;33,79;5,39;73,08;62,66
25161;Conca de Dalt;15,44;26,61;12,76;1,65;22614,0;35,91;45,86;9,12;32,37;12,72;12,14;50,61;41,46;13,07;26,93;42,67;6,04;68,4;48,79
25163;Coma i la Pedra, La;11,37;21,29;7,91;0,88;22820,0;36,76;47,83;8,7;33,08;3,08;23,08;48,06;47,29;7,34;23,55;42,08;5,48;74,19;56,59
25164;Penelles;11,18;26,4;9,98;1,07;22417,0;36,1;48,13;3,48;30,29;14,86;16,57;40,0;45,62;19,9;20,91;32,49;7,18;64,12;45,94
25165;Peramola;14,16;25,66;12,68;1,81;18733,0;32,56;54,82;3,32;31,48;29,63;17,28;29,53;53,02;13,31;22,4;32,14;4,62;82,5;56,35
25166;Pinell de Solsonès;12,02;22,02;4,55;1,7;18992,0;34,83;49,44;3,93;46,94;31,63;16,33;25,0;65,91;18,13;25,27;37,91;7,34;78,91;60,22
25167;Pinós;15,33;24,01;6,93;0,89;18168,0;35,5;51,95;4,33;54,14;39,85;9,77;27,03;65,77;7,2;27,12;41,53;5,44;85,28;62,82
25168;Poal, El;16,11;23,43;13,43;1,28;18682,0;29,41;54,41;8,09;27,57;12,29;26,91;37,68;47,89;16,96;18,93;34,46;3,13;80,47;57,27
25169;Pobla de Cérvoles, La;5,87;30,38;12,02;1,0;18934,0;31,72;43,55;12,37;30,11;13,98;22,58;32,56;48,84;13,43;22,89;32,84;9,71;71,54;51,5
25170;Bellaguarda;10,94;27,53;8,36;1,44;14155,0;31,84;54,68;5,62;51,47;31,62;20,59;20,51;70,09;16,36;20,07;27,14;4,17;80,23;53,73
25171;Pobla de Segur, La;14,79;22,88;25,39;1,33;19148,0;34,16;48,6;7,22;18,45;4,17;22,12;36,56;50,58;15,96;23,24;32,53;6,71;62,41;50,0
25172;Ponts;15,98;20,45;25,58;1,2;17406,0;32,83;51,59;6,71;20,82;10,54;25,7;25,93;56,69;17,88;20,42;23,96;8,31;68,81;56,04
25173;Pont de Suert, El;16,3;18,2;21,53;0,81;18856,0;38,91;47,23;6,05;19,74;5,28;19,46;31,66;54,25;14,64;24,41;32,29;3,65;66,69;54,01
25174;Portella, La;14,16;18,85;43,15;0,83;17174,0;33,16;53,2;6,06;16,27;23,96;15,68;19,44;50,47;17,43;17,27;23,55;5,19;67,56;54,65
25175;Prats i Sansor;11,9;22,86;10,71;1,75;30066,0;33,79;49,77;10,5;39,42;3,65;13,87;50,78;44,53;3,52;20,26;58,15;3,4;89,31;65,04
25176;Preixana;14,75;27,0;9,25;0,82;19544,0;29,62;54,25;6,74;27,27;11,76;28,34;30,11;61,36;15,95;21,65;31,05;5,67;77,22;55,59
25177;Preixens;12,23;31,43;6,52;1,05;17979,0;33,14;48,13;7,49;29,61;13,82;26,97;28,57;57,14;15,73;22,47;21,07;10,78;65,64;47,85
25179;Prullans;13,56;20,81;19,26;0,72;19001,0;37,91;44,08;9,95;42,62;12,3;9,02;44,83;43,97;8,11;24,32;43,24;5,88;63,28;54,09
25180;Puiggròs;14,0;25,19;6,3;1,22;18457,0;27,35;54,26;6,73;26,89;21,01;25,21;31,53;55,86;4,39;27,63;35,53;9,45;71,43;56,19
25181;Puigverd d'Agramunt;14,56;19,33;27,62;1,37;16333,0;38,12;50,5;6,44;29,17;39,17;23,33;20,87;47,83;6,51;22,79;25,58;7,56;69,62;55,61
25182;Puigverd de Lleida;16,71;16,33;10,73;1,04;18408,0;33,81;50,89;8,67;18,79;10,33;20,95;27,06;60,09;11,26;24,86;29,88;5,06;72,76;62,01
25183;Rialp;13,33;16,22;8,14;1,15;21655,0;40,53;43,54;8,14;24,04;5,19;15,03;35,61;52,99;7,41;26,21;45,34;3,73;79,17;64,88
25185;Ribera d'Urgellet;15,95;16,78;20,57;1,17;17587,0;40,58;42,8;9,16;24,25;14,5;15,0;36,05;46,84;14,08;23,47;37,67;5,05;58,61;50,79
25186;Riner;17,33;26,0;7,04;1,56;19621,0;32,86;52,58;3,29;36,52;23,48;18,26;38,38;52,53;13,96;23,42;40,99;5,74;76,67;55,71
25189;Rosselló;19,28;13,99;17,95;1,36;17970,0;32,82;51,94;8,68;12,81;5,33;21,94;30,67;58,22;13,63;20,99;29,53;8,49;69,52;63,84
25190;Salàs de Pallars;14,78;22,07;13,04;1,04;22236,0;37,16;48,65;7,43;20,0;4,24;13,94;34,57;52,47;9,06;21,04;50,81;9,78;72,49;59,93
25191;Sanaüja;9,79;27,27;9,28;0,76;18370,0;33,24;47,28;7,45;35,14;15,68;28,65;24,43;63,07;15,92;26,54;25,98;6,01;69,64;51,4
25192;Sant Guim de Freixenet;18,23;21,36;21,57;1,47;17269,0;33,16;49,26;9,26;21,71;8,14;39,53;27,12;56,57;17,95;23,8;31,12;8,13;70,33;57,23
25193;Sant Llorenç de Morunys;13,12;27,19;14,05;0,68;21624,0;32,2;50,0;7,38;21,4;2,09;32,33;33,57;54,29;11,74;24,94;33,56;2,61;76,15;51,86
25194;Sant Ramon;11,01;29,69;9,94;1,21;19814,0;29,79;55,2;7,62;35,05;17,29;29,44;30,05;61,14;15,74;23,73;33,48;4,33;77,27;51,91
25196;Sant Esteve de la Sarga;4,92;31,86;10,17;0,88;20944,0;28,07;58,77;4,39;33,33;22,22;12,96;24,49;59,18;21,01;21,85;35,29;8,62;73,61;48,74
25197;Sant Guim de la Plana;12,08;26,04;5,21;0,78;19963,0;35,88;45,29;6,47;23,71;15,46;35,05;26,67;64,44;9,04;28,81;34,46;7,62;81,51;60,34
25200;Sarroca de Lleida;10,86;29,14;10,7;1,2;15617,0;34,81;51,62;5,01;35,29;25,29;19,41;29,05;62,16;13,47;18,05;25,5;6,08;73,28;52,16
25201;Sarroca de Bellera;6,85;32,79;6,31;2,1;24363,0;38,1;44,76;6,67;41,38;32,76;17,24;23,64;69,09;13,08;27,1;40,19;11,86;83,87;55,14
25202;Senterada;14,53;17,02;14,91;1,93;23420,0;36,84;46,62;9,02;30,43;10,14;11,59;32,31;60,0;11,51;28,78;38,13;8,97;66,36;56,52
25203;Seu d'Urgell, La;15,62;17,88;27,49;1,08;15840,0;39,1;44,3;8,37;18,23;2,78;16,59;32,13;51,62;13,26;27,72;31,13;10,09;51,18;45,37
25204;Seròs;18,11;19,46;29,66;1,88;14994,0;30,52;56,67;4,78;25,45;33,8;17,67;25,18;52,46;24,89;17,34;20,06;4,64;66,01;52,79
25205;Sidamon;17,81;15,72;9,64;1,28;18591,0;30,61;55,29;7,69;15,24;5,08;26,47;28,77;61,82;9,94;22,48;32,57;4,67;75,05;63,79
25206;Soleràs, El;12,33;32,33;14,38;0,91;15289,0;27,8;54,87;5,42;45,16;40,32;16,94;30,1;55,34;23,88;22,49;25,26;3,68;75,29;47,39
25207;Solsona;17,69;17,48;24,55;1,33;17332,0;34,18;49,71;7,93;17,77;5,48;30,07;28,87;55,44;16,45;21,2;31,46;8,36;65,37;57,83
25208;Soriguera;17,86;12,43;5,12;0,95;19248,0;47,87;39,1;7,18;30,57;9,61;13,1;44,44;48,15;7,27;27,27;50,39;4,03;74,38;65,61
25209;Sort;15,97;18,94;16,88;1,06;19698,0;39,79;42,82;9,83;26,07;3,6;12,8;37,29;50,45;10,79;28,56;38,95;4,24;70,78;57,05
25210;Soses;19,2;17,98;30,84;1,38;16865,0;29,04;58,84;5,5;22,87;27,6;18,4;25,0;55,64;15,68;19,18;22,18;5,16;61,87;51,46
25211;Sudanell;13,91;21,13;16,85;1,15;19047,0;34,75;49,53;7,59;21,13;20,64;14,0;28,46;54,52;16,54;21,55;25,81;2,8;69,8;54,38
25212;Sunyer;15,16;20,06;22,26;1,88;17514,0;31,6;54,8;3,2;31,48;37,04;15,43;28,08;52,05;13,9;22,78;26,64;3,95;73,74;59,14
25215;Talarn;12,27;15,42;10,73;0,67;19903,0;48,54;39,54;7,74;11,11;2,85;6,84;21,93;73,39;10,61;30,2;45,92;3,79;74,94;65,36
25216;Talavera;10,96;30,46;4,98;1,0;23435,0;37,01;50,79;6,3;46,92;30,0;18,46;34,48;56,03;8,56;27,24;33,46;2,21;81,1;53,33
25217;Tàrrega;19,89;14,69;29,27;1,42;16636,0;33,11;52,16;7,94;15,97;3,8;30,53;29,3;55,37;11,56;26,05;30,93;8,74;64,18;58,81
25218;Tarrés;19,52;20,96;5,6;1,81;18163,0;34,0;54,0;9,0;10,2;10,2;26,53;38,3;48,94;5,94;25,74;44,55;7,94;80,56;62,38
25219;Tarroja de Segarra;13,01;29,82;8,59;0,28;18527,0;35,86;48,97;5,52;31,71;6,1;18,29;41,03;46,15;8,0;28,67;43,33;3,61;87,91;55,7
25220;Térmens;14,01;21,64;18,07;1,02;18423,0;31,35;53,42;6,48;21,02;14,78;21,18;30,16;58,41;13,71;24,08;26,76;6,76;69,93;56,54
25221;Tírvia;15,25;24,89;7,91;1,65;16561,0;37,9;45,97;7,26;31,67;8,33;13,33;41,38;53,45;9,45;23,62;40,94;5,97;78,75;52,76
25223;Torà;14,34;22,62;17,15;1,32;18788,0;31,96;51,45;6,75;21,98;10,39;28,62;26,92;59,0;13,42;19,37;29,73;5,9;76,33;57,05
25224;Torms, Els;7,56;33,63;6,67;0,82;16689,0;29,6;51,2;6,4;37,1;24,19;32,26;31,48;61,11;7,81;35,94;24,22;4,29;87,01;55,56
25225;Tornabous;16,52;22,13;24,76;1,74;16601,0;32,09;52,87;6,02;29,11;27,22;19,41;28,74;52,01;15,83;28,1;22,78;6,68;69,41;53,51
25226;Torrebesses;13,93;27,07;10,0;2,21;16033,0;31,76;46,78;12,02;24,32;20,27;21,62;29,71;57,25;9,43;23,77;27,87;5,67;82,1;58,51
25227;Torre de Cabdella, La;10,42;28,21;7,24;1,11;27258,0;34,74;50,0;6,83;28,06;11,94;11,64;48,29;46,11;8,74;22,0;53,03;6,28;76,05;51,99
25228;Torrefarrera;20,6;12,21;14,38;1,35;20655,0;32,78;53,39;9,5;16,51;4,36;14,65;36,09;54,62;10,57;24,4;35,51;5,17;72,07;66,27
25230;Torregrossa;16,7;21,17;21,66;1,57;17018,0;32,71;52,77;5,64;28,72;18,49;21,38;26,77;56,31;20,49;19,14;24,38;4,52;70,93;55,92
25231;Torrelameu;14,46;17,97;29,29;1,54;17101,0;29,83;56,72;7,42;19,53;32,72;15,83;28,24;41,18;16,62;21,73;24,72;4,66;69,59;58,54
25232;Torres de Segre;15,63;18,19;32,11;1,3;16080,0;33,46;52,96;6,08;18,21;22,42;10,42;24,2;56,16;16,76;20,68;19,82;6,67;61,07;51,7
25233;Torre-serona;13,37;21,96;19,57;0,78;19260,0;33,07;47,73;7,47;17,91;14,43;18,41;35,16;51,1;16,41;19,49;30,26;4,69;73,55;54,9
25234;Tremp;14,77;21,15;25,78;0,99;18108,0;35,58;46,35;8,52;18,15;6,55;17,7;32,37;52,64;18,89;23,62;32,38;8,83;62,32;51,93
25238;Vallbona de les Monges;8,12;31,07;8,48;1,03;20527,0;43,88;43,37;4,59;22,92;9,38;23,96;45,78;46,99;16,02;19,9;40,78;2,94;75,0;49,76
25239;Valls de Valira, Les;16,72;18,18;20,64;1,8;14964,0;36,02;48,34;8,37;25,26;7,02;16,49;28,73;58,96;14,82;26,76;31,8;5,1;53,99;45,57
25240;Vallfogona de Balaguer;19,25;17,85;14,79;1,23;18461,0;29,95;55,58;6,77;24,63;15,03;20,04;28,41;58,72;9,39;23,49;30,99;5,14;74,63;60,76
25242;Verdú;11,05;25,4;14,65;1,06;17373,0;34,24;45,61;8,79;24,63;13,93;18,66;35,11;54,26;13,18;23,77;35,1;7,8;72,56;54,16
25243;Vielha e Mijaran;14,72;14,57;32,58;0,91;20358,0;40,16;46,27;8,44;20,25;0,46;15,92;28,74;56,13;10,05;28,84;33,85;2,19;72,92;61,89
25244;Vilagrassa;19,3;14,74;21,21;1,49;19509,0;32,67;53,66;8,12;15,25;4,08;28,57;29,86;57,19;7,63;24,62;36,26;5,44;74,35;64,02
25245;Vilaller;9,7;22,98;15,29;0,49;19137,0;41,07;44,08;6,5;22,41;5,81;19,09;33,48;51,79;12,15;26,46;36,01;5,76;68,77;53,29
25247;Vilamòs;9,2;15,75;11,49;0,45;29986,0;41,77;43,67;11,39;31,07;0,0;20,39;29,9;63,92;4,79;34,73;34,13;6,9;84,38;69,88
25248;Vilanova de Bellpuig;18,22;26,16;14,27;1,13;18202,0;27,96;54,11;6,19;28,34;14,6;23,33;37,89;51,32;13,24;21,18;31,06;4,73;76,91;54,66
25249;Vilanova de l'Aguda;9,69;32,78;2,58;2,52;18221,0;24,86;61,02;4,52;52,53;37,37;23,23;30,77;63,74;10,67;26,97;33,71;0,0;92,52;55,93
25250;Vilanova de Meià;20,5;23,01;24,06;1,11;19529,0;31,01;53,62;6,67;41,71;37,71;12,57;28,75;58,75;27,43;14,56;32,04;7,69;56,96;47,45
25251;Vilanova de Segrià;16,34;16,75;17,28;1,6;18185,0;33,29;51,05;8,53;20,53;12,11;15,81;30,2;55,58;12,76;24,53;32,12;5,27;68,53;59,2
25252;Vila-sana;18,94;15,28;10,61;1,53;20335,0;29,51;54,75;7,7;22,92;14,61;25,69;29,78;57,1;11,59;22,7;31,27;3,95;81,62;69,13
25253;Vilosell, El;6,4;36,52;9,55;0,0;20261,0;31,36;45,56;11,83;40,85;14,08;14,08;38,81;50,75;11,93;27,84;34,09;5,33;71,72;42,61
25254;Vilanova de la Barca;14,09;18,83;27,5;1,54;18784,0;32,96;51,35;7,11;19,38;11,82;18,02;28,92;61,71;15,6;22,42;30,99;5,88;67,26;58,5
25255;Vinaixa;11,68;32,23;7,36;1,31;16481,0;31,89;51,02;5,36;25,13;6,42;37,43;33,72;56,4;12,62;25,0;27,72;7,46;79,15;50,5
25901;Vall de Cardós;11,61;24,71;16,62;1,27;22007,0;38,41;49,09;4,88;31,55;4,17;26,19;36,02;54,04;14,99;25,94;35,45;5,95;65,56;48,84
25902;Sant Martí de Riucorb;14,81;28,62;7,85;1,5;16766,0;29,53;52,37;7,38;32,5;17,86;22,5;33,59;56,87;19,26;21,45;30,74;7,07;75,46;53,07
25903;Guingueta d'Àneu, La;10,14;21,23;18,84;1,17;23125,0;35,63;51,01;5,26;35,07;8,96;14,93;41,09;48,06;12,5;26,14;40,91;4,05;73,96;56,92
25904;Castell de Mur;7,42;28,93;3,14;0,0;22274,0;36,42;43,83;9,88;26,09;14,49;8,7;60,32;36,51;15,66;22,29;44,58;7,59;71,57;47,59
25905;Ribera d'Ondara;13,26;23,76;5,5;1,26;18124,0;32,0;53,5;7,5;36,68;15,28;20,96;31,73;58,65;7,41;19,51;35,8;6,91;83,88;61,04
25906;Valls d'Aguilar, Les;7,34;31,51;15,06;0,21;16649,0;36,44;44,92;8,47;33,33;12,61;25,23;24,27;62,14;14,29;27,78;31,35;1,83;70,39;43,43
25907;Torrefeta i Florejacs;12,18;25,5;10,12;0,97;19078,0;30,74;53,89;6,26;30,29;19,87;31,27;28,78;61,15;6,23;25,09;35,35;4,39;83,11;59,18
25908;Fígols i Alinyà;6,21;26,81;8,94;0,25;16879,0;38,22;47,56;5,78;32,46;16,67;18,42;26,67;59,05;9,57;24,35;34,35;4,31;72,55;51,1
25909;Vansa i Fórnols, La;7,2;28,78;21,16;0,78;18853,0;38,16;41,45;12,5;31,51;8,22;19,18;50,72;37,68;15,73;25,84;31,46;7,41;66,96;45,76
25910;Josa i Tuixén;11,45;33,82;6,36;1,31;20155,0;37,27;49,09;8,18;37,93;5,17;24,14;38,18;49,09;9,09;32,73;34,55;8,06;101,79;56,36
25911;Plans de Sió, Els;12,81;26,37;11,91;0,62;20553,0;31,57;51,88;7,06;30,51;19,57;32,77;30,7;56,74;10,04;26,07;36,54;4,49;82,26;57,54
25912;Gimenells i el Pla de la Font;14,98;21,94;15,11;0,42;18121,0;34,3;51,46;4,96;29,78;30,34;14,42;25,31;58,16;14,46;21,07;27,17;3,42;76,82;57,98
25913;Riu de Cerdanya;7,29;28,54;1,04;1,31;22942,0;27,96;62,37;3,23;34,78;4,35;15,22;50,0;47,73;7,53;18,28;61,29;3,85;89,29;55,91
26001;Ábalos;12,93;24,44;22,93;0,57;14238,0;32,57;55,05;3,21;44,44;36,11;29,63;19,57;55,43;22,84;18,97;22,41;9,17;66,46;52,17
26002;Agoncillo;14,15;16,8;28,91;1,24;18026,0;35,55;47,04;9,94;13,36;4,58;29,93;18,52;64,63;12,71;22,68;22,68;9,83;61,12;60,28
26003;Aguilar del Río Alhama;12,0;31,3;20,7;1,62;16390,0;32,8;48,53;5,6;25,43;10,4;44,51;22,56;48,78;19,04;23,1;23,1;4,55;70,59;44,9
26004;Ajamil de Cameros;2,53;33,42;2,53;1,08;23096,0;30,12;60,24;7,23;22,0;10,0;32,0;14,58;77,08;13,25;20,48;27,71;4,08;100,0;59,04
26005;Albelda de Iregua;17,83;17,89;23,45;1,42;15986,0;34,18;50,11;8,63;16,86;4,86;33,71;24,9;58,57;23,88;20,35;23,04;10,04;63,57;55,78
26006;Alberite;17,42;17,46;16,72;1,45;16536,0;35,48;50,33;8,08;17,01;4,66;35,16;24,05;59,78;13,91;20,52;26,48;9,86;68,3;60,22
26007;Alcanadre;11,42;21,76;20,35;0,91;15455,0;39,01;42,91;7,09;31,91;25,53;27,3;23,32;57,71;22,07;18,56;22,07;8,01;61,85;53,06
26008;Aldeanueva de Ebro;17,6;21,13;23,72;1,35;12845,0;31,99;56,43;4,52;34,13;37,88;30,98;17,28;54,39;36,15;13,31;18,12;4,13;72,49;56,8
26009;Alesanco;11,64;24,72;9,94;0,72;13557,0;29,79;54,85;6,15;36,32;19,9;27,86;15,05;72,04;18,35;22,02;26,15;13,22;62,94;52,42
26010;Alesón;10,54;32,47;2,15;0,54;20154,0;37,35;44,58;6,02;35,71;21,43;19,05;36,84;47,37;18,39;22,99;26,44;4,35;84,62;52,87
26011;Alfaro;17,42;20,67;18,08;1,39;17258,0;30,9;55,33;5,5;16,36;8,57;41,29;25,25;53,8;19,91;17,37;25,79;6,92;68,75;54,97
26013;Anguciana;13,79;16,79;16,96;0,53;16758,0;36,97;50,8;8,24;18,85;6,81;32,46;20,33;63,19;14,06;28,91;27,34;9,3;61,71;56,43
26014;Anguiano;9,0;41,6;6,34;1,6;18332,0;31,48;47,45;3,94;26,67;6,11;32,78;29,82;59,06;25,83;14,57;28,7;6,21;69,46;39,51
26015;Arenzana de Abajo;14,98;24,94;15,29;1,97;13940,0;32,56;45,12;7,91;39,6;35,64;21,78;27,59;56,32;28,07;17,11;24,56;7,34;64,74;48,44
26017;Arnedillo;10,02;22,93;13,04;1,07;16535,0;30,49;52,45;8,01;19,15;3,72;18,62;27,87;61,75;15,74;20,56;29,95;14,29;65,26;55,22
26018;Arnedo;17,05;19,64;22,12;1,16;16010,0;30,94;56,55;5,9;17,15;2,4;48,92;24,76;61,27;17,67;17,62;26,35;7,76;67,0;55,04
26019;Arrúbal;15,16;17,48;26,58;1,49;16044,0;34,16;49,69;8,07;12,64;3,25;36,1;12,78;63,16;7,74;25,4;21,03;8,05;69,19;59,72
26020;Ausejo;17,31;19,03;34,91;1,69;11700,0;32,91;55,01;4,93;31,25;46,73;24,7;11,22;50,34;31,74;13,62;13,48;6,5;64,77;52,21
26021;Autol;20,79;15,71;33,2;1,59;13805,0;29,82;57,02;6,57;17,87;28,03;37,74;15,8;46,36;32,47;13,68;18,01;6,81;65,81;57,23
26022;Azofra;7,79;35,18;19,49;1,0;14022,0;27,91;53,49;2,91;51,22;39,02;29,27;17,91;65,67;34,92;14,29;20,63;9,3;74,29;45,5
26023;Badarán;8,41;33,33;11,04;0,9;15553,0;38,5;44,65;5,01;38,68;16,51;28,77;16,67;71,35;22,88;15,69;22,66;5,36;79,1;49,02
26024;Bañares;7,68;40,2;5,05;1,22;19583,0;32,22;41,11;6,11;47,56;29,27;14,63;22,06;69,12;23,37;16,85;25,54;3,53;85,42;46,45
26025;Baños de Rioja;6,05;30,93;5,81;1,91;20154,0;32,91;48,1;8,86;37,84;24,32;21,62;27,59;68,97;12,35;17,28;25,93;11,36;73,58;55,0
26026;Baños de Río Tobía;14,85;22,9;11,07;1,3;16598,0;33,01;56,28;3,4;23,24;8,62;44,97;23,42;63,06;15,37;18,72;21,71;7,41;70,42;54,35
26027;Berceo;5,73;31,05;9,79;0,78;19121,0;44,03;42,54;2,24;27,94;7,35;25,0;31,75;50,79;14,18;16,42;26,87;2,9;77,01;51,49
26028;Bergasa;10,47;23,37;16,28;1,4;16186,0;35,06;46,1;9,09;42,68;32,93;30,49;14,86;68,92;21,12;16,77;20,5;8,7;73,04;57,86
26031;Bobadilla;7,96;35,15;11,65;0,54;15154,0;27,96;53,76;9,68;23,81;11,9;45,24;15,38;64,1;20,0;11,58;16,84;17,39;69,09;48,94
26033;Briñas;10,74;19,89;5,79;0,62;14663,0;34,91;52,66;3,55;35,35;26,26;21,21;21,05;65,79;6,86;38,86;28,57;3,74;76,3;62,57
26034;Briones;11,63;28,23;13,28;0,49;15191,0;29,81;54,66;5,59;37,88;23,94;23,64;20,39;64,14;30,15;17,35;23,82;5,23;71,65;51,27
26036;Calahorra;17,56;17,6;25,38;1,22;16151,0;33,14;51,85;7,73;15,89;6,18;36,55;24,97;53,11;20,42;21,42;25,44;9,23;64,89;56,48
26037;Camprovín;5,95;29,11;26,58;0,57;17480,0;37,06;47,55;7,69;31,25;14,06;29,69;31,15;55,74;21,57;23,53;26,8;10,14;62,63;45,1
26038;Canales de la Sierra;3,1;31,43;3,57;2,8;20926,0;37,97;51,9;2,53;30,95;14,29;26,19;21,95;51,22;8,75;27,5;22,5;12,5;70,0;50,0
26040;Cañas;11,58;27,37;42,11;0,58;20154,0;37,97;46,84;5,06;40,0;25,71;11,43;18,18;57,58;31,82;21,59;12,5;5,88;54,24;38,64
26041;Cárdenas;8,18;35,15;18,94;0,47;13100,0;29,06;42,74;10,26;45,83;33,33;35,42;19,05;73,81;23,14;17,36;13,22;14,81;60,53;44,63
26042;Casalarreina;13,77;20,29;24,47;0,61;14789,0;34,75;48,22;8,29;29,43;9,23;25,44;20,71;63,22;26,2;21,09;21,83;11,13;57,24;50,43
26043;Castañares de Rioja;9,27;30,73;13,18;0,76;17517,0;30,96;44,93;10,68;23,87;9,03;30,32;13,01;70,55;13,23;20,9;26,72;4,09;63,81;45,6
26046;Cenicero;16,16;22,17;19,58;1,33;15974,0;32,24;49,8;7,37;26,99;19,6;30,24;24,51;49,88;26,77;17,41;25,45;7,71;67,99;55,62
26047;Cervera del Río Alhama;11,46;29,92;15,96;0,95;15366,0;34,92;49,24;5,67;25,78;10,57;44,83;21,89;58,79;11,53;51,25;20,85;7,34;68,24;47,17
26049;Cihuri;10,87;18,16;15,53;1,51;16186,0;35,23;40,91;15,91;29,63;13,89;20,37;24,74;67,01;10,5;25,41;30,39;5,08;76,71;65,56
26050;Cirueña;10,47;22,8;17,1;0,93;20021,0;38,04;47,24;10,43;27,66;6,38;22,34;37,8;48,78;11,11;25,15;34,5;10,89;70,87;59,06
26051;Clavijo;16,31;21,91;9,9;1,75;18812,0;23,89;63,16;8,5;33,07;3,94;22,05;33,06;59,68;12,75;24,7;36,65;6,9;77,14;58,47
26052;Cordovín;5,81;37,55;9,68;2,69;15698,0;33,33;46,53;6,25;63,24;45,59;20,59;21,57;68,63;12,5;22,37;21,05;14,49;72,84;45,39
26053;Corera;10,88;27,56;21,55;1,66;13664,0;33,76;50,85;5,56;29,27;26,67;25,0;16,35;61,54;18,22;21,05;24,7;6,5;66,86;50,0
26054;Cornago;5,47;39,33;8,0;0,8;14979,0;30,43;55,07;5,07;35,29;23,53;35,29;17,59;71,3;25,27;11,39;20,64;9,76;68,1;44,09
26056;Cuzcurrita de Río Tirón;13,12;22,78;16,04;1,12;15293,0;35,96;48,03;7,24;32,39;14,98;25,91;22,71;63,32;9,82;21,84;21,84;10,0;68,45;54,44
26057;Daroca de Rioja;6,03;24,13;7,94;0,88;20628,0;35,71;48,21;7,14;40,0;22,86;20,0;28,12;62,5;21,88;20,31;35,94;6,25;69,77;52,46
26058;Enciso;4,07;34,61;7,19;0,5;17394,0;35,15;52,12;6,06;41,33;12,0;25,33;27,14;58,57;12,05;16,27;35,54;11,25;74,74;48,48
26059;Entrena;16,9;18,12;18,23;1,18;16469,0;33,53;52,64;7,58;25,4;13,46;26,38;22,76;60,03;21,67;20,47;24,58;5,72;68,23;57,88
26060;Estollo;3,15;40,67;12,36;0,0;20154,0;41,98;43,21;3,7;21,88;3,12;40,62;34,38;59,38;16,67;19,05;28,57;0,0;57,14;33,33
26061;Ezcaray;11,49;23,84;17,45;0,73;18588,0;37,4;47,13;7,74;22,41;2,24;29,78;27,26;57,32;15,28;17,51;31,19;7,62;70,92;54,12
26062;Foncea;11,63;31,63;1,16;1,4;20154,0;40,0;45,88;7,06;61,9;35,71;23,81;35,48;58,06;10,59;12,94;41,18;4,44;87,76;52,94
26063;Fonzaleche;6,24;25,67;21,99;1,87;19659,0;31,86;53,1;5,31;35,94;23,44;37,5;25,0;67,86;20,83;15,0;35,83;9,23;63,44;54,17
26064;Fuenmayor;17,14;16,32;14,89;0,86;16483,0;36,93;47,17;9,16;20,81;11,54;28,78;24,25;56,28;17,9;19,21;27,19;6,9;67,13;57,82
26065;Galbárruli;10,81;20,0;8,11;1,91;20154,0;30,88;54,41;8,82;43,14;19,61;25,49;32,56;48,84;11,27;18,31;33,8;8,89;77,36;63,38
26066;Galilea;14,52;19,62;20,91;1,43;17276,0;33,33;55,26;5,56;18,03;11,48;30,05;26,01;53,76;16,34;28,53;28,81;5,58;67,39;55,49
26068;Gimileo;21,11;19,84;34,92;0,26;15976,0;29,03;60,22;4,3;19,57;19,57;36,96;22,73;47,73;7,55;23,58;33,02;1,64;75,95;59,22
26069;Grañón;3,9;47,14;4,76;0,33;18355,0;32,37;43,96;7,73;48,31;25,0;18,18;24,36;69,23;30,81;16,11;19,43;4,35;87,13;43,81
26070;Grávalos;14,27;25,23;29,15;1,31;12511,0;33,33;57,86;1,26;54,29;50,0;11,43;27,78;57,41;14,62;14,04;21,64;5,75;69,49;51,79
26071;Haro;16,7;18,78;16,81;1,21;16608,0;34,01;49,93;8,34;17,22;4,98;30,12;25,29;60,03;12,21;21,09;32,2;9,74;63,75;54,74
26072;Herce;9,88;24,58;13,39;1,35;17367,0;37,66;50,97;4,22;26,38;5,52;30,67;28,57;57,79;9,42;16,88;50,97;7,65;72,35;55,19
26073;Herramélluri;7,09;28,73;22,73;0,7;16615,0;33,33;48,96;7,29;22,22;9,09;20,45;19,51;60,98;16,5;14,56;37,86;12,96;67,14;52,43
26074;Hervías;7,75;29,86;9,15;0,54;17386,0;30,47;49,22;7,03;30,77;13,85;24,62;25,42;69,49;21,21;18,94;29,55;1,43;78,41;53,85
26075;Hormilla;17,59;25,55;14,55;1,59;13638,0;31,3;55,68;4,43;39,2;31,82;21,02;12,24;70,75;26,54;16,62;17,96;10,0;68,4;51,77
26076;Hormilleja;15,54;30,95;14,19;2,67;12976,0;27,73;58,82;2,52;47,73;31,82;20,45;17,95;69,23;29,27;13,82;24,39;22,03;59,74;47,97
26078;Hornos de Moncalvillo;8,04;33,04;10,87;1,4;20628,0;31,76;52,94;8,24;28,21;20,51;20,51;40,0;51,43;11,7;27,66;31,91;2,5;76,47;43,96
26079;Huércanos;15,68;25,0;14,08;1,42;13587,0;32,68;55,17;4,47;36,47;33,53;22,35;20,86;64,75;24,49;20,41;21,36;8,76;69,14;53,37
26080;Igea;13,5;24,48;32,35;1,0;12812,0;37,36;49,07;4,65;24,79;35,04;34,19;16,82;54,09;27,66;11,86;18,56;6,54;60,3;44,98
26082;Laguna de Cameros;1,08;36,94;5,41;0,0;18726,0;36,84;47,37;5,26;27,66;12,77;29,79;36,36;50,0;7,83;22,61;28,7;3,77;77,27;46,09
26083;Lagunilla del Jubera;5,68;34,43;9,64;0,86;19322,0;35,08;46,69;7,46;26,4;10,11;34,83;22,42;67,27;16,4;22,04;25,81;7,37;79,28;51,35
26084;Lardero;19,85;12,44;18,73;1,19;20371,0;34,6;52,12;9,0;17,52;1,48;24,92;35,16;54,35;8,93;26,77;40,52;7,26;69,84;66,03
26087;Leiva;6,2;31,62;21,83;0,35;18021,0;30,73;49,08;5,05;33,77;15,58;27,27;26,87;62,69;29,96;20,68;30,38;9,78;58,45;39,15
26089;Logroño;16,19;20,56;17,62;1,13;19909,0;35,39;49,15;8,03;13,94;1,72;23,3;39,25;48,2;11,53;25,02;38,03;8,49;68,32;56,1
26091;Lumbreras de Cameros;4,31;40,56;6,25;0,88;26475,0;28,17;56,34;7,75;28,99;10,14;14,49;31,25;54,69;9,59;20,55;29,45;7,35;86,3;46,58
26092;Manjarrés;2,47;36,49;10,31;0,0;20406,0;28,43;53,92;5,88;52,08;41,67;29,17;28,95;65,79;21,15;10,58;31,73;8,62;91,38;56,31
26093;Mansilla de la Sierra;1,02;27,12;6,78;0,0;20926,0;33,9;50,85;10,17;21,88;21,88;34,38;31,25;56,25;11,48;36,07;29,51;5,71;80,49;57,38
26094;Manzanares de Rioja;2,94;42,65;0,0;0,0;20154,0;21,67;48,33;10,0;32,14;25,0;50,0;24,0;56,0;29,51;14,75;24,59;3,45;84,85;47,54
26095;Matute;2,0;43,11;3,33;0,0;20926,0;31,03;48,28;8,05;27,5;10,0;32,5;18,92;64,86;16,67;13,33;34,44;0,0;86,96;44,94
26096;Medrano;16,34;19,89;10,0;1,0;21649,0;33,78;51,51;8,03;27,81;13,02;27,22;41,94;47,74;10,78;13,73;43,14;5,52;75,66;59,93
26098;Munilla;3,01;24,09;12,9;0,0;19706,0;43,96;42,86;7,69;42,55;8,51;31,91;23,4;65,96;7,37;28,42;35,79;21,57;62,5;54,26
26099;Murillo de Río Leza;16,62;21,0;17,61;1,08;16340,0;32,31;52,64;6,09;21,53;8,89;30,83;22,19;62,34;20,1;17,96;35,72;8,58;68,14;55,38
26100;Muro de Aguas;0,0;36,84;5,26;0,0;19706,0;31,48;59,26;5,56;42,86;21,43;39,29;11,11;77,78;24,07;18,52;29,63;3,57;79,41;51,85
26102;Nájera;16,68;20,26;16,56;1,27;15963,0;31,63;54,81;6,07;22,48;7,59;32,1;23,96;60,47;20,19;20,08;26,01;9,05;67,66;56,88
26103;Nalda;14,9;19,82;17,26;1,14;17234,0;36,31;47,97;8,58;19,09;4,4;23,52;29,93;56,45;13,81;24,16;26,23;12,21;66,0;55,52
26105;Navarrete;17,74;16,05;12,79;1,03;17551,0;33,45;52,02;7,74;18,39;4,91;31,37;29,91;56,2;19,04;19,04;32,41;6,95;68,88;60,81
26106;Nestares;3,53;31,53;1,18;0,0;23096,0;27,71;61,45;9,64;25,64;12,82;30,77;39,47;52,63;4,71;27,06;34,12;6,98;72,73;51,81
26107;Nieva de Cameros;4,55;30,91;4,55;1,56;23096,0;36,14;43,37;9,64;27,03;13,51;37,84;20,59;67,65;4,82;39,76;31,33;5,0;70,37;48,19
26108;Ocón;5,78;38,67;8,89;0,88;24133,0;29,62;57,32;5,73;28,47;9,49;30,66;37,3;57,94;18,94;18,63;36,34;11,95;84,34;49,53
26109;Ochánduri;5,64;35,38;11,54;0,0;20154,0;40,26;45,45;3,9;38,1;21,95;26,83;33,33;45,45;25,0;23,75;25,0;5,71;75,0;44,3
26110;Ojacastro;6,33;31,96;20,6;0,23;17722,0;30,54;51,5;8,38;35,71;14,29;31,43;28,36;62,69;19,19;21,51;26,16;10,98;61,86;48,24
26111;Ollauri;14,47;24,29;14,6;0,95;18725,0;33,71;51,89;9,47;31,43;10,0;37,86;29,77;54,96;13,62;21,15;36,56;4,83;70,41;52,73
26112;Ortigosa de Cameros;3,44;37,3;2,79;0,0;21606,0;34,45;56,46;4,31;22,33;5,83;37,86;21,43;55,1;18,1;15,71;27,62;7,77;78,51;49,05
26114;Pedroso;4,77;38,64;1,14;0,0;20926,0;40,7;53,49;3,49;34,38;12,5;25,0;18,75;68,75;11,63;15,12;22,09;14,29;76,6;48,84
26117;Pradejón;17,92;15,59;31,84;1,28;13885,0;32,75;55,94;5,15;24,72;38,28;28,57;14,71;54,29;36,34;14,11;15,3;4,06;71,07;59,81
26118;Pradillo;1,56;23,75;9,38;0,88;23096,0;32,79;52,46;4,92;22,22;3,7;44,44;26,92;46,15;1,56;28,12;43,75;9,68;65,12;48,44
26119;Préjano;9,37;23,71;11,22;0,78;18843,0;41,18;43,63;6,86;24,44;4,44;30,0;25,29;55,17;13,88;20,57;30,62;11,11;69,57;51,67
26120;Quel;14,22;21,41;25,51;1,33;13998,0;31,74;54,22;6,91;21,89;13,62;45,52;16,18;62,29;31,49;12,47;16,04;9,23;64,06;52,08
26122;Rasillo de Cameros, El;3,27;25,88;7,19;0,0;26358,0;34,19;55,48;3,87;25,0;0,0;33,75;29,11;51,9;5,73;22,93;44,59;5,49;81,9;58,33
26123;Redal, El;13,09;32,37;12,95;1,56;17289,0;36,59;43,09;8,13;42,19;21,88;18,75;22,81;61,4;23,85;14,62;29,23;2,9;91,78;53,08
26124;Ribafrecha;17,17;23,62;12,45;1,29;14496,0;35,52;47,82;7,13;20,59;7,35;38,97;20,47;64,57;14,07;16,47;20,28;11,46;65,49;52,92
26125;Rincón de Soto;17,48;18,36;23,64;1,42;15330,0;31,91;54,73;5,64;19,12;13,3;46,26;19,11;57,22;27,61;15,01;18,18;7,88;64,35;54,26
26127;Rodezno;11,49;30,55;15,32;1,14;16888,0;27,36;57,71;4,98;36,63;37,62;17,82;17,07;64,63;25,36;18,66;30,14;10,71;75,76;54,11
26128;Sajazarra;12,1;24,19;18,55;0,0;19057,0;33,65;54,81;4,81;40,0;23,33;23,33;20,37;66,67;5,36;29,46;36,61;1,64;76,92;54,46
26129;San Asensio;11,97;32,53;8,11;0,92;13559,0;29,45;53,9;5,52;53,13;35,56;19,6;19,15;67,61;19,58;19,18;23,68;5,8;79,32;52,28
26130;San Millán de la Cogolla;4,51;35,21;6,57;0,33;17581,0;37,7;52,36;5,24;41,05;18,95;26,32;27,16;65,43;14,63;14,63;28,78;7,53;69,35;45,59
26132;San Román de Cameros;5,58;27,75;16,28;0,54;25419,0;35,2;54,4;4,8;36,92;12,31;26,15;43,33;43,33;12,4;13,18;41,86;7,89;87,5;59,38
26134;Santa Coloma;1,14;28,76;9,52;0,0;23200,0;37,25;45,1;4,9;39,22;11,76;27,45;34,69;55,1;15,38;23,08;32,69;8,77;72,22;54,81
26135;Santa Engracia del Jubera;7,98;28,3;7,45;0,37;18562,0;39,18;45,03;4,09;42,11;22,11;18,95;21,98;70,33;23,33;20,56;26,11;5,26;77,59;53,37
26136;Santa Eulalia Bajera;14,7;15,38;13,68;1,67;15115,0;34,04;51,06;8,51;24,14;1,72;51,72;17,86;69,64;13,27;22,45;26,53;9,09;74,07;68,04
26138;Santo Domingo de la Calzada;17,14;20,98;21,14;1,33;15607,0;33,75;52,19;5,73;21,23;6,17;25,11;25,35;58,57;20,23;20,69;27,36;10,36;63,64;53,18
26139;San Torcuato;12,9;36,77;3,23;1,17;20154,0;25,86;48,28;6,9;57,14;50,0;14,29;26,32;63,16;22,41;25,86;32,76;0,0;93,33;48,28
26140;Santurde de Rioja;8,69;34,77;6,15;0,76;18871,0;33,33;51,25;5,0;21,93;7,89;30,7;28,7;54,63;15,57;23,77;29,1;8,77;74,82;47,11
26141;Santurdejo;2,71;36,67;13,54;0,64;17623,0;34,09;50,0;9,09;26,19;11,9;30,95;40,54;54,05;28,12;13,54;40,62;10,42;79,63;50,0
26142;San Vicente de la Sonsierra;11,99;24,08;18,88;1,24;16020,0;33,11;50,57;4,76;38,92;32,34;25,15;19,08;61,38;26,0;19,18;22,43;4,24;74,18;56,91
26143;Sojuela;12,6;11,36;26,4;1,05;20796,0;38,88;44,48;13,56;20,89;2,53;19,94;40,79;49,67;4,56;26,35;51,18;11,57;65,77;66,27
26144;Sorzano;9,7;28,34;8,09;1,27;20503,0;32,52;55,83;7,77;34,86;16,51;31,19;21,78;66,34;11,06;21,15;33,17;1,8;77,3;53,62
26145;Sotés;8,2;28,65;9,77;1,0;18417,0;33,74;54,32;5,76;34,09;19,7;25,76;22,22;61,11;16,47;27,71;26,91;5,76;78,92;56,28
26146;Soto en Cameros;1,98;36,05;3,7;0,88;23096,0;35,71;44,05;10,71;40,62;9,38;34,38;16,13;74,19;7,06;27,06;29,41;11,43;67,39;41,18
26148;Tirgo;8,86;33,05;8,38;1,47;16316,0;31,21;48,41;5,1;35,06;15,58;27,27;23,19;62,32;23,31;23,31;25,15;7,23;79,38;51,55
26150;Tormantos;5,65;38,71;22,58;0,33;14132,0;31,13;50,94;6,6;44,74;13,16;34,21;29,73;59,46;24,35;20,0;24,35;17,02;57,35;41,59
26151;Torrecilla en Cameros;7,6;31,17;6,16;0,9;21465,0;30,37;54,91;6,78;22,06;4,41;31,37;26,9;55,33;5,07;20,05;30,41;6,17;76,34;52,42
26155;Treviana;1,55;41,13;4,93;0,54;15179,0;33,57;50,71;3,57;41,67;23,33;25,0;26,09;60,87;28,08;16,44;22,6;13,7;79,75;50,34
26157;Tricio;15,09;26,56;15,2;1,36;14596,0;35,03;54,14;4,14;37,91;15,69;32,03;31,43;57,14;20,72;27,33;30,33;6,21;69,91;48,79
26158;Tudelilla;15,93;23,13;24,18;1,52;13432,0;40,13;43,14;7,36;33,33;34,72;24,31;18,4;61,6;23,94;19,7;22,12;13,25;63,44;51,23
26160;Uruñuela;18,35;19,43;11,79;1,44;14779,0;30,37;58,05;5,24;31,83;23,28;22,09;24,13;61,93;15,09;19,1;29,83;6,96;67,08;54,89
26162;Valgañón;9,62;31,58;6,02;1,11;22251,0;32,5;50,83;6,67;34,43;13,11;22,95;22,81;64,91;12,1;18,55;36,29;6,45;78,38;50,0
26163;Ventosa;17,27;17,98;7,58;1,08;21024,0;30,25;56,79;4,94;33,33;10,0;30,0;35,37;54,88;7,78;22,16;36,53;5,32;67,94;57,32
26164;Ventrosa;7,5;41,67;8,33;0,0;20926,0;28,57;57,14;6,12;47,37;26,32;15,79;21,05;57,89;6,12;22,45;34,69;9,09;86,96;44,9
26165;Viguera;10,34;21,48;9,5;0,81;17898,0;34,12;49,26;8,31;26,55;4,52;40,68;19,64;75,6;16,15;20,96;24,08;11,27;69,35;58,29
26166;Villalba de Rioja;10,0;23,72;5,13;0,35;17737,0;29,66;58,62;4,83;43,01;40,86;10,75;20,27;67,57;11,49;22,3;34,46;3,37;83,5;60,14
26167;Villalobar de Rioja;10,95;29,29;26,19;0,0;20154,0;39,34;36,07;18,03;31,03;10,34;27,59;25,0;53,57;17,65;20,59;29,41;3,23;61,22;45,59
26168;Villamediana de Iregua;21,42;8,9;18,33;1,06;17049,0;36,29;48,97;10,66;15,0;2,11;28,1;27,08;59,13;10,39;27,04;33,24;8,47;69,83;69,39
26169;Villanueva de Cameros;10,0;31,76;5,88;0,0;23096,0;28,57;58,73;3,17;24,24;6,06;27,27;18,75;78,12;10,77;16,92;33,85;12,5;71,79;50,0
26170;Villar de Arnedo, El;16,54;23,68;29,6;1,58;13408,0;32,47;54,18;4,78;22,97;21,17;35,59;15,12;58,05;26,34;18,89;18,51;10,4;57,14;48,45
26171;Villar de Torre;2,8;41,26;6,99;1,75;19622,0;27,34;54,68;2,16;38,46;35,9;19,23;31,15;42,62;24,11;10,64;19,86;4,17;93,24;51,06
26174;Villarta-Quintana;6,05;39,22;3,88;0,88;17115,0;35,83;47,5;2,5;30,51;16,95;27,12;27,27;60,0;21,77;24,19;25,81;6,56;83,82;49,19
26176;Villaverde de Rioja;3,58;49,55;2,99;0,0;20154,0;16,44;71,23;6,85;16,67;6,67;36,67;29,63;70,37;32,43;18,92;20,27;16,67;80,65;40,54
26177;Villoslada de Cameros;8,09;27,52;11,68;1,0;20107,0;35,33;52,68;4,73;26,25;2,5;32,5;20,39;63,16;14,2;26,28;22,66;11,17;72,27;54,41
26178;Viniegra de Abajo;2,44;32,2;7,32;0,0;20926,0;44,59;37,84;6,76;54,05;13,51;24,32;28,57;65,71;8,11;31,08;29,73;5,0;76,0;54,05
26180;Zarratón;8,98;24,88;16,14;0,52;20580,0;33,48;46,26;8,81;32,54;15,08;26,98;27,59;60,34;11,81;20,25;35,44;6,87;73,49;55,51
26183;Zorraquín;16,63;21,8;16,85;0,32;20926,0;27,94;51,47;16,18;40,62;6,25;40,62;16,67;70,0;8,11;31,08;37,84;2,78;60,34;50,0
27001;Abadín;6,97;37,61;6,26;0,88;14382,0;32,38;47,45;5,74;36,43;24,17;23,69;16,28;73,68;38,94;13,54;13,3;6,51;72,17;44,15
27002;Alfoz;6,36;36,49;4,15;0,62;16292,0;30,98;48,92;4,82;29,3;16,52;26,41;20,87;66,96;33,24;16,28;20,07;7,51;71,38;44,22
27003;Antas de Ulla;8,82;35,22;9,05;0,76;14770,0;32,02;48,36;6,01;31,56;20,34;18,79;20,86;69,35;29,52;16,74;17,56;8,85;68,93;44,74
27004;Baleira;7,39;37,94;4,93;0,58;15901,0;36,5;44,05;4,84;40,94;29,08;14,09;16,17;76,21;31,88;18,88;18,31;6,36;75,18;43,39
27005;Barreiros;10,29;30,49;8,29;1,09;17501,0;30,23;50,09;7,57;27,36;8,88;18,59;26,79;63,14;22,6;20,53;28,89;9,81;67,93;48,15
27006;Becerreá;10,25;31,97;14,5;0,93;15056,0;32,36;49,53;5,33;30,76;15,62;14,49;22,87;69,48;31,78;17,77;21,26;8,05;65,56;46,58
27007;Begonte;8,68;33,86;4,29;1,04;16397,0;30,81;50,54;6,3;24,86;8,33;27,29;21,66;67,08;30,21;15,4;18,68;8,21;67,08;43,77
27008;Bóveda;7,15;36,49;7,93;0,84;15941,0;32,71;45,3;7,77;30,33;13,0;18,5;21,84;65,98;31,92;16,53;22,57;7,89;60,91;37,48
27009;Carballedo;5,23;41,99;5,54;0,59;15894,0;27,44;52,86;5,2;35,81;23,4;15,73;21,74;69,43;34,46;14,98;21,01;7,74;77,97;43,17
27010;Castro de Rei;10,84;29,49;8,42;1,23;16367,0;33,03;48,54;6,79;28,88;20,87;23,14;18,67;62,51;31,82;14,84;17,89;6,22;68,11;46,57
27011;Castroverde;8,85;33,28;5,86;1,09;16700,0;33,05;48,21;4,46;39,68;24,67;14,26;22,01;67,67;35,4;16,96;20,29;4,7;77,39;49,0
27012;Cervantes;3,75;42,82;1,66;0,44;15461,0;40,51;44,79;3,85;35,2;25,56;16,14;14,35;78,59;41,45;11,74;14,51;8,11;76,6;41,72
27013;Cervo;10,37;29,87;6,22;0,82;20394,0;29,89;52,61;6,53;17,83;5,89;26,5;32,38;58,7;20,6;20,84;30,54;8,11;67,87;46,86
27014;Corgo, O;8,97;35,15;4,31;1,2;17551,0;29,96;50,39;5,51;33,28;14,98;17,2;24,44;66,38;30,23;17,27;23,11;5,67;74,01;45,74
27015;Cospeito;9,47;32,7;5,13;0,98;15423,0;29,31;51,44;5,35;34,13;19,78;21,77;21,0;67,85;34,6;13,98;18,62;5,67;71,05;45,88
27016;Chantada;12,58;27,38;14,58;1,12;15107,0;32,73;47,92;7,48;30,34;13,81;16,52;27,39;62,31;24,51;19,06;25,93;10,12;65,41;49,26
27017;Folgoso do Courel;5,0;41,65;4,22;0,37;15770,0;38,23;42,76;6,05;25,44;9,17;23,67;20,0;65,85;31,69;16,6;20,77;15,51;66,95;40,04
27018;Fonsagrada, A;6,02;38,01;6,46;0,74;15728,0;35,07;44,34;5,62;35,74;18,98;17,75;22,3;68,57;32,87;27,35;19,49;7,2;72,21;42,78
27019;Foz;13,54;24,31;12,49;1,11;17992,0;30,75;51,49;8,06;18,71;5,38;20,88;31,77;58,65;18,8;20,23;30,78;8,28;64,07;49,67
27020;Friol;9,59;33,03;6,16;1,46;15937,0;30,11;52,04;4,72;40,69;28,34;16,9;19,29;71,55;35,01;13,26;19,58;5,4;75,56;48,23
27021;Xermade;7,81;35,41;4,44;0,72;17030,0;33,76;47,0;5,62;31,44;22,27;25,04;16,24;72,99;33,06;14,38;18,18;6,7;73,02;44,66
27022;Guitiriz;11,31;30,0;6,39;1,12;15119,0;33,6;48,79;5,48;32,63;19,61;21,44;21,34;67,78;29,2;16,37;20,67;7,11;68,17;47,08
27023;Guntín;7,18;37,89;2,91;1,01;15933,0;28,55;52,82;5,12;37,21;29,39;14,74;18,15;70,93;37,76;13,02;17,75;6,11;73,72;43,3
27024;Incio, O;6,79;43,59;6,95;1,03;15995,0;28,49;50,93;6,05;38,2;18,6;16,0;24,03;68,23;34,54;13,96;20,8;7,49;69,58;37,47
27025;Xove;11,49;25,21;12,63;1,12;18147,0;31,43;51,46;6,73;17,79;19,76;21,7;21,52;68,71;26,16;19,35;23,21;6,93;70,01;51,62
27026;Láncara;10,37;33,59;6,59;1,39;13917,0;31,68;50,23;5,69;42,18;30,19;15,35;18,73;72,12;34,4;15,69;17,44;7,96;71,93;46,62
27027;Lourenzá;12,8;30,56;10,81;1,4;15227,0;30,73;52,1;5,14;32,74;15,78;22,97;24,57;66,05;28,89;15,88;20,84;5,86;73,07;48,53
27028;Lugo;14,95;21,3;15,09;1,03;18433,0;35,53;47,77;7,94;15,97;2,44;13,18;39,04;50,33;14,17;21,92;39,05;8,57;66,85;54,46
27029;Meira;13,44;27,22;14,71;1,23;16663,0;31,94;52,45;4,71;33,16;16,67;21,61;26,22;62,64;27,65;18,86;23,67;4,75;72,43;51,88
27030;Mondoñedo;10,44;33,85;6,03;0,74;15268,0;31,94;49,75;5,03;32,78;13,21;21,02;24,43;66,77;27,42;16,52;24,27;6,24;72,69;45,57
27031;Monforte de Lemos;13,19;26,03;19,76;0,96;15820,0;33,33;46,56;9,01;21,01;4,05;15,57;30,9;59,09;22,72;20,97;30,85;11,41;59,11;46,64
27032;Monterroso;11,11;28,37;14,79;1,33;15456,0;31,51;50,35;6,72;31,28;18,11;16,41;22,73;68,04;22,81;20,67;22,06;7,82;63,42;47,46
27033;Muras;5,9;37,4;7,81;0,96;15520,0;33,39;47,81;5,47;31,16;23,36;28,97;18,27;67,31;32,22;15,85;17,78;9,32;68,15;41,77
27034;Navia de Suarna;4,29;46,69;5,78;0,46;15757,0;36,51;44,97;4,71;33,33;16,05;18,52;21,38;70,13;42,98;13,21;14,26;7,27;71,69;36,17
27035;Negueira de Muñiz;11,31;25,32;12,66;0,83;17294,0;48,34;33,65;8,53;32,93;4,94;13,58;22,37;48,68;17,97;23,96;29,03;33,64;49,31;49,54
27037;Nogais, As;5,37;39,93;3,94;0,39;15043,0;35,47;46,46;4,04;39,32;25,64;17,95;16,62;77,45;37,4;14,98;15,65;8,07;74,0;42,71
27038;Ourol;8,62;35,73;7,56;1,23;15310,0;31,82;48,18;6,02;30,86;16,0;23,43;21,93;69,01;32,93;14,71;22,17;14,68;66,22;44,27
27039;Outeiro de Rei;13,81;23,68;3,92;1,3;18506,0;29,28;55,43;6,39;20,95;6,22;20,54;31,9;57,19;21,13;20,06;28,42;5,71;73,58;55,84
27040;Palas de Rei;9,69;33,67;7,4;1,26;16122,0;31,24;48,37;5,85;35,26;23,23;17,14;23,74;64,07;30,7;16,28;20,44;7,97;69,87;45,43
27041;Pantón;7,66;42,24;12,17;1,13;15286,0;28,14;51,54;6,51;28,03;9,78;18,44;28,06;61,01;33,39;17,44;24,06;12,44;64,27;38,19
27042;Paradela;6,81;41,11;4,37;1,11;15993,0;27,75;54,63;3,58;51,02;35,12;14,65;16,72;77,7;37,12;11,68;16,62;4,13;78,41;42,1
27043;Páramo, O;8,67;34,79;3,95;0,71;15262,0;30,85;52,31;5,11;41,8;35,16;11,72;16,39;74,59;33,64;14,92;18,96;5,57;72,51;44,69
27044;Pastoriza, A;10,05;32,5;4,96;1,16;15802,0;32,75;49,21;4,58;44,19;37,29;18,11;15,07;75,43;34,32;14,73;16,36;4,99;76,24;49,39
27045;Pedrafita do Cebreiro;4,63;43,13;4,03;1,09;17753,0;30,37;50,93;4,79;34,28;19,26;22,66;22,35;70,59;37,14;13,49;16,72;6,81;81,62;42,38
27046;Pol;8,75;35,28;7,89;0,92;17742,0;33,85;44,57;7,17;39,97;35,26;12,03;21,26;65,48;32,94;14,59;21,13;7,3;71,07;44,94
27047;Pobra do Brollón, A;6,57;41,5;12,48;0,71;16226,0;30,26;46,56;6,66;28,24;14,5;15,76;27,65;61,12;32,73;15,94;23,14;13,72;59,6;36,04
27048;Pontenova, A;9,06;35,55;7,19;1,16;16611,0;28,88;52,03;4,73;34,33;8,25;25,72;27,79;63,52;32,93;16,06;22,26;7,28;71,67;44,18
27049;Portomarín;7,27;38,61;5,32;1,07;18708,0;27,55;56,0;2,88;46,57;31,91;15,4;22,48;67,25;36,58;13,78;17,97;5,43;76,99;44,62
27050;Quiroga;9,61;37,18;10,21;1,09;15456,0;32,65;44,24;8,32;23,95;7,12;24,6;22,68;64,71;31,29;17,18;19,24;14,37;58,55;38,42
27051;Ribadeo;13,66;24,02;11,99;0,97;17734,0;32,73;48,05;8,63;24,04;5,67;16,78;31,53;58,74;17,29;21,5;33,12;8,66;65,58;51,24
27052;Ribas de Sil;7,17;42,68;8,16;0,61;15556,0;33,29;44,35;6,68;21,64;7,46;25,75;27,73;58,98;30,27;15,55;22,38;14,15;62,09;36,8
27053;Ribeira de Piquín;5,27;36,56;15,75;0,5;15554,0;35,9;45,3;2,56;30,29;17,24;17,82;16,57;69,82;34,04;15,43;16,7;10,45;57,32;42,49
27054;Riotorto;6,82;36,48;9,06;0,6;15849,0;32,5;47,49;4,28;35,93;19,09;21,26;24,16;66,44;35,75;13,17;19,44;6,32;68,57;42,91
27055;Samos;5,34;40,53;6,45;0,62;14650,0;33,69;47,43;3,97;44,09;27,74;12,47;17,75;73,48;35,71;14,02;18,73;6,99;78,32;43,83
27056;Rábade;14,63;21,91;14,31;1,37;16261,0;34,65;45,2;9,29;18,08;2,63;23,8;28,62;57,88;22,22;20,71;26,53;7,42;67,05;53,47
27057;Sarria;13,51;24,59;16,43;1,18;15669,0;31,81;50,47;7,31;27,66;10,36;18,3;26,94;64,78;21,98;19,7;27,58;10,28;63,85;50,48
27058;Saviñao, O;8,61;38,56;11,1;1,15;14732,0;28,87;49,4;6,46;38,04;20,55;17,9;20,84;69,53;39,0;14,76;21,45;10,63;65,82;40,37
27059;Sober;7,77;40,16;8,96;0,95;15738,0;28,74;49,53;7,07;29,94;8,02;23,32;29,07;60,27;30,53;16,55;26,11;9,39;67,28;38,68
27060;Taboada;8,0;38,5;12,09;1,08;15882,0;28,89;49,27;6,53;37,71;30,64;14,49;20,87;68,05;33,39;15,73;19,71;9,29;69,41;42,56
27061;Trabada;7,75;37,77;4,02;0,46;17196,0;30,19;50,35;5,16;36,09;22,53;22,3;22,86;69,29;30,63;14,68;20,25;4,47;75,71;44,04
27062;Triacastela;9,04;33,79;6,07;0,9;13350,0;33,94;49,36;3,3;48,82;33,07;11,02;18,7;74,39;26,29;27,35;25,04;7,6;73,86;47,05
27063;Valadouro, O;12,44;32,89;8,67;1,06;15519,0;30,14;49,01;6,63;24,18;10,38;22,9;22,19;69,2;28,55;17,86;22,65;6,68;69,76;44,11
27064;Vicedo, O;8,43;35,39;4,76;0,67;16709,0;31,01;49,42;5,34;28,55;10,99;27,03;23,23;67,29;26,46;13,54;22,76;11,88;62,46;40,97
27065;Vilalba;12,28;27,05;8,83;1,13;16023,0;33,46;49,71;5,32;25,22;9,61;26,37;24,09;65,73;29,81;17,45;22,56;7,38;67,65;49,72
27066;Viveiro;12,74;24,71;14,58;0,99;17577,0;32,71;49,17;7,87;17,9;9,1;21,49;28,42;62,18;21,64;18,81;29,4;11,52;62,17;48,67
27901;Baralla;8,11;36,24;7,47;0,83;15248,0;33,51;48,53;4,77;39,74;20,26;18,13;20,53;70,7;33,25;15,76;19,57;6,84;75,21;45,66
27902;Burela;14,91;19,07;20,66;1,12;17256,0;34,12;49,69;8,3;15,73;12,96;17,78;27,58;60,17;20,21;27,81;29,12;8,05;63,36;53,02
28001;Acebeda, La;4,29;44,57;8,57;0,0;19973,0;32,26;50,0;6,45;30,43;0,0;13,04;39,13;60,87;16,92;33,85;33,85;14,29;77,42;43,08
28002;Ajalvir;17,01;10,32;23,79;1,03;19839,0;38,65;48,41;9,36;11,68;0,73;16,88;34,36;53,35;9,29;29,1;42,58;6,37;72,56;68,65
28003;Alameda del Valle;15,81;19,1;25,84;1,0;23880,0;31,61;50,26;11,4;24,3;3,74;13,08;39,0;58,0;4,46;23,66;52,23;7,56;63,58;54,09
28004;Álamo, El;19,09;16,45;21,49;1,34;14945,0;34,88;48,65;8,63;17,21;0,53;19,77;27,35;61,0;14,83;27,57;30,13;10,24;62,3;56,52
28005;Alcalá de Henares;16,17;17,91;22,77;1,13;18990,0;35,82;49,69;7,93;9,11;0,23;18,4;35,0;49,77;12,26;23,86;35,11;9,69;65,28;57,32
28006;Alcobendas;18,38;16,03;27,42;1,08;29659,0;37,9;48,87;7,53;12,9;0,29;11,06;45,37;42,36;10,11;23,87;44,87;6,37;66,23;57,88
28007;Alcorcón;15,78;20,93;19,93;1,03;19055,0;35,66;49,74;7,44;9,91;0,18;12,8;38,13;50,76;13,14;21,53;38,87;8,37;67,79;56,51
28008;Aldea del Fresno;18,83;18,13;22,61;1,57;14907,0;35,6;46,95;9,97;14,48;1,82;20,17;24,66;62,13;16,0;25,82;24,13;13,93;59,16;54,91
28009;Algete;19,23;13,56;20,07;1,16;23363,0;36,39;51,06;7,58;15,29;0,45;15,67;42,18;47,67;8,6;25,79;41,47;7,32;66,52;59,97
28010;Alpedrete;17,8;13,7;16,37;0,94;22546,0;37,51;47,92;9,62;16,48;0,35;10,63;49,37;44,88;6,7;20,36;53,92;7,67;65,93;60,92
28011;Ambite;14,43;18,56;26,77;1,14;14875,0;34,3;47,03;10,53;22,81;2,66;26,24;27,27;58,5;16,64;27,73;26,1;12,92;56,83;53,81
28012;Anchuelo;21,49;13,26;13,31;1,39;16475,0;37,3;50,23;8,31;14,31;1,11;20,35;27,67;58,74;10,21;22,8;30,55;9,13;67,62;62,7
28013;Aranjuez;18,66;15,98;22,55;1,15;17173,0;35,88;49,04;8,94;11,86;0,84;18,69;34,74;51,54;13,54;21,84;36,6;10,76;61,49;56,6
28014;Arganda del Rey;19,54;12,66;25,96;1,16;16823,0;35,12;51,82;8,13;12,05;0,28;25,52;28,9;57,72;11,65;29,4;29,6;11,01;66,34;64,11
28015;Arroyomolinos;26,87;6,67;12,08;1,38;22148,0;34,99;54,99;7,79;16,34;0,18;13,48;44,4;50,27;5,59;26,74;46,22;6,34;71,44;72,61
28016;Atazar, El;10,0;20,18;12,73;0,41;16554,0;56,25;31,25;5,21;4,76;0,0;30,95;40,48;40,48;19,39;21,43;34,69;12,5;63,64;57,73
28017;Batres;16,42;14,15;13,14;0,96;20536,0;35,3;51,57;8,66;24,26;0,22;19,02;40,34;52,88;8,06;26,29;39,53;9,14;66,57;61,81
28018;Becerril de la Sierra;17,6;15,69;20,56;1,17;22001,0;37,48;46,99;10,03;20,13;0,39;13,92;44,64;47,26;9,22;25,92;42,63;9,45;63,68;58,68
28019;Belmonte de Tajo;17,41;16,67;13,73;1,28;15329,0;35,19;52,34;6,65;15,16;3,34;31,03;22,69;61,78;14,97;22,82;23,74;12,41;67,0;62,09
28020;Berzosa del Lozoya;15,41;24,84;11,89;0,68;24143,0;47,32;35,12;9,27;20,59;1,47;17,65;39,68;50,79;26,85;18,06;31,02;9,3;52,7;40,76
28021;Berrueco, El;15,51;22,47;16,03;0,82;19155,0;41,68;38,98;12,59;18,16;0,87;15,61;36,17;53,5;17,51;20,2;37,57;11,86;69,09;55,19
28022;Boadilla del Monte;23,39;11,16;15,69;1,28;36986,0;34,3;54,55;7,5;20,34;0,23;8,94;65,2;30,93;4,1;21,06;62,12;4,3;67,83;62,72
28023;Boalo, El;20,82;12,03;14,65;1,09;22635,0;36,71;49,87;9,07;17,94;0,82;12,54;47,68;45,57;7,53;24,68;48,39;8,9;66,92;64,43
28024;Braojos;10,82;17,34;10,73;1,54;21115,0;45,73;41,21;7,54;17,5;5,0;15,83;34,17;55,83;13,79;24,14;39,41;6,92;72,02;65,33
28025;Brea de Tajo;10,5;24,77;19,17;1,05;14608,0;36,9;46,33;8,39;19,39;6,63;24,49;21,86;62,3;23,14;20,84;17,59;12,6;59,84;49,03
28026;Brunete;18,25;12,93;24,71;1,03;19287,0;36,54;48,92;9,73;16,69;0,69;11,59;42,35;46,23;10,2;27,18;40,69;7,69;64,7;59,86
28027;Buitrago del Lozoya;18,66;18,38;29,62;1,09;17584,0;36,57;46,46;8,32;14,81;2,12;13,63;29,67;60,32;18,32;23,8;32,24;9,01;65,81;57,61
28028;Bustarviejo;17,63;14,34;15,63;0,94;19712,0;42,57;42,35;9,06;18,56;1,4;13,57;44,77;46,15;10,34;22,14;44,79;9,22;68,24;63,07
28029;Cabanillas de la Sierra;16,88;14,68;14,02;1,29;21113,0;35,88;47,8;11,27;18,31;0,92;12,39;45,78;46,02;9,24;26,23;45,07;7,1;68,77;61,55
28030;Cabrera, La;16,66;15,72;19,14;1,06;18526,0;39,56;43,78;9,19;18,26;0,84;14,08;36,06;52,76;13,0;24,13;35,41;10,66;66,86;60,58
28031;Cadalso de los Vidrios;16,68;19,52;18,87;1,32;14396,0;36,09;48,34;8,53;16,87;3,59;23,31;27,3;59,0;15,06;20,6;24,02;17,25;56,15;52,9
28032;Camarma de Esteruelas;19,2;10,94;18,4;1,01;19030,0;36,59;50,23;9,36;13,79;0,3;22,36;31,8;54,22;8,98;26,27;34,65;9,38;65,03;64,99
28033;Campo Real;19,54;12,46;20,66;1,28;16932,0;34,89;50,96;9,04;15,94;0,66;26,32;27,46;60,94;13,04;26,72;28,75;10,11;67,67;65,64
28034;Canencia;10,06;26,72;12,11;1,2;18063,0;34,72;47,19;9,29;25,13;8,38;20,42;35,36;54,7;17,87;24,36;31,79;10,8;63,97;49,88
28035;Carabaña;17,89;15,72;22,96;1,42;14383,0;34,66;48,33;10,63;17,4;1,64;23,16;22,74;63,25;15,65;25,71;25,01;10,67;62,95;59,59
28036;Casarrubuelos;20,3;10,81;12,49;1,12;16564,0;36,32;51,02;9,05;13,54;0,4;20,43;28,97;57,85;8,69;27,94;30,11;7,6;66,8;65,36
28037;Cenicientos;13,97;24,97;15,09;1,13;13157,0;34,32;49,84;7,29;19,45;5,1;17,41;19,46;65,71;21,01;21,33;15,89;20,72;56,6;50,24
28038;Cercedilla;15,67;16,64;18,75;1,11;19477,0;39,66;44,29;9,71;17,59;0,96;11,52;39,95;50,7;10,81;24,19;41,28;10,16;66,07;59,31
28039;Cervera de Buitrago;9,09;26,67;6,67;1,81;21865,0;33,11;47,97;8,11;17,39;0,0;24,64;30,16;58,73;18,67;26,67;22,67;10,13;67,62;53,02
28040;Ciempozuelos;17,84;14,48;24,78;1,13;15281,0;38,61;46,38;8,93;10,04;0,65;16,8;25,89;58,95;18,29;24,44;24,92;10,18;62,17;57,43
28041;Cobeña;21,94;10,07;17,99;1,11;25741,0;35,48;52,17;8,33;14,28;0,49;12,55;48,9;44,11;6,41;25,49;50,62;5,88;69,77;64,81
28042;Colmenar del Arroyo;16,67;18,0;19,92;1,38;18698,0;34,52;50,82;8,72;17,09;3,12;14,78;39,47;50,24;14,43;24,15;35,48;14,01;63,07;58,12
28043;Colmenar de Oreja;16,22;16,83;17,09;1,03;14325,0;33,84;52,45;7,73;18,24;2,21;28,15;19,9;67,4;17,8;21,85;19,29;11,84;62,53;57,91
28044;Colmenarejo;18,28;12,51;19,18;0,94;20346,0;38,54;48,57;8,5;14,48;0,49;11,98;44,07;47,61;7,11;27,74;44,72;8,8;64,72;60,85
28045;Colmenar Viejo;19,77;12,92;22,05;1,38;22447,0;36,98;50,21;7,87;11,42;0,6;13,9;43,61;45,96;9,97;24,26;43,25;6,92;67,97;63,07
28046;Collado Mediano;17,56;14,11;20,11;1,16;23156,0;37,48;48,65;9,27;19,49;0,49;11,2;48,63;43,89;7,14;25,61;49,08;9,89;64,57;61,06
28047;Collado Villalba;16,59;14,35;29,03;1,04;17766,0;39,14;46,22;9,27;11,01;0,37;11,15;35,27;52,73;8,06;33,94;40,8;9,68;65,72;60,69
28048;Corpa;19,88;15,66;15,21;0,86;15746,0;33,54;52,64;8,23;11,88;1,38;22,65;28,24;57,35;12,37;21,27;25,34;10,87;67,09;62,92
28049;Coslada;14,47;21,66;20,99;1,01;18433,0;33,15;52,87;7,4;10,33;0,14;16,53;30,58;53,83;14,04;25,57;28,79;8,84;69,61;55,68
28050;Cubas de la Sagra;23,61;10,28;10,24;1,14;18618,0;34,82;53,26;7,59;19,7;0,59;22,43;34,14;57,26;8,01;28,27;34,15;7,17;68,5;67,31
28051;Chapinería;21,64;14,64;14,89;1,38;17011,0;34,65;50,37;8,98;16,03;2,61;15,0;40,33;50,1;11,63;23,9;36,5;12,99;61,26;58,85
28052;Chinchón;16,46;18,21;18,8;1,19;15431,0;36,02;48,85;8,32;19,3;5,19;18,42;26,06;58,41;17,49;23,06;23,98;12,25;66,2;58,42
28053;Daganzo de Arriba;21,68;8,48;12,81;1,06;22277,0;35,95;52,92;7,84;12,27;0,41;16,5;41,53;49,75;6,31;27,4;43,6;6,64;69,51;68,52
28054;Escorial, El;16,12;18,51;17,45;1,18;21836,0;36,35;47,9;9,67;17,85;0,83;9,16;46,33;45,11;8,35;25,24;47,71;8,88;66,92;56,67
28055;Estremera;15,07;22,1;21,16;1,24;14054,0;33,0;48,78;8,4;20,51;5,83;20,77;21,97;62,62;23,7;22,37;19,39;15,61;58,9;51,51
28056;Fresnedillas de la Oliva;20,43;13,88;31,13;1,49;14835,0;37,38;49,82;8,22;17,7;2,34;14,7;38,18;51,73;15,49;22,44;35,94;14,38;58,68;58,6
28057;Fresno de Torote;20,66;13,18;15,48;1,27;18350,0;36,0;51,27;8,84;15,63;0,35;22,36;30,68;56,16;11,27;28,15;32,95;9,83;68,02;64,16
28058;Fuenlabrada;16,32;16,24;16,39;1,01;15909,0;35,52;51,68;7,54;9,7;0,25;18,49;25,48;59,27;14,88;24,39;22,96;10,03;67,8;59,69
28059;Fuente el Saz de Jarama;18,16;14,09;25,17;1,21;17751,0;36,83;49,13;8,69;15,86;1,03;17,28;32,25;55,7;11,94;29,23;33,17;8,74;65,96;60,02
28060;Fuentidueña de Tajo;15,85;18,09;17,69;1,18;14629,0;32,62;50,63;8,98;17,77;3,51;26,91;23,46;60,89;16,26;25,01;20,19;14,35;60,06;55,93
28061;Galapagar;18,01;13,9;25,9;1,09;21466,0;38,05;48,18;8,92;16,09;0,45;10,49;45,48;44,18;8,8;25,92;45,78;7,91;65,99;60,52
28062;Garganta de los Montes;10,32;20,5;14,93;0,96;21981,0;41,46;44,72;8,4;19,25;6,57;15,96;38,05;52,68;9,38;22,66;42,45;7,92;75,17;62,83
28063;Gargantilla del Lozoya y Pinilla de Buitrago;10,91;22,62;18,02;1,08;21665,0;33,43;49,56;12,61;20,37;3,7;19,14;34,46;57,43;11,7;24,79;37,33;14,06;61,11;53,93
28064;Gascones;19,68;14,4;16,4;2,14;21038,0;32,98;47,87;13,3;24,55;7,27;17,27;28,44;63,3;8,59;30,3;38,89;13,64;68,67;68,39
28065;Getafe;17,83;17,7;20,36;1,23;19413,0;35,65;50,92;7,04;10,24;0,23;16,56;37,27;50,14;11,39;30,25;35,23;8,43;68,02;59,56
28066;Griñón;18,78;15,45;12,52;0,97;21233,0;34,06;51,04;9,24;24,13;0,45;20,7;39,51;51,94;10,58;26,56;34,5;7,43;68,94;61,06
28067;Guadalix de la Sierra;17,66;13,69;18,53;1,3;18821,0;36,34;50,93;7,59;15,04;2,0;15,74;37,95;52,75;11,4;27,56;37,26;9,94;65,92;62,02
28068;Guadarrama;17,41;16,85;16,74;0,99;20395,0;34,75;48,91;9,75;14,61;0,69;10,97;38,25;52,5;10,12;26,1;39,39;8,2;65,08;58,23
28069;Hiruela, La;10,23;28,86;5,68;3,89;19973,0;25,33;62,67;10,67;26,47;2,94;2,94;50,0;50,0;7,89;17,11;59,21;19,05;68,0;55,26
28070;Horcajo de la Sierra-Aoslos;11,67;20,45;22,62;0,61;21142,0;39,46;41,08;13,51;16,67;6,25;15,62;34,04;54,26;13,37;25,74;39,6;10,78;62,33;51,26
28071;Horcajuelo de la Sierra;11,7;27,55;22,64;0,78;18012,0;29,21;50,56;13,48;17,02;8,51;14,89;30,23;60,47;16,0;29,0;34,0;7,84;73,44;52,58
28072;Hoyo de Manzanares;16,9;14,74;18,7;1,04;25242,0;39,14;46,45;9,66;18,36;0,62;7,82;53,85;39,39;7,16;23,23;53,74;6,74;66,32;59,42
28073;Humanes de Madrid;21,74;10,1;18,64;1,08;14867,0;36,24;51,28;8,27;12,19;0,3;22,69;23,87;61,33;12,07;25,63;24,65;10,57;64,8;66,03
28074;Leganés;15,96;20,79;20,48;1,0;17438,0;35,37;50,03;7,19;10,02;0,18;14,77;32,39;54,44;16,89;23,64;28,73;9,06;66,66;55,84
28075;Loeches;20,6;8,76;14,7;1,15;17944,0;36,18;51,49;8,58;13,49;0,36;23,41;28,84;58,8;9,53;26,7;30,51;8,2;69,54;68,73
28076;Lozoya;9,63;27,27;16,33;0,75;20831,0;36,71;48,46;8,14;23,81;8,33;17,06;30,21;60,0;15,48;24,7;32,35;9,8;72,16;52,02
28078;Madarcos;10,43;25,8;17,39;0,93;19973,0;45,0;28,33;15,0;25,71;5,71;14,29;35,29;61,76;14,06;20,31;40,62;5,26;81,82;59,38
28079;Madrid;14,71;18,1;29,25;1,04;25397,0;42,53;43,02;7,5;12,3;0,26;9,59;47,62;41,51;11,09;23,16;46,83;7,86;66,2;57,05
28080;Majadahonda;18,93;17,35;21,35;1,19;32413,0;36,45;49,7;8,54;16,83;0,27;8,13;59,7;31,97;6,0;22,11;58,64;5,44;67,01;56,1
28082;Manzanares el Real;18,88;12,84;16,9;1,11;21963,0;40,08;45,14;9,96;16,6;0,92;12,32;46,89;45,01;7,96;25,31;47,19;7,66;68,24;63,25
28083;Meco;20,15;9,14;17,54;1,15;19887,0;35,9;51,98;8,44;12,01;0,4;20,16;33,87;51,65;7,41;26,58;35,89;7,5;68,89;67,24
28084;Mejorada del Campo;18,26;13,32;20,04;1,07;15654,0;36,4;50,03;8,41;13,53;0,21;22,42;22,55;61,16;12,74;25,88;22,57;10,17;65,53;61,65
28085;Miraflores de la Sierra;17,09;13,79;25,14;1,02;20002,0;38,19;47,73;8,92;16,93;1,32;13,76;39,87;50,12;13,13;23,93;40,01;10,39;63,62;60,05
28086;Molar, El;19,28;11,8;30,93;1,2;15752,0;37,81;48,05;9,3;13,35;0,73;19,55;28,6;56,29;14,73;25,95;30,82;8,91;65,18;60,66
28087;Molinos, Los;14,25;19,02;16,53;1,23;20682,0;38,05;47,83;8,52;18,82;1,16;12,81;39,29;51,07;11,14;27,28;38,89;8,43;65,72;55,42
28088;Montejo de la Sierra;12,7;21,81;18,63;0,89;18238,0;48,06;36,42;7,46;17,95;5,77;8,97;39,6;55,7;14,9;27,22;36,68;7,69;57,78;48,84
28089;Moraleja de Enmedio;19,72;13,3;10,29;1,22;18277,0;33,93;54,57;6,62;21,04;0,71;22,84;32,15;58,87;11,01;25,28;30,94;8,44;70,45;64,49
28090;Moralzarzal;19,29;13,27;14,28;1,07;22974,0;35,23;50,0;9,66;15,1;0,42;10,0;49,28;44,52;7,22;25,53;48,47;6,77;66,51;61,26
28091;Morata de Tajuña;17,33;16,84;19,92;1,21;15085,0;33,85;50,55;8,31;14,82;1,96;24,9;23,23;62,72;16,77;24,14;22,46;11,47;63,3;57,56
28092;Móstoles;15,98;20,84;20,44;1,11;16710,0;35,24;50,43;7,7;9,86;0,27;14,91;30,23;56,69;14,69;23,88;28,38;9,66;67,04;55,61
28093;Navacerrada;15,8;17,5;20,85;1,02;23446,0;37,41;46,32;9,72;19,19;0,2;11,34;41,55;50,92;9,55;24,95;44,53;7,75;66,78;58,07
28094;Navalafuente;20,33;11,52;24,04;1,36;17664,0;36,05;47,59;12,22;15,01;1,86;15,67;35,14;53,06;14,38;25,27;36,8;12,18;65,83;64,71
28095;Navalagamella;19,38;11,82;31,45;1,14;14652,0;38,66;46,97;9,43;13,61;2,07;11,94;28,13;57,21;13,27;25,97;30,13;12,59;60,04;60,47
28096;Navalcarnero;22,26;11,65;18,07;1,35;17499,0;34,31;52,41;8,37;13,54;0,55;16,46;33,61;56,33;11,47;25,27;34,4;8,95;67,52;64,85
28097;Navarredonda y San Mamés;10,06;24,36;6,06;1,81;24790,0;35,66;46,15;9,79;26,39;5,56;9,72;41,18;50,0;14,58;21,53;39,58;10,71;73,53;58,33
28099;Navas del Rey;17,69;16,96;25,35;1,38;15201,0;34,67;49,78;8,85;15,96;2,07;22,25;27,2;60,05;17,17;24,19;25,55;12,57;60,1;55,77
28100;Nuevo Baztán;17,46;13,37;22,03;1,13;18673,0;36,18;51,0;8,43;22,22;0,41;19,39;34,13;55,13;8,84;30,39;34,02;10,62;63,23;59,39
28101;Olmeda de las Fuentes;18,43;12,86;20,74;0,86;25606,0;33,43;49,4;12,65;27,72;3,26;16,85;51,12;42,13;10,43;20,29;50,14;4,69;66,78;62,65
28102;Orusco de Tajuña;16,86;18,85;24,36;1,27;13914,0;34,8;48,14;7,21;14,26;1,41;19,89;21,98;64,65;19,43;26,78;19,97;14,08;59,45;54,67
28104;Paracuellos de Jarama;25,79;8,29;21,57;1,08;26450,0;33,34;55,58;7,97;13,41;0,17;12,85;51,37;42,31;6,02;23,45;53,57;5,57;69,3;68,27
28106;Parla;21,06;12,22;31,97;1,16;13534,0;36,07;51,23;7,91;10,15;0,33;19,81;21,84;58,88;14,72;24,99;20,92;11,24;61,76;60,7
28107;Patones;14,34;31,94;8,9;1,6;19657,0;28,99;48,25;7,39;17,47;0,87;27,95;28,9;56,88;22,22;24,67;27,5;7,69;72,95;49,34
28108;Pedrezuela;21,12;11,06;24,02;1,24;20132,0;36,3;49,55;9,91;13,27;0,62;16,08;39,16;50,94;10,86;25,76;40,97;8,58;66,54;64,59
28109;Pelayos de la Presa;17,17;17,34;32,14;1,55;13968,0;35,62;47,04;9,43;19,52;0,73;17,69;26,82;59,63;17,33;28,23;26,24;16,39;54,44;52,23
28110;Perales de Tajuña;17,76;14,66;21,83;1,25;15100,0;35,69;50,78;8,07;17,11;1,06;23,85;26,74;60,8;15,33;26,52;25,83;14,41;60,34;59,01
28111;Pezuela de las Torres;18,78;17,47;11,76;1,75;16815,0;32,05;54,29;7,83;17,65;2,59;20,75;22,47;62,22;12,68;24,52;26,45;8,26;68,73;59,17
28112;Pinilla del Valle;9,4;26,4;9,5;0,97;21855,0;31,43;53,71;6,29;11,9;3,57;14,29;41,25;51,25;8,15;22,83;42,39;15,05;63,71;51,38
28113;Pinto;19,46;12,66;18,81;1,11;18803,0;35,85;50,79;8,58;10,6;0,22;18,06;35,67;52,98;10,15;25,06;35,05;8,33;68,61;64,35
28114;Piñuécar-Gandullas;13,26;19,78;11,41;0,85;18215,0;37,89;42,24;8,7;24,44;5,62;17,98;34,48;55,17;10,37;27,44;37,8;9,78;66,4;56,44
28115;Pozuelo de Alarcón;18,99;17,65;17,43;1,23;44016,0;36,09;51,69;6,97;21,29;0,39;8,49;67,32;26,7;5,85;20,57;62,12;4,78;67,58;55,82
28116;Pozuelo del Rey;22,55;9,31;19,82;1,21;15900,0;36,66;50,15;9,77;15,99;1,62;20,52;26,21;60,27;9,3;28,37;29,32;10,91;68,07;68,41
28117;Prádena del Rincón;12,74;18,22;13,01;1,0;22866,0;39,34;47,54;6,56;24,36;7,69;19,23;42,47;52,05;11,9;20,63;42,86;3,66;76,7;67,21
28118;Puebla de la Sierra;8,89;23,23;13,13;0,37;19973,0;44,83;39,08;8,05;23,91;13,04;28,26;32,56;55,81;11,11;16,67;45,56;13,04;59,7;51,69
28119;Quijorna;20,01;12,02;22,05;1,08;18010,0;36,78;49,51;8,74;15,82;1,25;12,13;39,28;50,56;9,2;27,2;39,39;8,48;65,06;62,53
28120;Rascafría;10,44;26,33;20,2;0,82;19755,0;33,58;52,02;7,07;22,61;4,71;17,5;27,64;59,8;15,04;22,52;32,44;9,73;69,08;51,84
28121;Redueña;12,89;16,38;12,54;0,98;19783,0;44,18;42,97;9,24;14,38;0,68;19,18;34,75;56,74;14,5;29,01;36,26;6,29;71,63;61,15
28122;Ribatejada;14,88;15,81;21,08;1,32;19222,0;36,44;47,05;9,17;19,17;1,21;21,6;25,64;61,28;11,58;27,02;33,87;10,04;65,75;60,43
28123;Rivas-Vaciamadrid;21,81;9,62;15,49;1,4;23467,0;37,11;52,02;7,61;13,08;0,19;12,39;47,84;45,06;5,99;26,62;48,6;7,0;71,1;68,2
28124;Robledillo de la Jara;9,24;16,47;24,37;0,56;19183,0;47,62;35,24;12,38;18,87;0,0;7,55;35,29;50,98;17,95;18,8;40,17;22,22;55,06;54,31
28125;Robledo de Chavela;15,39;17,85;18,4;1,13;18037,0;35,77;48,04;9,92;17,97;2,74;13,65;37,76;51,55;11,19;26,42;37,54;12,91;61,2;56,45
28126;Robregordo;15,19;27,34;26,58;1,31;19973,0;35,59;47,46;8,47;16,67;12,5;12,5;25,0;62,5;16,67;30,3;25,76;14,71;63,04;51,52
28127;Rozas de Madrid, Las;20,23;14,38;17,27;1,29;32540,0;36,13;51,03;8,49;16,92;0,18;7,75;64,28;30,71;4,01;21,74;64,15;5,03;69,6;60,68
28128;Rozas de Puerto Real;10,1;26,29;11,0;0,99;16374,0;33,33;47,48;7,75;17,08;2,08;15,0;29,07;57,27;17,35;24,44;27,05;19,29;60,59;52,43
28129;San Agustín del Guadalix;20,7;11,14;22,17;0,96;25425,0;37,18;50,14;8,54;15,69;0,22;14,49;48,47;42,15;8,1;25,3;46,78;6,62;67,65;63,66
28130;San Fernando de Henares;15,14;16,39;17,35;1,0;17981,0;35,82;50,71;7,77;10,11;0,13;16,22;28,98;56,06;11,11;28,8;28,55;9,44;69,72;61,28
28131;San Lorenzo de El Escorial;16,52;18,25;18,64;1,03;21508,0;38,64;44,82;10,54;17,39;0,62;8,05;46,12;45,01;7,91;24,82;47,4;8,24;65,95;56,24
28132;San Martín de la Vega;20,6;10,52;24,98;1,22;15118,0;36,12;51,11;7,97;13,16;1,05;19,71;26,18;58,99;15,27;25,23;24,38;10,63;63,6;63,02
28133;San Martín de Valdeiglesias;17,58;18,7;21,52;1,18;15211,0;35,38;48,3;8,57;16,25;1,3;17,46;28,46;59,43;16,66;24,29;25,91;14,88;58,13;54,08
28134;San Sebastián de los Reyes;18,91;14,26;22,18;1,06;24078,0;37,18;50,34;7,48;11,42;0,26;11,85;43,32;46,35;8,68;24,5;46,84;6,41;68,8;62,32
28135;Santa María de la Alameda;15,0;18,51;16,79;1,2;16242,0;36,61;46,27;11,15;25,4;4,37;18,61;31,57;59,22;14,88;24,57;34,26;16,58;58,51;56,43
28136;Santorcaz;15,74;16,33;13,0;1,09;16838,0;34,39;49,47;8,77;13,78;2,0;20,22;26,96;59,68;11,24;28,83;27,58;10,63;66,81;60,44
28137;Santos de la Humosa, Los;21,43;10,26;18,72;1,2;16743,0;35,13;52,72;8,17;13,42;0,7;18,93;28,08;55,68;9,89;25,68;31,97;8,43;64,97;64,64
28138;Serna del Monte, La;13,45;19,09;14,55;1,0;15734,0;42,53;42,53;9,2;22,22;13,33;11,11;32,56;60,47;3,33;30,0;27,78;14,04;65,33;64,04
28140;Serranillos del Valle;19,81;11,91;9,87;1,02;19113,0;35,45;52,17;8,04;23,12;0,31;20,75;33,63;57,8;9,8;28,07;29,83;8,38;69,32;65,77
28141;Sevilla la Nueva;19,8;12,6;16,63;0,92;19399,0;36,88;47,17;11,06;16,3;0,29;13,95;41,19;50,73;8,24;27,92;38,82;7,44;66,78;63,03
28143;Somosierra;9,03;18,92;4,3;0,44;19973,0;46,07;35,96;7,87;14,29;8,16;10,2;28,26;67,39;13,98;27,96;32,26;15,52;73,13;63,04
28144;Soto del Real;16,7;16,52;15,58;1,0;24782,0;37,02;48,35;9,03;18,72;0,59;11,51;53,46;38,99;7,58;24,56;50,66;7,83;66,9;57,99
28145;Talamanca de Jarama;20,29;13,23;20,69;1,28;17269,0;36,84;48,21;9,67;11,98;0,72;16,99;31,82;57,53;10,97;26,48;34,9;8,71;66,99;63,07
28146;Tielmes;18,14;15,73;23,78;1,2;14535,0;35,72;47,26;10,18;12,92;2,1;33,47;21,67;62,14;17,93;22,84;21,76;11,54;63,97;60,67
28147;Titulcia;17,32;15,89;15,67;1,22;16066,0;33,27;50,44;9,56;16,64;1,5;23,96;23,06;61,27;18,69;24,06;22,38;12,54;65,09;60,22
28148;Torrejón de Ardoz;18,05;14,51;25,71;1,14;17473,0;36,9;49,52;8,28;9,52;0,26;19,4;29,97;54,52;12,65;25,35;29,72;8,99;67,44;62,3
28149;Torrejón de la Calzada;22,51;10,5;15,92;1,36;18558,0;34,78;53,49;7,64;19,59;0,16;18,97;33,37;57,22;9,39;26,71;32,05;7,88;68,92;66,82
28150;Torrejón de Velasco;19,79;12,7;9,46;1,08;17563,0;33,54;53,54;8,15;16,93;1,22;19,98;28,27;59,21;10,57;26,89;29,03;8,28;68,85;63,85
28151;Torrelaguna;17,71;16,74;21,59;1,1;17244,0;36,01;48,4;9,25;12,58;0,71;21,04;30,27;57,86;15,97;26,28;28,64;9,51;66,98;59,95
28152;Torrelodones;20,34;14,03;14,53;1,2;34072,0;37,16;49,24;8,78;21,34;0,21;7,51;66,54;29,59;4,63;21,3;62,65;5,18;68,25;59,95
28153;Torremocha de Jarama;15,88;26,75;11,08;0,97;20642,0;35,74;44,57;11,38;12,69;3,01;16,56;47,05;43,64;16,06;21,14;39,23;9,49;67,45;52,27
28154;Torres de la Alameda;18,09;14,18;13,82;1,02;16713,0;36,09;50,89;7,61;14,74;0,65;24,78;27,31;58,74;12,33;21,36;34,02;10,56;66,23;62,27
28155;Valdaracete;15,0;21,36;13,1;1,22;16204,0;32,61;52,97;6,49;16,35;8,37;27,76;16,73;60,82;21,92;19,18;25,34;15,26;62,96;55,63
28156;Valdeavero;20,19;13,41;19,66;1,42;16311,0;34,87;51,61;8,99;15,78;2,65;22,15;25,73;58,9;12,5;26,65;26,92;10,01;67,97;64,86
28157;Valdelaguna;16,88;16,04;20,0;1,45;15580,0;35,71;48,98;9,52;14,38;1,93;27,68;24,38;65,24;14,61;25,35;24,49;12,38;60,03;57,87
28158;Valdemanco;16,64;19,57;17,96;1,0;18152,0;36,84;49,54;7,85;18,98;1,1;20,53;38,21;52,36;15,08;23,72;37,16;8,06;63,5;56,43
28159;Valdemaqueda;14,83;19,79;14,35;0,97;14457,0;33,43;49,5;10,33;19,38;2,5;25,94;32,89;55,92;11,94;22,93;26,59;17,35;56,54;54,07
28160;Valdemorillo;18,66;13,55;20,74;1,25;22131,0;35,35;51,03;9,17;20,59;0,77;11,79;47,52;44,43;9,08;24,59;46,12;8,42;65,12;60,6
28161;Valdemoro;20,42;9,91;19,19;1,05;18637,0;36,19;51,1;8,51;10,3;0,24;14,55;33,1;55,65;8,42;27,87;36,58;8,15;65,82;65,76
28162;Valdeolmos-Alalpardo;22,09;11,63;18,91;1,15;22613,0;34,74;51,34;10,07;17,36;1,19;15,49;43,49;48,18;6,57;26,18;44,89;5,71;69,3;64,92
28163;Valdepiélagos;13,59;15,54;16,59;0,68;16641,0;38,86;49,14;5,9;16,61;1,63;24,76;33,22;55,7;9,26;25,59;34,12;8,11;69,55;61,21
28164;Valdetorres de Jarama;17,25;15,37;18,12;1,16;18568,0;36,57;48,5;9,23;17,15;0,92;19,86;31,0;56,89;13,1;24,52;31,6;11,0;64,96;61,25
28165;Valdilecha;19,66;13,58;26,2;1,59;14121,0;34,34;50,91;8,68;13,63;2,5;25,3;20,21;62,19;16,03;26,18;22,16;12,4;64,94;62,95
28166;Valverde de Alcalá;15,7;14,96;17,28;1,5;18049,0;33,84;50,87;8,3;13,5;1,69;28,27;24,57;56,47;15,05;24,74;22,47;9,19;63,61;59,45
28167;Velilla de San Antonio;18,99;9,57;15,1;1,25;18914,0;37,67;50,46;8,08;13,12;0,23;20,0;31,6;56,53;9,03;25,99;33,66;8,34;68,36;68,01
28168;Vellón, El;17,75;14,12;27,85;1,26;16915,0;37,26;46,75;10,54;13,55;1,19;21,96;29,63;57,48;15,78;23,35;36,38;10,88;61,55;59,91
28169;Venturada;17,54;13,38;15,91;0,98;29375,0;37,2;49,74;9,28;21,22;0,9;12,46;58,56;37,66;5,26;24,42;57,41;6,76;68,01;62,37
28170;Villaconejos;17,59;17,44;15,79;1,26;13535,0;34,25;51,92;7,03;18,86;7,7;23,51;18,18;63,36;20,08;18,74;16,07;12,58;62,88;57,68
28171;Villa del Prado;18,52;16,08;27,77;1,4;14740,0;35,38;50,15;8,16;14,85;7,43;17,41;20,59;61,53;20,39;23,05;20,62;10,94;59,47;55,66
28172;Villalbilla;23,41;9,01;12,72;1,69;23382,0;34,01;55,27;7,37;15,42;0,24;16,81;43,56;48,0;5,09;25,81;47,53;5,32;72,62;70,33
28173;Villamanrique de Tajo;14,25;18,63;22,02;1,08;13962,0;38,51;46,12;8,64;13,18;8,04;22,51;15,1;68,12;18,66;22,36;18,79;14,65;57,88;54,85
28174;Villamanta;17,45;19,09;19,46;1,29;15491,0;32,76;50,39;7,84;18,02;3,3;22,27;28,57;59,8;19,57;23,44;23,97;13,66;62,51;57,16
28175;Villamantilla;21,79;9,55;22,34;1,37;18249,0;33,62;52,66;9,91;14,95;1,04;16,64;38,61;51,98;10,8;25,08;39,58;10,48;66,22;67,38
28176;Villanueva de la Cañada;20,96;11,98;25,89;1,13;28352,0;37,99;50,47;7,41;20,82;0,43;8,77;57,3;35,22;7,18;25,16;53,83;5,94;62,44;57,06
28177;Villanueva del Pardillo;21,87;9,1;19,29;1,07;24139,0;37,38;50,44;8,64;14,58;0,27;9,15;50,31;41,38;6,59;25,11;50,04;6,09;65,35;64,84
28178;Villanueva de Perales;18,89;11,88;15,66;1,36;16617,0;35,31;52,32;8,25;16,5;1,09;14,68;31,16;58,37;10,16;28,62;32,33;10,18;65,79;64,19
28179;Villar del Olmo;17,51;13,57;18,13;1,13;20180,0;34,24;51,82;8,95;24,78;0,49;21,55;37,65;52,78;7,79;26,85;38,61;9,56;63,55;59,58
28180;Villarejo de Salvanés;18,25;16,13;15,97;1,05;14972,0;33,68;53,58;6,99;15,25;2,29;33,34;21,41;64,41;17,09;24,67;22,38;12,0;64,21;59,82
28181;Villaviciosa de Odón;17,27;18,67;17,93;0,98;29305,0;36,92;50,55;6,94;24,69;0,34;12,15;57,11;37,91;7,66;26,73;49,39;5,93;62,36;52,51
28182;Villavieja del Lozoya;14,33;15,52;15,52;1,2;21406,0;41,35;45,86;5,64;23,53;4,41;16,91;36,72;55,47;10,14;29,37;40,91;9,94;63,32;56,89
28183;Zarzalejo;18,22;16,33;21,12;1,51;15464,0;39,96;41,75;10,74;23,35;1,41;18,71;40,06;51,34;17,03;22,39;37,37;16,76;57,33;56,97
28901;Lozoyuela-Navas-Sieteiglesias;17,06;17,55;23,32;1,15;16046,0;35,13;48,02;8,42;21,08;2,02;16,02;34,81;53,0;15,64;23,58;33,25;12,35;61,72;54,86
28902;Puentes Viejas;14,67;18,24;14,57;0,55;18866,0;36,74;49,68;8,31;18,99;2,79;13,69;37,72;56,29;11,5;24,36;40,09;10,25;68,51;61,26
28903;Tres Cantos;19,66;14,09;16,34;1,47;30280,0;36,53;52,07;7,28;10,26;0,19;9,12;63,33;32,55;3,83;20,96;64,63;5,14;69,67;61,81
29001;Alameda;16,86;15,61;7,27;1,23;11342,0;33,9;53,44;5,86;17,17;31,16;25,07;13,56;55,38;21,32;12,6;14,23;13,49;58,17;54,03
29002;Alcaucín;12,83;30,22;43,75;1,45;12470,0;27,06;57,56;8,49;33,86;10,4;16,47;19,75;63,58;43,75;14,65;13,74;19,52;48,78;38,35
29003;Alfarnate;11,2;28,65;7,34;1,0;13644,0;32,9;50,0;4,98;26,6;19,3;16,89;21,81;56,94;29,05;13,58;18,32;10,56;62,05;45,32
29004;Alfarnatejo;9,31;26,28;16,25;0,87;13057,0;32,42;52,73;5,76;37,01;15,87;19,84;18,49;65,55;23,71;12,57;18,57;20,13;55,22;45,82
29005;Algarrobo;16,37;18,71;20,56;1,07;12482,0;36,95;47,9;8,28;26,14;18,35;12,89;21,94;60,18;20,37;19,25;22,3;18,25;53,55;51,99
29006;Algatocín;11,66;22,31;12,52;0,86;12331,0;34,44;50,35;7,05;23,99;11,85;25,56;19,01;66,92;21,14;15,29;16,49;23,53;52,67;50,27
29007;Alhaurín de la Torre;20,46;12,85;14,22;1,11;17280,0;35,22;51,54;8,54;19,91;1,16;13,6;36,02;54,71;12,42;23,84;34,2;14,13;60,76;60,7
29008;Alhaurín el Grande;19,68;14,55;25,87;1,31;12162,0;34,2;52,99;7,16;25,34;2,04;24,87;25,46;62,42;26,56;16,45;18,0;19,3;52,33;53,34
29009;Almáchar;15,91;19,44;15,53;1,2;9889,0;39,17;49,58;4,79;27,12;22,32;19,68;18,82;55,17;32,28;12,96;14,33;21,41;48,75;47,72
29010;Almargen;13,91;20,87;6,05;1,21;13288,0;32,75;52,42;5,75;28,08;25,3;18,15;20,75;59,61;20,94;15,01;19,31;14,68;62,59;53,45
29011;Almogía;15,69;17,04;12,69;1,19;12006,0;36,44;49,84;7,25;20,25;4,53;29,36;18,28;64,53;24,14;15,37;16,28;21,46;53,54;54,7
29012;Álora;15,76;17,99;14,12;1,25;12142,0;35,6;49,75;6,87;21,41;9,17;24,68;20,45;62,9;22,78;17,82;17,75;21,64;52,75;52,85
29013;Alozaina;14,07;20,53;15,54;1,34;12659,0;34,95;50,0;6,65;25,15;11,34;21,21;21,45;61,88;20,62;16,74;18,33;24,76;51,7;50,99
29014;Alpandeire;9,88;27,39;10,37;0,72;13386,0;34,53;50,22;6,73;22,62;4,76;27,38;18,42;63,16;22,41;15,52;24,57;21,82;60,14;47,62
29015;Antequera;17,26;16,79;8,83;1,19;14982,0;34,71;50,85;7,49;16,16;8,0;18,16;28,02;55,73;16,21;18,98;26,15;14,67;62,07;57,97
29016;Árchez;10,09;24,05;38,51;1,13;12611,0;32,78;50,41;6,89;34,4;4,1;18,03;24,55;51,82;27,01;17,66;17,92;22,5;43,51;41,67
29017;Archidona;15,98;19,27;9,15;1,21;13470,0;33,99;51,0;6,38;21,12;18,69;18,85;22,8;55,05;22,53;17,74;22,93;14,91;62,28;56,0
29018;Ardales;15,6;17,96;8,13;1,16;13203,0;35,54;48,8;7,33;19,92;13,45;26,28;17,93;62,61;20,38;17,17;18,41;18,03;57,02;54,17
29019;Arenas;14,23;24,56;23,01;1,27;11812,0;31,08;54,21;7,03;27,39;13,04;24,04;17,11;60,0;33,62;15,77;17,94;18,63;51,88;44,78
29020;Arriate;16,03;18,12;7,04;0,96;13242,0;35,64;49,8;6,5;20,48;3,99;21,13;26,78;59,76;15,0;17,53;25,87;16,73;57,92;54,28
29021;Atajate;11,82;21,82;13,07;0,93;16112,0;41,46;39,63;9,76;22,37;1,32;36,84;28,57;52,86;20,81;21,39;25,43;20,0;62,61;52,33
29022;Benadalid;8,93;25,36;18,75;0,72;13129,0;42,42;39,9;5,56;29,87;4,0;24,0;22,97;56,76;20,93;19,07;27,44;19,59;53,42;45,33
29023;Benahavís;22,04;11,55;64,54;1,35;20419,0;37,74;49,14;10,25;42,17;0,8;11,91;39,97;49,84;33,67;24,71;21,81;8,05;41,97;40,69
29024;Benalauría;14,05;19,61;10,13;1,01;12515,0;38,52;49,14;4,2;18,18;6,1;28,66;22,93;55,41;22,78;14,63;16,79;16,9;56,55;51,45
29025;Benalmádena;17,41;15,16;37,72;1,01;16490,0;38,51;45,43;11,26;23,78;0,59;9,77;35,85;55,33;14,25;25,42;36,7;14,2;54,76;52,37
29026;Benamargosa;14,29;22,28;26,25;1,28;9768,0;35,7;45,26;8,74;37,7;29,18;12,04;16,28;58,77;44,23;11,17;12,4;15,76;52,77;45,74
29027;Benamocarra;19,58;14,5;8,6;1,23;10795,0;35,14;51,17;6,33;25,81;30,87;11,35;15,06;56,81;35,23;13,39;14,97;14,64;53,7;52,65
29028;Benaoján;14,63;19,83;7,56;1,29;11846,0;35,66;48,74;6,5;22,88;1,91;32,27;20,87;67,39;21,95;14,95;14,32;29,56;47,41;50,84
29029;Benarrabá;11,72;23,88;12,2;1,3;12956,0;33,58;48,37;7,27;24,7;4,82;27,71;22,5;64,38;27,32;12,11;18,76;19,49;54,14;46,88
29030;Borge, El;13,27;21,85;9,57;0,95;10889,0;34,37;52,98;5,96;25,54;15,99;19,12;14,47;61,41;24,13;17,56;14,81;19,95;54,71;50,78
29031;Burgo, El;12,65;22,94;6,83;1,26;12691,0;34,39;51,07;6,23;21,73;15,55;23,57;19,08;59,8;20,73;11,54;15,31;23,11;55,59;51,99
29032;Campillos;16,79;17,06;7,9;1,33;13385,0;33,79;51,56;7,09;16,64;19,49;15,53;22,46;52,36;15,16;15,59;26,03;17,18;59,51;56,92
29033;Canillas de Aceituno;11,44;24,06;29,9;1,21;12266,0;33,13;50,47;8,03;36,9;9,13;26,6;22,4;62,12;27,35;20,32;25,05;17,76;47,44;40,94
29034;Canillas de Albaida;11,78;28,8;36,46;1,07;12306,0;29,51;51,74;10,03;39,44;13,65;20,48;18,03;66,39;26,05;17,64;21,57;17,42;49,79;39,15
29035;Cañete la Real;9,03;23,34;3,11;0,99;14112,0;35,54;50,0;5,35;22,5;18,06;18,23;24,55;56,36;24,7;12,25;18,54;19,84;57,99;51,5
29036;Carratraca;13,45;20,08;14,38;1,41;13606,0;34,47;51,48;5,62;18,71;8,27;28,42;17,71;63,84;18,89;15,91;20,31;21,13;53,03;50,79
29037;Cartajima;6,47;25,62;15,74;0,18;16706,0;40,85;44,13;5,63;27,78;0,0;21,11;23,6;57,3;18,18;23,64;22,27;19,82;57,42;50,68
29038;Cártama;21,75;10,76;10,1;1,3;13300,0;37,05;49,83;8,58;15,47;2,48;23,04;22,58;62,44;14,93;20,56;23,55;16,26;60,84;64,41
29039;Casabermeja;17,09;16,54;15,29;1,3;13220,0;35,75;49,2;7,55;21,58;3,83;21,81;22,78;63,88;17,72;18,6;24,77;14,25;58,17;55,0
29040;Casarabonela;16,12;18,4;19,91;1,42;13557,0;35,32;48,35;8,45;23,93;8,72;25,74;23,65;60,37;26,5;15,39;20,59;15,42;57,27;52,39
29041;Casares;18,46;14,36;37,27;1,32;15374,0;37,64;49,21;8,94;22,94;2,48;23,93;27,74;59,23;20,7;22,57;26,98;13,65;51,11;50,87
29042;Coín;20,63;14,08;25,57;1,43;12519,0;34,8;52,59;7,16;23,29;2,88;29,85;25,91;61,97;22,7;18,62;19,65;17,63;52,42;53,96
29043;Colmenar;16,53;17,76;19,78;1,14;11666,0;35,64;49,41;6,94;24,63;10,39;19,07;19,97;63,03;21,63;17,44;21,93;16,94;55,38;53,17
29044;Comares;8,55;28,39;40,67;0,74;11716,0;32,43;52,23;6,9;42,86;17,46;20,56;19,53;61,24;33,12;14,77;22,16;20,18;44,01;36,63
29045;Cómpeta;14,24;26,07;46,19;1,42;11858,0;29,6;55,25;8,12;43,73;7,66;25,49;24,45;60,28;36,33;12,43;18,65;19,14;44,32;37,59
29046;Cortes de la Frontera;14,46;20,28;11,59;1,2;12941,0;35,5;50,55;5,59;21,11;8,96;24,93;22,52;62,37;24,28;14,51;17,63;23,08;54,7;53,84
29047;Cuevas Bajas;17,89;19,76;4,69;1,52;11794,0;34,38;49,42;6,71;20,66;25,67;25,05;17,93;57,24;25,76;11,23;15,93;11,96;59,48;50,88
29048;Cuevas del Becerro;13,91;24,56;13,35;1,49;12874,0;35,84;46,46;6,86;31,91;11,33;25,0;20,83;65,1;23,89;14,35;17,24;17,54;57,65;49,08
29049;Cuevas de San Marcos;16,41;19,91;9,77;1,61;11226,0;35,22;50,88;5,37;24,28;31,19;19,33;17,0;53,54;26,0;12,86;17,76;14,04;59,94;52,01
29050;Cútar;10,03;29,44;28,15;1,33;11183,0;29,88;50,98;10,16;36,26;19,66;16,85;21,43;57,74;40,55;13,58;15,41;18,18;54,15;42,7
29051;Estepona;18,43;15,1;33,87;1,11;15485,0;37,62;47,35;9,61;22,47;0,95;15,59;28,63;59,28;20,94;20,42;26,38;13,04;54,42;51,43
29052;Faraján;10,45;35,61;17,77;0,98;15869,0;35,51;40,82;4,9;18,68;6,67;21,11;24,1;62,65;28,52;18,75;21,88;15,0;55,19;39,06
29053;Frigiliana;16,22;19,88;37,61;1,12;14037,0;33,73;51,72;8,17;39,98;4,81;17,47;20,8;65,36;36,26;14,91;17,88;16,43;50,9;46,54
29054;Fuengirola;14,88;21,61;44,41;0,95;14597,0;37,4;45,76;10,4;24,32;1,04;11,64;32,46;56,99;19,51;33,92;23,92;16,11;48,99;42,57
29055;Fuente de Piedra;17,33;17,76;15,74;1,18;12573,0;31,69;51,32;9,22;19,34;15,96;21,13;21,52;53,01;18,89;20,19;20,39;19,51;54,18;53,26
29056;Gaucín;15,25;22,75;24,38;1,21;12838,0;35,33;48,4;8,66;29,16;6,86;24,9;20,77;61,51;24,29;12,89;21,65;17,32;51,67;45,91
29057;Genalguacil;9,75;28,93;16,25;0,95;12579,0;40,69;41,83;8,02;31,09;13,56;13,56;21,93;63,16;32,97;12,97;15,68;27,61;54,38;44,54
29058;Guaro;17,42;17,04;27,92;1,41;12311,0;38,98;43,93;8,29;20,11;1,77;26,77;20,22;66,01;23,96;18,35;16,42;19,9;46,84;49,43
29059;Humilladero;16,3;15,78;6,14;1,24;12443,0;34,61;49,15;9,06;16,78;25,89;19,22;18,18;51,66;18,14;16,01;18,85;14,38;59,74;56,7
29060;Igualeja;12,39;26,57;5,08;0,87;14790,0;31,68;54,8;3,75;19,7;9,16;17,56;22,4;60,4;24,31;15,14;15,43;16,67;60,98;48,6
29061;Istán;16,03;17,03;25,76;1,06;15908,0;35,86;48,78;8,46;23,3;2,11;14,75;24,14;59,93;25,23;17,79;18,97;13,87;56,37;52,59
29062;Iznate;18,04;17,81;13,35;1,37;10090,0;34,08;56,23;4,98;33,99;31,91;24,34;16,11;57,05;35,65;12,42;14,53;12,1;52,91;46,91
29063;Jimera de Líbar;11,95;26,0;12,75;1,09;14513,0;31,2;50,14;6,96;25,52;1,38;14,48;38,03;47,89;21,53;16,35;21,8;21,51;55,33;46,99
29064;Jubrique;12,85;24,22;14,33;1,11;13213,0;38,96;44,53;6,14;23,15;5,97;21,89;19,17;57,51;22,06;17,57;17,94;21,03;53,49;47,46
29065;Júzcar;5,05;19,33;13,33;0,21;14383,0;36,57;48,61;7,87;31,78;4,67;28,04;23,81;63,81;15,07;25,57;20,55;19,08;67,09;60,09
29066;Macharaviaya;14,48;18,43;20,11;1,26;12508,0;39,67;45,37;9,26;31,11;11,11;15,56;31,03;54,6;22,52;15,99;24,55;18,1;52,16;49,77
29067;Málaga;16,57;17,18;16,82;1,09;16761,0;39,5;44,54;8,98;14,51;0,69;11,62;36,26;51,31;14,85;20,53;33,27;16,88;58,51;56,08
29068;Manilva;18,69;14,28;42,75;1,24;14688,0;35,69;49,64;10,06;23,47;1,37;19,09;26,0;62,15;26,48;21,02;22,92;16,81;48,63;48,19
29069;Marbella;17,18;14,9;39,2;1,01;16581,0;40,36;44,64;9,48;23,19;0,75;11,21;27,7;57,37;19,23;24,94;25,32;12,43;53,33;50,3
29070;Mijas;19,25;13,28;38,59;1,19;14221,0;38,37;46,85;10,47;23,99;0,98;13,57;28,18;60,37;13,84;30,01;27,26;15,16;54,02;54,43
29071;Moclinejo;16,03;14,0;8,79;1,06;11383,0;39,9;46,48;7,14;25,11;6,01;25,17;18,94;64,9;21,83;15,26;17,85;17,82;50,9;51,55
29072;Mollina;15,23;23,05;24,53;1,24;12195,0;29,36;54,87;8,61;18,88;19,51;18,31;18,29;54,33;26,82;17,27;17,14;15,66;56,27;48,53
29073;Monda;18,16;14,67;30,59;1,14;12069,0;38,94;47,67;7,47;21,14;2,35;22,6;22,72;61,16;23,64;18,46;20,48;20,36;50,65;52,55
29074;Montejaque;11,71;27,59;13,95;0,77;12385,0;30,49;54,51;5,24;34,39;8,42;22,46;22,71;64,47;27,01;16,41;16,65;18,7;55,5;45,35
29075;Nerja;14,05;23,45;34,9;0,99;13952,0;36,17;47,19;9,28;31,82;2,63;13,42;22,58;62,74;23,6;18,9;24,1;17,53;51,04;44,25
29076;Ojén;18,63;12,97;34,85;1,08;14128,0;39,67;45,2;9,85;20,61;0,8;16,08;25,24;61,07;21,51;20,83;26,56;13,61;55,89;55,26
29077;Parauta;17,41;22,44;11,11;1,29;12681,0;37,78;47,11;8,0;14,41;5,41;16,22;12,5;64,42;27,54;15,25;16,1;13,39;67,07;54,27
29079;Periana;15,21;19,18;17,92;1,39;11529,0;35,42;49,38;7,57;29,55;19,93;23,9;19,75;59,36;33,33;14,37;16,45;19,52;52,55;49,92
29080;Pizarra;18,53;14,12;11,25;1,31;12643,0;35,37;50,74;7,54;17,84;6,0;25,13;21,38;64,11;16,87;18,29;22,54;19,44;56,09;58,79
29081;Pujerra;9,26;29,82;12,63;0,52;14464,0;27,63;57,59;5,84;37,0;12,24;11,22;25,56;52,22;28,52;18,15;12,96;13,93;60,69;46,04
29082;Rincón de la Victoria;19,55;13,66;13,36;1,13;19369,0;36,37;48,47;10,08;17,78;0,57;11,31;44,33;47,93;9,22;23,65;42,91;12,43;63,49;60,94
29083;Riogordo;13,5;21,79;17,94;1,05;12291,0;33,56;51,81;6,49;27,47;14,62;24,26;18,28;63,76;26,7;14,57;20,35;14,92;56,98;49,72
29084;Ronda;15,69;18,53;8,93;1,1;15541,0;35,51;48,41;8,25;20,15;2,9;14,33;32,34;57,44;15,45;21,06;28,53;17,3;59,05;55,42
29085;Salares;15,51;24,18;24,49;0,93;10383,0;35,15;50,91;7,88;30,0;13,56;27,12;17,86;57,14;20,9;12,99;23,16;28,75;49,14;45,45
29086;Sayalonga;11,17;26,83;44,77;1,17;11911,0;29,91;55,5;6,49;42,89;17,88;26,68;16,02;66,85;26,73;15,58;24,42;22,89;39,34;34,09
29087;Sedella;6,41;32,03;35,95;0,57;14729,0;32,02;53,0;8,43;30,27;8,15;13,59;26,79;56,55;38,85;14,98;14,81;20,61;49,86;39,86
29088;Sierra de Yeguas;16,97;18,6;4,62;1,33;12162,0;31,3;54,86;5,62;21,65;28,33;21,59;18,88;51,33;17,74;14,43;17,74;14,82;59,12;52,86
29089;Teba;14,44;17,92;4,53;1,17;11938,0;35,01;51,28;4,78;22,12;26,4;17,78;20,57;53,48;19,59;15,29;19,62;14,99;60,46;54,83
29090;Tolox;17,94;19,99;23,45;1,42;12256,0;33,52;51,05;6,66;22,84;8,67;20,31;21,24;63,73;23,91;16,64;19,42;19,81;53,65;51,06
29091;Torrox;13,96;24,88;42,84;1,21;12458,0;33,5;50,06;10,01;31,32;9,12;14,35;24,33;61,51;29,0;19,82;19,18;18,11;47,94;41,39
29092;Totalán;16,22;14,71;10,28;0,93;11124,0;39,39;46,87;8,24;20,07;2,38;21,77;18,86;67,62;17,88;16,84;18,33;23,41;54,63;59,19
29093;Valle de Abdalajís;12,94;23,79;4,92;1,38;11601,0;33,6;52,9;5,24;19,42;21,87;23,21;15,17;61,07;25,46;12,87;11,42;22,98;53,79;49,2
29094;Vélez-Málaga;18,01;16,33;15,58;1,18;14386,0;36,55;47,76;9,28;21,67;7,56;13,28;28,9;56,37;23,31;23,36;26,95;16,24;58,29;55,76
29095;Villanueva de Algaidas;15,35;20,79;6,72;1,28;12113,0;33,94;50,83;5,99;23,64;34,11;17,34;13,89;57,0;26,41;12,77;17,29;11,75;67,59;56,57
29096;Villanueva del Rosario;15,36;21,16;7,06;1,2;12939,0;33,72;50,98;6,57;23,73;16,89;19,28;24,68;55,4;24,97;13,38;24,07;16,71;59,36;53,56
29097;Villanueva del Trabuco;16,41;17,72;9,28;1,3;11921,0;33,52;52,64;5,81;26,64;22,2;20,51;22,05;56,46;24,98;15,86;21,29;13,15;62,25;56,86
29098;Villanueva de Tapia;12,37;23,59;5,03;1,12;12657,0;33,39;52,24;5,06;28,4;27,74;18,55;15,94;63,38;28,29;13,63;16,56;10,87;65,1;52,32
29099;Viñuela;12,07;27,89;42,21;1,07;12689,0;27,19;56,52;8,65;32,47;10,38;21,97;22,08;59,61;44,2;14,31;18,62;17,35;46,48;38,03
29100;Yunquera;13,52;20,8;8,41;0,96;11883,0;35,43;51,36;5,51;22,83;11,12;27,61;17,45;66,36;19,56;12,47;15,65;25,41;52,57;52,55
29901;Torremolinos;16,3;16,58;30,71;1,05;16868,0;39,86;43,15;11,09;21,29;0,53;8,96;35,04;55,38;19,26;22,74;30,52;16,01;56,35;53,78
29902;Villanueva de la Concepción;16,1;17,05;8,41;1,35;11614,0;33,79;52,49;6,32;21,5;15,94;30,57;16,39;62,41;22,84;15,97;17,13;12,87;61,13;55,54
29903;Montecorto;11,53;21,08;9,66;1,01;12608,0;39,65;47,85;5,08;27,35;13,06;23,42;16,74;59,53;24,13;17,68;17,68;20,79;55,39;52,15
29904;Serrato;11,35;26,58;7,96;1,75;11277,0;34,48;46,31;5,67;18,75;24,05;19,62;19,33;46,0;23,02;16,31;13,91;22,49;56,25;50,24
30001;Abanilla;14,37;24,56;19,53;1,3;13954,0;32,32;51,82;6,68;17,97;8,78;28,06;24,23;57,06;29,71;15,09;18,73;13,37;55,78;45,39
30002;Abarán;17,88;16,16;16,82;1,21;13185,0;34,36;51,25;7,09;14,77;33,45;14,12;21,17;48,89;21,66;17,92;20,31;10,11;55,56;50,07
30003;Águilas;18,02;16,77;17,43;1,27;13421,0;36,98;47,62;8,35;18,35;25,39;10,86;21,57;53,88;17,44;18,44;21,55;11,26;59,06;53,34
30004;Albudeite;17,3;18,73;5,07;1,65;12010,0;39,93;47,53;5,89;13,76;14,22;23,41;15,74;61,34;21,69;15,31;11,92;20,03;50,44;47,95
30005;Alcantarilla;19,22;13,79;16,55;1,3;13668,0;36,38;49,32;8,17;12,41;4,01;22,91;26,67;57,33;15,81;22,21;25,96;14,14;58,57;57,12
30006;Aledo;13,46;22,48;13,19;1,1;14366,0;34,33;51,19;6,51;20,69;21,55;17,24;26,48;54,11;18,92;18,82;24,2;9,8;63,45;51,52
30007;Alguazas;21,44;12,79;22,08;1,49;11762,0;34,94;51,72;7,92;12,44;6,72;28,51;19,67;60,2;24,12;19,43;17,45;14,95;53,43;54,5
30008;Alhama de Murcia;19,62;14,11;25,03;1,44;14670,0;35,43;50,34;7,96;12,96;13,32;36,61;21,37;58,4;19,95;17,9;20,31;8,96;61,24;56,85
30009;Archena;18,21;13,42;26,77;1,33;12751,0;36,65;50,07;7,11;15,53;16,47;20,92;23,77;52,23;25,0;16,78;25,01;9,5;55,54;51,2
30010;Beniel;21,13;12,62;25,85;1,35;11555,0;34,93;52,09;7,27;14,79;13,4;26,32;17,5;57,27;23,98;16,3;18,43;8,28;63,9;59,36
30011;Blanca;18,22;16,17;18,01;1,28;12456,0;34,97;51,6;6,67;16,3;24,62;16,04;24,19;50,78;24,38;16,19;21,56;9,87;56,91;50,73
30012;Bullas;16,58;17,63;11,6;1,29;13308,0;35,17;51,63;5,83;18,29;9,53;32,34;28,2;58,93;16,71;17,68;22,72;11,68;61,89;55,63
30013;Calasparra;16,47;18,11;18,06;1,28;12642,0;32,82;53,84;6,42;20,24;13,56;23,63;23,32;61,74;25,78;15,76;18,89;13,71;55,2;50,28
30014;Campos del Río;17,24;18,22;12,49;1,47;13263,0;35,54;47,82;7,13;13,33;9,81;28,05;15,21;61,9;24,47;17,18;15,67;14,55;56,16;50,79
30015;Caravaca de la Cruz;17,2;17,43;14,16;1,23;13820,0;35,68;50,54;6,66;20,43;10,32;23,7;27,23;60,89;17,67;18,9;25,27;11,74;59,48;53,35
30016;Cartagena;18,94;16,53;15,86;1,31;15783,0;34,68;49,96;8,18;12,81;7,44;17,29;32,57;52,7;16,76;31,44;29,09;13,5;57,77;53,39
30017;Cehegín;15,46;19,84;11,32;1,16;12593,0;32,54;53,5;6,38;21,51;10,3;22,96;26,79;60,99;21,78;16,71;23,22;14,75;57,86;51,29
30018;Ceutí;20,53;10,91;18,24;1,32;13184,0;36,3;50,21;7,72;15,27;5,67;29,91;23,7;60,75;18,45;21,68;24,44;11,53;60,41;60,4
30019;Cieza;18,77;15,88;12,89;1,38;13317,0;34,6;51,99;6,56;15,18;21,95;16,62;26,03;53,88;22,28;18,23;23,4;10,89;56,98;51,69
30020;Fortuna;19,53;14,37;26,12;1,36;11253,0;34,91;52,31;7,54;17,15;15,91;23,14;18,71;56,27;30,89;14,52;14,28;14,23;52,13;51,09
30021;Fuente Álamo de Murcia;20,34;12,4;37,78;1,52;11876,0;36,46;51,3;6,31;17,65;33,15;18,7;16,14;52,28;31,5;16,22;14,72;9,18;55,29;52,59
30022;Jumilla;19,09;13,65;26,34;1,39;12261,0;37,68;49,74;6,67;17,23;27,36;24,06;19,89;52,44;25,17;17,63;19,3;10,41;57,76;54,06
30023;Librilla;20,1;14,42;15,69;1,67;13668,0;33,65;52,03;7,7;15,74;11,34;30,46;21,3;59,42;18,8;19,04;21,54;11,15;62,78;58,79
30024;Lorca;20,14;14,0;27,6;1,46;13449,0;35,65;52,06;6,04;15,72;30,21;15,45;21,12;48,38;23,36;15,72;20,02;8,42;62,27;56,71
30025;Lorquí;19,94;13,2;20,25;1,39;12898,0;35,4;50,52;8,42;13,44;6,23;28,92;21,11;61,15;20,87;18,5;19,84;11,91;59,25;57,3
30026;Mazarrón;17,8;18,77;40,92;1,46;12026,0;33,99;51,75;8,11;18,33;27,3;12,67;15,72;51,63;37,23;13,99;13,3;10,95;54,67;46,96
30027;Molina de Segura;20,32;12,67;18,96;1,21;17026,0;35,94;50,91;8,4;15,78;3,79;23,55;36,84;50,54;16,7;19,59;32,7;11,25;61,18;59,27
30028;Moratalla;13,97;23,27;6,52;1,05;12884,0;34,17;51,28;5,78;22,05;10,8;28,04;24,73;61,5;22,19;17,19;23,79;16,11;59,84;50,3
30029;Mula;18,93;15,03;22,02;1,46;12272,0;37,81;49,44;5,91;16,72;24,03;20,25;20,23;53,33;23,76;29,19;18,32;9,8;58,54;53,62
30030;Murcia;18,49;15,11;17,23;1,28;17017,0;37,57;48,12;8,19;14,88;4,23;16,76;37,48;48,25;13,59;21,98;34,96;11,26;62,05;57,63
30031;Ojós;10,27;24,08;5,28;1,26;15556,0;35,4;46,79;8,28;23,33;10,0;22,86;24,62;63,32;16,33;19,56;22,78;17,11;62,11;53,35
30032;Pliego;17,65;18,08;14,18;1,32;12761,0;33,77;53,86;5,05;19,96;22,79;20,15;19,52;62,39;22,21;16,91;19,2;8,87;61,37;53,01
30033;Puerto Lumbreras;19,88;13,63;29,74;1,44;12578,0;35,09;51,31;7,16;18,15;29,71;15,41;18,66;52,83;31,31;14,26;16,72;7,44;59,41;54,04
30034;Ricote;9,73;24,39;5,99;0,97;14109,0;38,8;46,06;6,07;18,08;13,76;19,21;22,53;58,39;19,98;16,7;22,29;12,98;57,12;46,24
30035;San Javier;20,48;14,32;28,57;1,38;14995,0;35,59;49,67;9,03;18,46;16,91;12,43;28,26;51,93;21,4;21,6;26,7;11,32;57,75;54,52
30036;San Pedro del Pinatar;21,09;13,98;29,34;1,51;12676,0;35,92;49,06;8,71;17,57;14,9;16,39;22,21;56,58;22,78;20,6;21,47;13,77;53,73;53,12
30037;Torre-Pacheco;22,74;11,09;34,17;1,45;12673,0;35,62;53,63;6,09;17,0;27,35;16,3;18,8;51,75;27,42;14,3;21,59;8,67;57,63;56,44
30038;Torres de Cotillas, Las;19,58;13,83;12,11;1,28;14693,0;35,73;51,17;7,65;14,16;4,11;30,92;25,85;58,57;17,73;20,61;22,96;12,77;60,56;58,49
30039;Totana;19,36;13,02;28,74;1,34;12726,0;39,61;47,82;6,94;15,64;30,77;18,31;18,29;50,82;28,6;15,28;16,89;7,43;61,09;55,14
30040;Ulea;15,81;20,82;12,15;1,75;14171,0;36,79;49,4;4,78;13,62;11,3;28,41;20,12;51,52;18,97;18,19;18,84;13,05;56,44;50,07
30041;Unión, La;22,17;12,87;15,78;1,48;12446,0;35,53;51,26;7,09;9,66;7,01;23,26;21,88;60,52;22,01;20,09;20,38;16,37;53,29;54,19
30042;Villanueva del Río Segura;19,92;11,33;20,82;1,46;13124,0;37,41;46,27;9,49;14,38;8,24;22,58;25,18;58,64;19,05;18,75;28,64;11,05;57,85;58,77
30043;Yecla;18,92;15,58;17,53;1,36;13514,0;34,35;52,58;7,09;21,32;3,68;45,77;25,54;64,36;19,55;20,31;22,5;12,03;64,04;59,5
30901;Santomera;20,66;12,83;19,27;1,21;13520,0;34,55;52,03;7,62;16,0;11,48;21,51;23,82;56,63;20,14;19,57;23,92;9,23;64,68;60,47
30902;Alcázares, Los;19,9;14,74;43,02;1,4;12512,0;34,42;50,53;9,28;14,66;20,92;13,59;19,76;52,89;29,76;19,49;20,21;11,15;51,32;49,22
31001;Abáigar;10,39;28,31;5,19;4,38;22075,0;36,0;46,67;2,67;33,33;6,06;42,42;34,48;41,38;11,84;15,79;43,42;9,76;84,09;54,67
31002;Abárzuza/Abartzuza;14,93;24,01;9,63;1,07;22164,0;34,09;48,76;3,39;27,88;10,18;32,3;31,34;64,52;11,82;24,07;38,73;5,76;72,24;53,88
31003;Abaurregaina/Abaurrea Alta;9,67;37,38;0,0;0,74;22268,0;39,64;48,65;0,0;36,0;28,0;24,0;19,57;63,04;11,61;18,75;26,79;5,26;84,38;51,35
31005;Aberin;14,66;20,0;18,63;1,89;23055,0;31,93;50,3;6,02;19,67;4,4;40,11;29,59;55,62;5,03;22,19;31,07;7,69;67,42;57,86
31006;Ablitas;16,09;20,14;18,4;1,5;16196,0;32,38;51,8;4,68;18,53;7,26;36,87;23,61;57,52;22,98;14,89;22,76;13,56;62,87;54,48
31007;Adiós;12,23;20,83;6,74;2,07;26086,0;40,7;46,51;4,65;21,13;1,41;25,35;31,34;53,73;3,41;25,0;45,45;8,6;66,41;53,76
31008;Aguilar de Codés;11,89;33,78;4,05;0,0;22075,0;37,31;46,27;4,48;31,03;3,45;44,83;29,63;51,85;13,43;16,42;34,33;8,57;80,0;52,24
31009;Aibar/Oibar;11,88;26,85;5,93;1,53;24264,0;36,66;48,83;3,23;18,27;6,81;41,18;35,05;49,52;9,09;20,78;37,81;8,61;71,21;52,63
31010;Altsasu/Alsasua;16,87;19,08;16,76;1,19;19487,0;34,16;51,0;4,19;16,55;1,4;43,83;28,13;56,37;14,36;22,55;32,0;9,97;65,68;55,81
31011;Allín/Allin;14,68;26,63;6,9;0,73;21237,0;35,99;48,3;4,45;25,86;7,65;30,34;33,98;54,87;10,15;23,68;37,22;6,27;74,52;53,14
31012;Allo;15,49;27,41;16,2;1,52;19248,0;30,81;53,13;5,08;23,31;8,42;35,6;27,76;58,81;18,2;18,66;29,92;10,95;64,48;48,33
31013;Améscoa Baja;10,56;28,67;3,7;1,18;20846,0;40,15;44,73;5,19;27,16;9,9;34,19;25,67;64,33;13,36;22,07;36,49;8,01;71,76;50,83
31014;Ancín/Antzin;13,59;21,3;13,59;0,75;18698,0;39,16;45,31;4,85;22,58;10,97;32,26;28,19;53,69;9,27;15,65;46,65;10,3;62,45;53,4
31015;Andosilla;18,28;17,45;25,15;1,42;18147,0;34,69;51,28;4,27;20,33;14,8;42,52;24,66;53,52;17,36;17,93;24,28;12,33;62,77;56,22
31016;Ansoáin/Antsoain;15,66;15,57;16,06;0,72;18774,0;36,52;46,16;5,56;11,17;0,29;29,07;27,83;55,59;9,12;25,32;33,21;9,74;65,35;60,24
31017;Anue;19,6;18,28;6,01;1,75;23819,0;34,26;51,89;3,27;22,69;6,94;29,63;37,32;54,55;4,93;23,65;47,54;5,04;71,97;59,5
31018;Añorbe;19,07;12,91;14,33;1,27;19917,0;35,84;47,21;5,39;22,74;7,17;31,15;25,08;57,76;7,68;29,03;34,83;7,76;74,48;66,16
31019;Aoiz/Agoitz;20,35;14,57;24,78;1,5;17625,0;35,42;47,94;5,55;12,87;1,68;36,29;26,04;55,26;5,64;24,05;31,67;12,68;64,21;61,9
31020;Araitz;14,39;23,18;4,31;1,43;22446,0;42,19;42,19;4,91;31,85;9,68;31,85;30,04;60,52;8,1;18,34;36,25;5,53;73,77;55,24
31021;Aranarache/Aranaratxe;10,29;26,29;7,14;0,0;22075,0;36,07;52,46;3,28;12,5;15,62;46,88;43,75;40,62;11,11;19,05;34,92;3,33;65,91;48,39
31022;Arantza;20,57;20,06;8,13;1,61;22039,0;32,39;50,4;3,85;26,2;4,8;34,69;28,19;59,85;16,7;21,55;33,59;3,52;72,68;56,13
31023;Aranguren;25,06;9,08;11,98;1,67;26651,0;33,57;52,73;6,36;16,48;0,74;22,52;53,79;39,42;3,71;20,8;59,77;5,37;71,49;69,24
31024;Arano;16,11;22,78;2,78;0,5;20668,0;41,3;41,3;7,61;28,0;2,0;26,0;23,91;63,04;10,53;17,89;33,68;1,92;73,91;55,91
31025;Arakil;14,81;19,94;9,09;0,83;22442,0;36,59;47,88;5,29;22,52;6,76;30,41;35,29;50,12;10,83;24,42;40,21;8,43;70,81;57,91
31026;Aras;10,2;31,66;7,95;0,93;19682,0;28,99;50,0;3,62;40,3;16,42;22,39;33,33;54,39;18,62;18,62;32,41;10,14;68,89;48,25
31027;Arbizu;21,01;18,05;9,86;1,59;21286,0;35,28;50,79;4,61;22,55;3,39;38,92;35,28;51,57;12,61;24,02;37,39;4,14;73,91;58,59
31028;Arce/Artzi;11,12;18,92;8,14;1,07;21812,0;48,12;40,98;3,38;26,32;6,14;32,46;40,19;44,86;4,06;19,19;53,14;16,67;57,97;53,73
31029;Arcos, Los;14,46;26,84;18,67;1,64;19669,0;31,15;51,81;2,32;31,35;9,98;31,83;25,38;59,64;19,0;20,54;30,13;13,45;65,88;49,66
31030;Arellano;10,0;26,59;6,71;1,22;26484,0;41,89;40,54;4,73;35,44;15,19;32,91;20,9;64,18;12,16;18,92;36,49;6,02;78,79;56,08
31031;Areso;18,69;23,08;3,46;1,19;20599,0;37,73;50,91;1,82;15,15;3,03;48,48;29,9;63,92;11,95;19,03;32,74;4,5;69,28;50,0
31032;Arguedas;16,8;20,3;19,39;1,36;18688,0;33,25;49,21;4,57;21,93;13,5;35,53;20,67;57,91;20,94;15,38;24,58;8,87;67,57;55,97
31036;Arróniz;13,08;24,48;11,85;1,03;21718,0;36,21;49,07;3,6;28,29;11,65;37,58;20,91;65,38;8,85;19,6;30,35;10,92;69,98;54,4
31037;Arruazu;16,07;18,85;4,92;1,81;19708,0;39,25;44,86;8,41;19,57;6,52;30,43;40,0;48,89;8,18;24,55;36,36;8,16;53,57;45,79
31038;Artajona;15,39;22,01;12,61;1,11;21646,0;32,49;53,09;3,12;22,11;12,89;30,66;30,18;52,57;12,35;21,85;34,65;7,18;68,49;54,71
31039;Artazu;14,88;21,92;17,6;0,54;21849,0;29,81;50,0;4,81;14,58;4,17;39,58;40,0;46,67;9,43;23,58;39,62;11,67;67,09;57,14
31040;Atetz;14,5;26,72;5,24;1,05;25672,0;31,41;52,36;3,14;25,0;9,78;26,09;31,03;57,47;11,92;29,53;37,82;10,31;65,41;50,52
31041;Ayegui/Aiegi;22,67;12,08;15,69;1,34;19945,0;31,79;54,11;5,99;20,76;2,16;30,09;35,71;52,04;7,66;23,5;41,72;7,17;68,84;63,99
31042;Azagra;18,93;19,13;19,87;1,51;17417,0;30,93;53,99;4,01;17,25;13,37;51,15;17,87;49,46;17,78;19,65;21,97;9,44;68,49;56,81
31044;Bakaiku;14,97;29,47;6,73;0,94;23810,0;35,25;45,76;5,76;15,44;0,0;43,38;35,07;53,73;13,58;22,85;37,42;5,93;66,15;45,45
31045;Barásoain;13,93;18,84;10,95;0,75;23588,0;36,22;47,01;5,39;15,91;7,14;28,57;32,53;55,14;8,02;23,69;36,94;8,28;71,02;62,21
31047;Bargota;5,49;37,64;6,75;0,58;24763,0;41,05;44,98;3,06;44,9;30,61;18,37;31,65;50,63;17,37;19,49;30,93;8,08;71,65;42,13
31048;Barillas;19,24;19,5;18,91;2,58;16968,0;31,09;50,78;4,15;20,79;5,94;31,68;32,99;56,7;14,5;26,0;28,5;9,01;68,24;55,5
31049;Basaburua;11,99;22,95;5,13;0,86;21236,0;39,56;43,66;8,59;23,21;9,14;25,19;36,01;50,52;8,0;22,0;41,07;6,96;75,66;57,85
31050;Baztan;16,88;20,76;12,77;1,22;19685,0;37,54;47,77;3,1;24,42;6,94;23,96;25,23;64,6;16,14;22,24;34,18;5,27;71,1;55,94
31051;Beire;13,41;33,33;12,68;1,17;26213,0;26,83;51,63;4,07;37,61;8,26;32,11;29,41;55,88;11,72;19,53;28,52;16,95;66,22;47,58
31052;Belascoáin;4,35;23,55;7,26;0,67;25294,0;39,84;43,9;4,88;24,24;7,58;31,82;17,46;61,9;4,0;26,4;47,2;2,9;77,01;55,65
31053;Berbinzana;16,76;25,07;16,79;1,47;18146,0;26,8;55,22;5,22;22,76;19,59;30,61;25,21;56,41;12,54;19,34;25,96;10,27;68,05;51,41
31054;Bertizarana;20,74;22,71;11,05;1,83;18332,0;28,97;56,45;3,93;19,2;7,27;28,73;24,34;62,17;6,62;25,18;31,62;6,29;73,7;55,62
31055;Betelu;16,78;18,42;10,03;0,82;18473,0;38,14;48,08;4,49;22,75;2,4;30,54;33,95;55,56;4,52;23,8;40,66;2,82;67,19;54,29
31056;Biurrun-Olcoz;15,95;20,09;7,49;0,49;33263,0;32,16;51,76;6,53;27,42;6,45;31,45;25,64;60,68;7,43;25,74;43,56;5,38;84,25;65,33
31057;Buñuel;15,45;22,51;17,2;1,44;17180,0;30,82;52,59;3,53;21,13;13,81;34,52;21,59;59,8;16,7;17,84;23,09;9,13;66,76;52,6
31058;Auritz/Burguete;11,57;26,04;7,66;0,19;27558,0;37,38;48,06;3,88;32,11;8,26;13,76;33,33;59,05;2,86;25,71;50,48;2,52;77,85;57,49
31059;Burgui/Burgi;12,0;29,47;4,74;1,25;20694,0;32,75;52,63;2,34;37,93;11,49;39,08;26,58;63,29;12,57;18,86;29,14;4,76;74,07;48,84
31060;Burlada/Burlata;17,34;16,5;21,88;1,35;18823,0;36,33;45,97;5,84;10,99;0,69;26,9;31,9;52,07;9,63;22,56;39,57;10,43;66,82;59,78
31061;Busto, El;9,29;42,14;3,57;0,0;22075,0;26,92;53,85;3,85;47,62;23,81;19,05;31,58;52,63;19,23;21,15;34,62;0,0;96,15;48,08
31062;Cabanillas;14,16;21,76;17,28;1,13;21129,0;33,02;51,4;4,51;22,44;13,46;32,85;28,07;54,82;12,19;17,13;29,57;7,32;72,18;56,96
31063;Cabredo;7,12;46,3;1,37;0,7;22075,0;32,35;50,0;2,94;18,18;0,0;31,82;38,1;52,38;22,06;16,18;29,41;16,0;65,62;36,76
31064;Cadreita;18,13;17,72;28,38;2,02;16603,0;28,81;57,51;2,61;18,37;20,09;40,41;17,79;52,27;21,29;12,97;15,67;11,02;62,06;53,58
31065;Caparroso;18,64;17,99;28,46;1,67;17781,0;33,32;50,77;4,55;17,75;20,99;38,82;21,08;53,51;19,14;18,16;19,88;12,37;63,67;56,68
31066;Cárcar;18,5;20,57;24,85;1,87;15534,0;33,37;52,9;2,68;19,63;18,48;35,33;21,03;57,7;20,1;15,67;21,96;15,41;61,48;54,12
31067;Carcastillo;15,11;21,42;17,96;1,43;17165,0;33,24;51,25;3,98;19,24;14,3;39,75;19,89;60,56;14,46;20,18;20,65;13,87;63,44;54,32
31068;Cascante;18,94;19,57;23,86;1,48;16510,0;30,44;54,12;4,37;19,89;6,55;33,62;26,02;56,37;19,44;16,02;25,09;12,22;62,97;55,57
31069;Cáseda;12,02;26,05;8,22;1,07;24656,0;35,74;48,1;3,67;17,69;5,22;45,58;30,14;47,13;14,06;20,07;34,62;8,06;76,45;55,64
31070;Castejón;23,53;15,86;31,13;1,7;13958,0;29,78;53,05;4,92;12,59;6,96;42,13;19,1;56,46;18,27;18,98;17,97;14,82;54,43;52,73
31072;Cintruénigo;20,76;15,77;28,99;1,46;16267,0;32,4;52,6;4,14;16,3;6,23;40,62;25,1;56,68;13,03;19,93;24,55;11,75;60,53;57,02
31073;Ziordia;12,91;23,52;12,91;1,56;21366,0;37,1;49,35;4,52;19,11;4,46;43,31;30,2;55,7;10,97;24,45;38,87;4,17;70,31;53,0
31074;Cirauqui/Zirauki;16,03;21,69;3,38;0,91;22898,0;38,62;48,59;3,32;14,56;2,91;36,89;42,93;47,64;5,29;17,13;47,36;8,81;69,23;57,76
31075;Ciriza/Ziritza;16,43;12,98;29,17;0,89;26778,0;42,64;41,09;6,2;12,31;1,56;25,0;40,32;37,1;8,03;24,82;45,26;5,56;55,74;53,33
31076;Cizur;24,83;9,74;10,92;1,17;26801,0;39,52;51,07;3,43;19,42;1,3;20,0;58,84;34,4;3,33;21,77;58,48;4,79;65,0;61,08
31077;Corella;20,16;16,27;28,27;1,65;15010,0;33,96;52,83;3,34;15,5;5,11;46,0;23,53;57,08;15,79;19,43;23,74;14,17;59,73;55,71
31078;Cortes;16,69;21,18;15,14;1,55;17458,0;30,82;54,72;3,07;18,46;10,51;41,74;22,68;57,12;13,81;16,57;21,83;10,71;65,92;53,77
31079;Desojo;8,12;45,51;14,49;1,0;22075,0;29,23;55,38;0,0;12,5;4,17;33,33;39,13;52,17;16,92;13,85;23,08;32,14;65,52;43,08
31080;Dicastillo;12,69;26,38;10,34;1,42;22663,0;37,2;46,2;4,8;25,69;8,3;41,5;27,04;53,22;14,04;19,1;33,53;8,9;74,2;55,64
31081;Donamaria;17,93;21,84;4,04;1,11;26186,0;36,29;50,27;5,11;31,4;9,18;29,95;23,5;69,0;15,13;25,38;31,79;4,05;78,02;58,27
31082;Etxalar;18,08;23,16;8,72;1,6;19298,0;35,26;50,67;4,89;19,4;4,37;35,79;31,62;55,27;12,32;23,48;41,16;2,88;77,45;55,77
31083;Echarri/Etxarri;18,72;10,51;2,56;0,37;26778,0;39,44;36,62;15,49;22,86;17,14;20,0;40,62;37,5;2,74;27,4;45,21;8,7;68,85;64,79
31084;Etxarri Aranatz;19,32;21,92;10,11;1,54;21228,0;32,78;52,95;3,9;20,64;3,58;40,25;35,53;51,23;12,14;24,52;37,08;6,67;70,18;55,32
31085;Etxauri;19,2;17,48;7,12;1,05;20736,0;33,27;47,1;8,41;14,88;1,38;28,37;42,28;42,28;9,37;20,0;49,55;7,69;72,39;62,02
31086;Valle de Egüés/Eguesibar;28,09;6,11;16,42;1,17;23060,0;34,12;51,01;7,59;12,95;0,49;25,09;46,31;42,46;3,75;22,6;56,83;6,81;71,83;73,45
31087;Elgorriaga;15,71;20,38;3,81;0,83;20778,0;38,71;50,0;2,69;21,28;1,06;23,4;29,35;63,04;11,76;30,48;31,55;2,75;78,52;58,6
31088;Valle de Elorz/Elortzibar;22,29;12,13;17,82;1,01;19936,0;31,57;52,6;6,95;13,01;0,91;28,77;32,07;53,37;7,39;24,96;41,02;9,12;69,39;65,61
31089;Enériz/Eneritz;14,63;18,72;10,06;1,38;23457,0;34,91;50,18;4,73;23,97;2,05;32,88;28,87;59,86;6,32;26,32;35,79;7,78;70,0;59,43
31090;Eratsun;9,35;29,61;3,9;0,0;22310,0;40,43;46,81;3,55;27,03;10,81;43,24;20,55;68,49;20,14;21,53;20,14;13,41;77,17;57,34
31091;Ergoiena;11,85;31,28;7,95;1,33;23194,0;35,91;47,77;3,56;28,83;6,13;47,85;22,93;57,96;20,4;20,98;25,57;5,11;76,96;51,16
31092;Erro;13,22;24,08;4,67;1,45;22743,0;40,23;42,48;5,06;32,07;14,9;24,24;30,21;57,49;9,77;22,56;42,09;4,26;78,34;58,91
31093;Ezcároz/Ezkaroze;11,04;31,85;9,43;1,94;24773,0;39,41;49,81;2,23;32,61;9,42;31,88;26,52;52,27;7,94;21,66;35,38;4,29;82,72;50,91
31094;Eslava;8,45;34,64;2,06;0,0;26563,0;30,61;59,18;1,02;36,59;14,63;39,02;23,53;61,76;10,0;17,0;27,0;0,0;75,44;43,88
31095;Esparza de Salazar/Espartza Zaraitzu;5,6;38,13;5,33;1,56;25684,0;44,44;44,44;4,17;14,81;0,0;11,11;20,0;60,0;2,7;28,38;39,19;14,29;58,54;37,84
31096;Espronceda;7,84;36,47;6,86;0,93;16742,0;32,65;50,0;4,08;35,56;13,33;33,33;17,5;62,5;16,16;13,13;35,35;10,53;91,07;57,58
31097;Estella-Lizarra;15,37;22,81;22,14;1,13;18395,0;35,8;47,73;5,33;17,7;3,07;29,36;33,25;51,33;16,81;20,79;32,18;11,47;63,49;51,65
31098;Esteribar;20,16;13,07;9,22;1,0;24496,0;35,63;49,38;6,19;16,34;0,99;31,05;41,25;48,27;5,07;23,41;47,86;6,19;71,52;65,76
31099;Etayo;2,78;28,61;34,72;0,54;22075,0;33,33;51,67;6,67;26,92;38,46;3,85;41,67;41,67;15,94;15,94;36,23;3,23;63,83;44,93
31100;Eulate;9,21;34,39;4,68;0,76;21621,0;35,63;51,01;2,83;26,4;6,4;42,4;22,13;69,67;11,6;18,8;32,4;5,0;73,55;48,39
31101;Ezcabarte;15,58;15,26;11,25;0,97;23444,0;33,96;52,08;4,53;19,21;1,97;28,28;34,4;52,87;5,99;23,55;43,61;6,16;70,63;62,66
31102;Ezkurra;4,16;40,0;3,2;0,0;23251,0;37,01;48,82;2,36;23,53;0,0;49,02;12,77;72,34;26,72;19,85;17,56;7,14;80,0;43,08
31104;Falces;15,48;24,03;21,23;1,34;17993,0;31,68;53,24;3,64;23,07;14,78;43,9;20,63;58,03;26,45;19,0;20,17;13,75;59,89;49,39
31105;Fitero;21,24;21,67;31,95;2,02;14407,0;28,92;55,24;3,28;21,84;11,55;37,5;23,8;58,02;25,19;15,64;18,88;16,86;47,78;43,81
31106;Fontellas;17,92;16,71;16,14;0,95;20429,0;28,79;57,81;4,47;20,73;9,72;23,54;34,86;50,92;12,13;19,5;34,81;6,86;66,9;58,69
31107;Funes;17,65;17,93;29,35;1,43;17834,0;31,37;57,28;2,58;19,82;17,65;46,55;21,04;50,94;24,9;14,77;19,45;9,74;60,96;52,56
31108;Fustiñana;15,99;23,44;16,03;1,18;17770,0;31,02;54,44;3,78;16,8;13,13;37,55;24,26;55,53;18,3;15,1;26,29;5,9;71,23;53,31
31109;Galar;21,95;12,09;8,66;1,17;25017,0;35,4;51,44;5,19;22,94;1,42;26,4;41,54;49,86;5,27;24,49;48,57;6,55;69,7;64,27
31110;Gallipienzo/Galipentzu;6,0;32,4;5,0;0,0;24844,0;41,49;38,3;10,64;34,21;7,89;47,37;5,71;68,57;14,58;33,33;21,88;13,64;62,3;46,32
31111;Gallués/Galoze;3,16;30,74;1,05;0,0;25684,0;30,93;58,76;2,06;32,69;7,69;34,62;34,0;56,0;7,22;21,65;42,27;7,55;77,78;54,64
31112;Garaioa;2,86;42,64;8,79;1,0;25684,0;41,38;43,68;2,3;20,59;5,88;44,12;25,81;67,74;4,55;17,05;44,32;9,09;85,11;50,0
31113;Garde;7,12;30,45;9,85;1,5;23759,0;39,17;42,5;5,83;34,48;10,34;29,31;22,81;70,18;14,05;25,62;38,02;3,7;65,0;45,0
31114;Garínoain;16,29;14,18;17,2;1,48;25563,0;39,78;48,09;3,82;15,14;7,57;32,67;30,96;56,07;9,48;28,88;35,13;3,6;70,9;60,57
31115;Garralda;15,52;25,14;8,2;0,75;21211,0;42,24;42,24;3,73;41,98;14,81;23,46;25,64;66,67;5,45;21,21;45,45;7,78;76,85;54,88
31116;Genevilla;2,54;37,75;12,68;0,0;22075,0;40,91;43,94;3,03;30,0;26,67;26,67;29,63;59,26;23,94;15,49;23,94;19,44;67,44;51,43
31117;Goizueta;16,13;26,83;8,65;2,05;21208,0;34,7;48,89;2,05;18,86;4,98;32,74;29,78;58,09;14,17;20,67;33,0;5,76;72,21;49,66
31118;Val de Goñi/Goñerri;4,58;33,13;4,22;0,7;31057,0;36,2;48,47;4,29;25,58;24,42;18,6;20,51;62,82;6,71;32,32;35,37;8,51;87,76;57,67
31120;Guesálaz/Gesalatz;11,99;28,66;5,63;0,8;25073,0;38,73;46,08;4,05;30,11;12,37;31,18;30,23;57,56;15,71;20,45;38,9;6,34;70,07;51,51
31121;Guirguillano;9,47;16,32;5,26;0,93;26778,0;42,03;46,38;5,8;25,58;11,63;34,88;39,47;55,26;2,9;27,54;50,72;4,55;75,0;63,77
31122;Huarte/Uharte;22,01;11,65;15,52;1,19;21849,0;35,01;48,74;6,71;12,97;0,33;26,66;38,54;49,08;6,01;22,81;46,51;7,06;68,98;65,8
31123;Uharte Arakil;17,28;22,1;10,88;1,27;19935,0;33,89;51,52;3,95;18,57;4,57;44,57;25,0;52,38;9,71;22,79;32,5;7,55;72,82;55,46
31124;Ibargoiti;15,34;25,81;6,81;0,69;26746,0;33,19;56,3;2,52;26,62;12,23;33,09;27,07;59,4;6,69;22,59;42,26;5,71;78,57;58,58
31125;Igúzquiza;9,77;23,06;7,49;0,22;21595,0;38,97;43,01;3,31;21,74;7,97;31,16;26,36;54,26;2,15;23,66;40,5;8,02;73,04;58,91
31126;Imotz;15,66;25,73;7,39;1,3;21252,0;41,74;42,3;6,16;26,11;11,67;22,78;32,95;56,07;11,85;23,14;38,29;7,73;68,58;53,89
31127;Irañeta;23,84;21,16;1,74;1,62;23047,0;25,19;58,78;1,53;28,77;15,07;35,62;31,43;55,71;6,02;22,56;39,85;2,67;76,84;56,82
31128;Isaba/Izaba;8,62;28,0;10,13;1,2;26422,0;43,94;38,87;7,61;37,1;6,99;16,67;35,0;56,67;0,83;25,14;42,27;5,61;76,13;54,75
31129;Ituren;22,14;15,35;7,75;1,8;19162,0;35,99;50,0;4,35;24,19;9,31;32,39;32,49;60,76;10,69;25,65;28,5;5,97;75,0;64,42
31130;Iturmendi;16,04;21,35;11,89;1,68;21761,0;38,78;47,65;6,09;25,0;1,14;39,77;38,69;50,6;7,2;23,2;42,93;8,65;71,16;55,76
31131;Iza/Itza;19,23;15,1;13,46;1,24;27929,0;33,25;54,17;4,51;23,49;2,7;25,87;48,82;43,6;5,23;22,6;55,14;5,95;71,17;63,36
31132;Izagaondoa;11,69;27,27;7,79;1,56;35312,0;34,04;51,06;7,09;36,71;24,05;25,32;32,84;53,73;6,9;18,62;50,34;6,82;88,17;61,97
31134;Jaurrieta;9,16;38,21;4,47;3,29;23403,0;35,33;46,11;2,99;43,06;16,67;33,33;20,9;61,19;10,78;17,37;25,75;2,67;80,22;44,91
31135;Javier;6,6;49,13;19,42;0,0;24844,0;61,96;30,43;0,0;41,67;16,67;8,33;21,88;62,5;11,54;25,96;50,0;5,13;82,22;38,24
31136;Juslapeña/Txulapain;13,24;16,74;10,09;0,98;24538,0;38,34;46,65;4,06;25,17;7,59;30,69;35,06;54,24;6,63;28,85;39,77;7,28;73,8;62,2
31137;Beintza-Labaien;11,88;23,41;9,61;1,05;19609,0;38,27;39,8;5,61;25,81;11,83;39,78;17,39;76,09;20,4;21,89;27,86;6,86;65,97;51,0
31138;Lakuntza;21,08;17,08;13,25;1,64;20126,0;32,76;53,94;3,42;20,83;2,33;48,29;31,61;50,0;11,38;22,5;36,79;5,82;66,43;55,7
31139;Lana;2,52;32,72;4,64;0,74;24919,0;38,82;47,37;3,29;35,29;13,24;30,88;23,73;61,02;8,44;20,78;31,17;12,0;71,74;48,7
31140;Lantz;21,33;22,67;1,33;0,64;28235,0;31,71;56,1;2,44;37,7;16,39;27,87;22,03;76,27;7,14;21,43;43,65;2,86;77,27;56,91
31141;Lapoblación;12,74;23,71;7,26;2,19;27986,0;31,25;54,46;6,25;55,88;22,06;29,41;19,3;75,44;7,89;18,42;36,84;7,79;92,21;67,54
31142;Larraga;19,17;18,89;24,07;1,44;18925,0;31,97;54,91;3,25;21,28;22,47;35,16;20,47;54,71;18,99;16,86;22,69;9,25;63,08;54,06
31143;Larraona;7,6;31,4;8,0;0,78;19742,0;39,58;41,67;4,17;35,14;16,22;21,62;34,29;54,29;10,1;17,17;26,26;17,65;72,41;51,52
31144;Larraun;14,44;24,09;7,36;1,0;21364,0;37,74;45,27;5,32;25,5;12,9;24,81;27,69;59,74;18,97;22,49;34,55;5,06;72,33;55,27
31145;Lazagurría;6,32;23,39;7,02;0,5;24917,0;42,33;41,1;0,61;52,69;23,66;27,96;28,77;60,27;14,12;19,41;28,82;3,03;79,34;59,64
31147;Legarda;17,62;24,34;8,39;1,75;24542,0;34,96;51,22;4,07;25,86;1,72;31,03;43,4;45,28;3,2;20,8;46,4;5,56;82,93;58,06
31148;Legaria;10,18;17,72;13,16;0,33;26364,0;51,92;38,46;0,0;23,53;25,49;23,53;33,33;64,58;12,84;18,35;31,19;11,29;66,27;57,41
31149;Leitza;19,18;22,5;9,72;1,44;20007,0;32,99;52,68;3,97;18,57;3,84;38,95;31,72;55,96;7,13;19,63;36,26;4,58;71,26;53,34
31150;Leoz/Leotz;5,84;31,68;3,47;0,24;22905,0;40,91;47,47;4,04;22,11;8,42;24,21;42,11;49,47;6,5;27,0;36,5;7,48;77,95;54,04
31152;Lerín;15,59;26,05;27,08;1,26;18951,0;30,15;55,18;2,73;21,53;17,51;36,18;22,15;59,94;23,64;16,98;23,19;9,56;63,88;48,91
31153;Lesaka;16,35;22,28;7,81;1,06;21906,0;33,64;48,8;4,1;20,05;2,05;27,66;28,66;60,27;11,17;23,73;37,65;4,33;72,94;55,64
31154;Lezaun;14,35;22,5;3,23;2,33;22905,0;42,06;45,33;2,34;37,82;21,01;34,45;27,59;58,62;12,73;20,0;31,82;8,53;78,15;59,17
31155;Liédena;16,36;24,6;19,6;1,38;20020,0;28,91;53,74;5,1;19,23;6,15;46,92;24,17;50,83;13,68;22,8;32,57;12,74;65,55;51,82
31156;Lizoain-Arriasgoiti/Lizoainibar-Arriasgoiti;14,43;19,58;5,57;0,98;27955,0;37,65;44,94;5,67;29,37;16,08;23,78;36,8;55,2;9,38;27,73;46,09;2,72;73,71;58,8
31157;Lodosa;17,94;18,57;20,92;1,53;16485,0;32,88;51,41;3,88;16,15;6,26;46,64;22,79;56,88;18,64;16,42;22,27;13,32;60,01;53,12
31158;Lónguida/Longida;10,39;20,71;7,1;0,58;25357,0;42,12;45,79;2,2;27,04;12,66;33,54;27,59;60,0;3,96;18,71;43,17;8,72;73,71;62,55
31159;Lumbier;12,86;26,96;12,12;1,0;22594,0;36,94;49,31;2,92;15,81;4,33;36,94;32,18;49,83;10,08;22,86;35,46;5,31;78,2;55,94
31160;Luquin;14,52;28,15;11,11;2,25;17460,0;42,61;42,61;6,09;32,61;6,52;36,96;34,09;54,55;7,44;23,97;33,88;9,43;58,54;44,54
31161;Mañeru;20,93;20,04;6,61;1,71;20625,0;30,53;54,34;9,24;16,26;2,96;36,95;36,79;51,3;2,7;18,92;43,51;6,88;75,19;59,73
31162;Marañón;0,0;44,4;6,0;0,0;22075,0;32,0;54,0;4,0;43,48;39,13;43,48;0,0;84,21;10,0;18,0;44,0;4,17;92,0;48,0
31163;Marcilla;18,18;19,15;22,94;1,27;17514,0;30,73;54,24;4,98;13,14;7,29;45,17;29,1;49,69;14,1;18,82;25,28;9,22;62,89;53,23
31164;Mélida;15,54;26,3;23,24;1,73;18980,0;29,69;55,79;2,61;19,26;8,89;46,3;27,38;57,14;20,62;17,05;25,12;8,97;64,99;48,9
31165;Mendavia;15,99;22,5;15,18;1,33;17006,0;33,12;50,1;4,7;22,78;14,55;39,89;22,87;55,09;17,64;18,06;22,66;11,57;61,62;50,77
31166;Mendaza;10,38;33,24;9,41;0,58;23205,0;40,0;46,42;2,64;22,22;9,26;31,48;35,64;50,5;8,18;23,05;37,92;10,92;68,83;44,57
31167;Mendigorria;19,72;19,11;18,35;1,52;18962,0;33,6;51,63;6,42;21,36;5,95;36,76;25,97;58,01;12,4;20,9;33,5;7,88;63,27;54,06
31168;Metauten;8,82;29,43;3,04;0,17;30607,0;36,1;47,72;6,22;30,0;12,73;30,91;35,35;55,56;6,17;23,05;41,15;7,75;73,46;53,53
31169;Milagro;19,9;14,74;35,57;1,49;15350,0;33,49;50,6;4,92;11,74;12,93;50,66;17,2;56,07;22,28;14,83;16,02;10,27;60,96;56,8
31170;Mirafuentes;17,5;37,14;3,57;0,78;22075,0;31,91;51,06;8,51;13,64;4,55;18,18;47,62;42,86;10,0;16,0;44,0;4,35;84,62;47,92
31171;Miranda de Arga;16,41;25,19;23,5;1,23;18490,0;31,61;51,66;4,12;16,42;14,63;39,7;19,69;57,5;20,38;19,23;24,62;11,23;63,85;48,45
31172;Monreal/Elo;18,48;12,7;11,72;1,46;25704,0;41,47;45,02;6,87;20,23;3,89;26,46;36,44;48,99;4,16;22,86;51,5;6,34;74,09;66,67
31173;Monteagudo;13,2;24,36;19,04;0,94;15762,0;34,52;50,7;3,78;16,44;6,71;41,44;29,31;50,49;20,12;15,2;29,77;10,38;61,57;49,22
31174;Morentin;13,58;21,65;6,42;0,88;19063,0;44,09;31,18;8,6;30,19;7,55;37,74;37,74;52,83;11,58;20,0;41,05;11,76;64,29;54,26
31175;Mues;9,53;33,49;22,09;1,4;22075,0;36,99;42,47;5,48;36,0;4,0;36,0;33,33;66,67;11,69;22,08;28,57;12,9;57,45;40,26
31176;Murchante;20,54;16,18;17,14;1,64;16619,0;32,5;51,21;5,15;18,63;6,83;33,59;22,28;60,29;13,61;18,8;26,72;13,05;66,4;60,03
31177;Murieta;18,35;19,34;28,37;1,01;16324,0;35,42;45,14;6,6;15,75;12,33;32,88;26,81;50,72;14,56;21,04;31,72;12,42;57,51;50,83
31178;Murillo el Cuende;17,4;20,34;19,74;1,79;15484,0;25,87;61,28;3,82;15,81;13,75;49,14;11,85;67,04;9,78;19,4;14,59;12,46;67,29;55,02
31179;Murillo el Fruto;14,8;23,23;24,08;1,98;18721,0;38,92;45,38;4,71;24,71;28,63;30,98;14,83;50,85;18,81;18,81;18,98;17,7;59,48;51,0
31180;Muruzábal;10,0;22,71;16,43;0,37;25841,0;37,08;45,42;7,92;19,47;1,77;28,32;47,66;42,06;8,33;21,83;51,98;8,46;63,98;51,59
31181;Navascués/Nabaskoze;0,51;38,63;2,56;0,0;30057,0;33,33;46,15;5,13;19,05;7,94;26,98;27,59;50,0;6,78;24,58;43,22;3,39;85,07;50,0
31183;Obanos;15,46;17,57;13,36;0,92;24042,0;35,87;52,85;2,66;17,79;3,15;31,98;42,12;44,71;3,49;23,16;45,83;5,06;72,58;59,7
31184;Oco;13,44;26,88;3,12;0,0;22075,0;32,08;54,72;3,77;34,48;20,69;41,38;14,29;71,43;1,85;40,74;25,93;3,33;76,32;56,6
31185;Ochagavía/Otsagabia;6,37;33,1;7,3;1,04;25241,0;42,05;44,23;2,18;30,77;7,24;25,79;34,91;54,25;4,06;19,23;37,82;4,82;75,35;49,14
31186;Odieta;16,72;20,6;7,65;0,44;23765,0;38,83;49,19;4,85;22,22;9,36;30,41;30,06;55,21;5,68;24,61;42,27;3,21;77,02;59,94
31187;Oiz;11,16;16,74;10,08;1,91;20946,0;37,5;45,83;3,33;24,0;6,67;29,33;11,27;80,28;10,66;25,41;25,41;2,5;83,87;65,57
31188;Olaibar;11,5;16,25;14,5;0,09;20151,0;47,91;36,21;6,41;31,65;1,44;35,97;31,34;59,7;11,53;17,43;39,68;7,89;47,3;41,42
31189;Olazti/Olazagutía;14,98;22,73;16,71;1,42;18786,0;35,61;49,76;2,81;15,95;1,69;47,47;23,77;60,31;14,23;24,42;26,67;9,53;60,18;47,09
31190;Olejua;8,57;34,29;12,24;0,0;22075,0;33,33;54,76;7,14;21,05;5,26;36,84;55,56;27,78;6,98;13,95;44,19;19,05;60,71;48,84
31191;Olite/Erriberri;15,95;18,74;17,48;1,2;20608,0;32,25;51,35;5,41;18,54;4,34;33,47;30,58;55,04;10,48;21,97;33,35;6,95;72,74;60,13
31192;Olóriz/Oloritz;16,94;15,02;8,61;0,81;32267,0;32,96;56,42;3,91;36,36;21,49;19,83;34,21;57,02;4,92;22,4;44,26;2,52;78,91;66,48
31193;Cendea de Olza/Oltza Zendea;17,68;16,55;9,82;1,22;24582,0;36,59;46,57;6,8;17,68;2,18;32,38;37,93;48,05;5,11;24,75;45,39;6,38;70,48;60,24
31194;Valle de Ollo/Ollaran;16,82;16,95;3,09;1,0;22961,0;41,45;43,78;6,74;23,92;7,21;28,37;40,7;51,76;5,81;21,46;47,47;6,93;70,26;59,38
31195;Orbaizeta;10,22;30,75;1,08;1,08;25333,0;40,59;47,06;2,35;27,06;12,94;22,35;30,0;63,75;6,4;22,67;36,63;1,18;77,06;49,71
31197;Orísoain;10,56;21,67;8,33;1,27;24844,0;37,31;55,22;4,48;25,0;16,67;30,56;32,35;50,0;10,29;22,06;50,0;5,26;72,0;56,72
31199;Oroz-Betelu/Orotz-Betelu;5,83;38,33;1,39;0,41;29662,0;30,37;55,56;0,0;23,81;4,76;50,79;33,87;53,23;14,6;17,52;34,31;6,35;73,75;46,32
31200;Oteiza;15,69;22,97;10,62;1,54;23257,0;32,09;53,16;4,09;25,92;11,49;34,96;27,88;57,37;16,3;19,57;30,43;10,49;70,02;56,81
31201;Pamplona/Iruña;15,34;21,04;22,63;1,12;22009,0;38,64;44,0;5,19;13,6;0,6;21,4;43,17;43,86;9,55;21,73;44,5;10,06;65,77;54,94
31202;Peralta/Azkoien;18,44;17,29;22,53;1,42;21494,0;33,85;51,57;4,73;18,08;6,82;53,02;24,72;52,12;14,38;18,43;25,31;9,52;66,74;58,21
31205;Pitillas;12,38;25,75;14,56;0,93;19525,0;30,38;52,33;4,21;25,0;8,33;37,5;25,0;56,37;12,47;19,78;27,74;10,33;67,39;52,49
31206;Puente la Reina/Gares;17,98;16,93;19,5;1,13;18606,0;35,29;46,88;5,0;18,12;4,39;30,06;31,14;54,27;9,02;21,08;34,51;10,57;63,46;56,86
31207;Pueyo/Puiu;15,04;19,27;9,14;1,48;21201,0;35,58;47,76;5,77;20,12;5,33;38,46;27,67;57,23;6,01;23,42;31,65;3,72;70,98;59,87
31208;Ribaforada;16,92;18,87;20,08;1,47;17398,0;31,12;53,64;3,69;16,45;18,36;34,56;21,27;54,37;14,85;14,63;21,22;11,65;64,86;56,22
31209;Romanzado/Erromantzatua;11,49;24,64;8,29;1,46;26198,0;31,95;45,56;9,47;35,21;15,49;23,94;38,24;57,35;9,36;28,07;44,44;7,69;73,68;53,85
31210;Roncal/Erronkari;8,17;33,17;16,35;1,48;19529,0;35,42;50,0;3,12;25,58;3,49;23,26;33,75;51,25;7,07;17,17;39,9;8,05;69,57;43,94
31212;Sada;7,01;35,04;9,49;0,47;25114,0;31,4;50,41;0,0;39,66;24,56;33,33;32,65;48,98;12,9;25,0;28,23;6,67;72,73;48,78
31213;Saldías;21,76;19,36;2,4;3,5;17577,0;28,57;55,1;5,1;34,55;7,27;45,45;31,48;59,26;10,2;22,45;32,65;6,9;75,0;59,18
31214;Salinas de Oro/Jaitz;16,55;25,27;1,82;0,44;23258,0;28,42;53,68;7,37;36,36;27,27;22,73;18,6;74,42;10,42;25,0;30,21;12,96;72,31;56,84
31215;San Adrián;18,06;18,25;17,6;1,39;17215,0;30,53;53,49;4,45;16,34;4,31;51,91;23,0;52,76;14,27;20,78;24,38;11,31;64,34;55,85
31216;Sangüesa/Zangoza;13,93;23,3;15,36;0,96;20980,0;36,16;48,6;3,09;14,3;4,58;43,04;25,65;52,54;8,63;26,01;30,5;8,86;69,71;55,01
31217;San Martín de Unx;9,09;30,11;17,33;0,88;18477,0;31,27;50,15;4,95;26,22;14,63;26,22;23,13;56,46;20,59;16,76;26,47;9,09;72,46;48,82
31219;Sansol;4,62;34,29;9,89;1,0;22075,0;41,86;36,05;4,65;26,92;0,0;38,46;27,27;50,0;13,79;11,49;32,18;28,95;51,92;44,19
31220;Santacara;11,29;26,45;7,49;1,27;19053,0;28,11;55,31;4,02;22,51;11,11;43,02;26,44;57,45;21,64;16,13;24,97;10,4;67,41;52,06
31221;Doneztebe/Santesteban;19,65;16,53;17,87;1,52;18818,0;34,59;50,97;4,03;21,7;1,82;24,24;26,83;61,59;14,19;25,75;35,26;5,94;69,17;58,11
31222;Sarriés/Sartze;13,1;33,45;1,72;14,0;25684,0;41,51;45,28;1,89;39,13;13,04;30,43;33,33;47,62;7,55;20,75;45,28;0,0;85,71;45,28
31223;Sartaguda;17,2;21,6;22,14;1,57;14394,0;31,99;53,75;3,75;32,52;26,83;30,08;20,31;57,84;12,06;14,31;17,26;11,61;60,28;50,61
31224;Sesma;17,71;23,87;22,83;1,42;18284,0;33,79;51,28;2,17;27,11;14,97;36,88;24,4;54,83;21,2;19,39;22,35;17,06;60,93;53,08
31225;Sorlada;10,24;24,88;24,39;1,56;22075,0;51,35;43,24;0,0;52,94;47,06;17,65;18,75;62,5;30,77;12,82;35,9;5,26;66,67;48,72
31226;Sunbilla;16,47;23,59;6,42;1,36;19658,0;31,12;54,72;3,85;19,6;4,67;34,33;20,62;63,92;7,41;23,57;31,99;4,06;75,06;54,42
31227;Tafalla;15,39;21,19;19,83;1,19;19867,0;33,19;50,96;4,48;17,53;3,44;34,18;30,46;52,65;10,68;21,5;31,87;8,5;67,53;54,87
31228;Tiebas-Muruarte de Reta;15,19;17,59;17,39;1,24;21687,0;38,83;48,05;4,08;19,03;2,42;31,42;26,02;60,82;8,05;27,4;32,88;6,48;70,79;61,42
31230;Torralba del Río;12,78;27,63;5,15;3,06;22075,0;34,12;45,88;5,88;21,95;19,51;29,27;27,03;54,05;17,05;21,59;31,82;9,52;66,67;48,84
31231;Torres del Río;8,32;32,04;21,24;0,35;18464,0;38,1;46,67;2,86;32,43;16,67;19,44;15,15;63,64;14,95;15,89;28,04;17,02;60,0;43,93
31232;Tudela;18,35;16,78;26,95;1,21;18228,0;34,04;48,88;5,67;15,04;3,52;28,58;33,25;50,48;11,04;22,82;32,89;10,31;63,76;56,83
31233;Tulebras;13,0;23,38;28,12;1,08;17583,0;42,64;44,19;3,1;25,86;12,07;29,31;25,49;52,94;17,65;16,18;23,53;14,29;62,5;51,47
31234;Ucar;12,27;23,3;13,4;0,23;25343,0;31,71;53,66;4,27;21,0;2,0;37,0;35,79;52,63;3,59;21,56;42,51;7,0;75,61;60,24
31235;Ujué/Uxue;9,35;31,95;5,92;0,39;21562,0;35,67;47,77;0,64;46,84;18,99;26,58;26,03;63,01;13,04;19,25;27,33;10,59;77,55;53,46
31236;Ultzama;14,14;23,26;8,08;1,17;25380,0;35,83;50,86;2,66;24,35;10,75;29,66;30,28;56,53;9,27;23,93;38,31;4,34;76,95;56,88
31237;Unciti;15,49;25,6;7,39;2,14;27284,0;33,18;52,61;5,21;30,85;9,57;25,53;40,7;46,51;6,07;23,36;49,07;7,08;70,47;53,05
31238;Unzué/Untzue;11,95;21,34;14,63;0,85;26417,0;34,48;53,1;4,14;11,54;2,56;34,62;48,61;34,72;5,44;22,45;53,06;1,15;80,37;59,59
31239;Urdazubi/Urdax;17,85;23,33;11,02;1,35;28369,0;33,01;52,75;2,91;44,12;11,76;15,88;22,42;70,3;12,96;25,93;26,85;2,22;78,22;56,78
31240;Urdiain;16,34;21,84;6,3;1,92;22834,0;37,17;46,19;6,19;18,53;4,25;44,02;32,26;54,84;12,72;24,04;36,93;6,46;65,48;51,58
31241;Urraul Alto;4,41;28,82;6,62;0,58;30943,0;33,33;55,04;4,65;34,29;27,14;22,86;25,4;66,67;13,08;23,08;40,0;2,7;81,82;56,92
31242;Urraul Bajo;8,91;33,52;9,7;0,57;24667,0;49,65;33,8;4,93;33,79;18,62;24,83;35,38;50,77;6,02;22,74;51,51;9,62;75,4;52,7
31243;Urroz-Villa;18,62;19,21;8,87;1,83;21754,0;36,58;48,67;5,6;20,21;2,66;35,64;32,39;52,27;7,58;28,28;32,65;8,74;72,87;60,41
31244;Urroz;15,89;24,91;2,29;1,75;26902,0;32,41;52,41;1,38;35,63;18,39;36,78;10,71;78,57;19,33;19,33;23,33;4,76;76,92;57,53
31245;Urzainqui/Urzainki;11,43;45,97;2,6;2,1;25684,0;42,25;42,25;2,82;40,62;0,0;21,88;40,62;53,12;5,63;16,9;40,85;3,23;96,77;43,66
31246;Uterga;12,88;21,36;9,6;1,03;25550,0;34,67;50,67;6,0;22,22;3,7;34,57;43,24;47,3;4,52;25,81;49,68;8,89;71,93;58,44
31247;Uztárroz/Uztarroze;6,47;43,88;3,6;2,62;24177,0;45,04;40,46;4,58;25,86;13,79;24,14;35,29;58,82;0,0;16,67;45,45;3,08;103,28;49,24
31248;Luzaide/Valcarlos;11,87;31,07;24,46;0,82;21822,0;38,73;44,72;4,93;34,81;5,93;11,85;21,64;73,88;11,04;24,08;28,76;1,46;72,58;46,44
31249;Valtierra;17,35;23,03;20,11;1,54;18434,0;31,82;52,66;4,38;19,51;15,69;35,52;24,11;56,92;18,53;15,3;21,28;10,34;65,8;52,98
31250;Bera;17,56;20,55;16,51;1,1;20769,0;34,09;50,49;3,34;19,7;1,35;26,73;26,83;62,2;8,43;25,88;37,89;3,89;71,76;56,35
31251;Viana;18,53;20,42;18,34;1,3;16957,0;32,35;52,19;4,74;17,47;6,16;36,7;27,84;56,56;10,51;18,61;30,41;11,21;65,72;55,31
31252;Vidángoz/Bidankoze;8,38;28,11;0,0;0,0;25684,0;33,8;54,93;0,0;29,55;6,82;34,09;38,64;59,09;4,23;18,31;38,03;0,0;91,11;57,75
31253;Bidaurreta;23,37;22,25;1,69;0,74;27483,0;23,36;55,47;15,33;24,68;5,19;38,96;49,32;41,1;7,8;15,6;49,65;1,25;77,45;58,39
31254;Villafranca;19,8;16,93;32,69;1,59;16898,0;32,6;51,18;4,83;19,23;13,85;44,01;20,31;58,28;11,05;18,27;23,35;10,87;60,43;55,37
31255;Villamayor de Monjardín;7,26;27,61;5,31;0,29;36338,0;41,51;45,28;2,83;24,53;9,43;28,3;30,0;64,0;4,59;26,61;38,53;9,62;64,38;48,6
31256;Hiriberri/Villanueva de Aezkoa;8,12;37,71;0,0;0,78;17478,0;38,04;47,83;8,7;43,9;26,83;26,83;15,0;77,5;5,32;20,21;31,91;2,22;86,27;48,39
31257;Villatuerta;17,27;19,49;12,54;1,08;20176,0;32,89;52,72;5,72;19,39;1,97;37,52;29,87;57,84;11,14;23,02;38,21;9,27;66,67;56,5
31258;Villava/Atarrabia;14,9;20,79;15,26;0,92;20658,0;35,46;48,34;4,88;12,08;0,62;26,93;34,57;50,94;7,08;25,1;38,56;9,53;67,85;55,72
31259;Igantzi;16,57;20,62;7,79;1,02;20303,0;33,81;50,0;5,53;13,79;1,53;36,02;24,42;60,85;12,35;29,8;36,47;5,19;73,66;58,03
31260;Valle de Yerri/Deierri;13,8;25,21;6,92;1,17;24565,0;38,71;47,96;3,92;31,56;10,33;32,86;33,08;57,32;13,2;22,26;39,3;8,84;73,51;55,57
31261;Yesa;9,25;22,24;14,63;1,58;20408,0;41,51;46,42;3,4;19,44;4,17;34,03;21,97;57,58;10,62;28,57;31,87;9,32;73,74;59,19
31262;Zabalza/Zabaltza;15,3;20,07;6,67;0,86;25830,0;30,0;53,6;7,2;18,25;0,0;35,77;40,94;44,88;5,45;26,46;43,97;5,84;81,46;60,87
31263;Zubieta;17,38;19,86;5,52;0,47;18139,0;39,33;47,7;3,35;22,4;12,0;23,2;25,21;66,39;14,4;24,8;30,0;5,8;69,15;56,79
31264;Zugarramurdi;14,35;21,35;13,45;0,38;14289,0;44,22;38,19;4,02;44,71;3,53;21,18;12,35;81,48;15,64;27,01;27,96;5,26;60,0;46,34
31265;Zúñiga;7,44;19,74;25,64;0,88;22075,0;46,05;42,11;0,0;25,0;20,83;22,92;17,78;57,78;14,1;23,08;29,49;13,33;70,91;57,69
31901;Barañáin/Barañain;12,75;22,67;21,78;0,95;21373,0;37,15;47,61;4,32;10,81;0,68;23,41;39,41;46,57;8,85;24,19;40,23;9,36;66,42;53,12
31902;Berrioplano/Berriobeiti;25,76;8,16;18,27;1,24;21297,0;32,58;53,23;7,37;15,34;0,64;26,41;38,64;51,09;5,11;24,64;48,54;7,58;71,22;71,12
31903;Berriozar;20,11;12,56;24,83;1,16;16765,0;35,28;47,59;7,21;11,23;0,53;30,73;24,44;56,52;10,9;26,58;31,36;11,74;63,71;62,63
31904;Irurtzun;19,11;15,88;22,32;1,45;18035,0;34,91;48,44;4,35;10,26;2,52;37,22;23,68;55,05;13,25;23,94;30,13;10,96;64,39;57,64
31905;Beriáin;17,83;12,04;16,46;0,87;19035,0;35,33;48,46;5,86;10,51;0,65;29,16;24,87;55,55;8,86;25,06;34,59;10,42;67,33;64,58
31906;Orkoien;22,55;9,29;16,74;1,0;20386,0;36,11;47,98;7,38;12,97;0,48;31,55;32,51;52,49;5,85;24,86;39,79;10,04;66,02;66,24
31907;Zizur Mayor/Zizur Nagusia;19,01;13,39;14,82;1,36;23798,0;35,69;50,93;4,93;13,28;0,58;24,31;46,0;43,36;4,85;23,42;52,35;6,75;69,5;62,86
31908;Lekunberri;20,98;13,65;13,68;1,25;19964,0;35,9;49,44;4,71;18,3;1,88;33,83;35,77;51,57;7,38;22,42;47,21;6,56;68,29;63,38
32001;Allariz;15,07;23,11;13,22;1,21;17708,0;33,49;49,98;7,98;21,19;2,64;23,58;37,35;54,23;18,04;21,67;33,83;8,44;66,97;52,94
32002;Amoeiro;10,3;30,97;8,89;0,9;16822,0;29,27;50,47;7,79;25,89;4,44;22,75;28,25;57,4;24,41;22,18;20,95;9,55;66,38;47,7
32003;Arnoia, A;7,32;39,66;9,2;0,26;16392,0;32,06;50,63;3,92;24,04;5,64;23,44;28,88;59,63;29,11;17,56;21,78;7,41;66,6;39,22
32004;Avión;7,09;45,89;35,45;0,47;10211,0;29,1;47,89;4,74;32,19;4,47;15,81;16,85;61,29;56,83;14,57;11,08;16,57;36,19;21,2
32005;Baltar;7,34;38,63;14,81;1,09;15346,0;28,63;51,11;5,88;28,38;20,95;21,28;16,08;69,23;33,83;14,39;16,61;15,81;61,15;40,67
32006;Bande;5,41;45,39;14,67;1,06;15325,0;31,45;45,45;7,82;24,94;6,68;17,57;25,69;61,46;36,14;14,9;17,25;14,17;60,41;34,29
32007;Baños de Molgas;5,16;39,4;8,1;0,81;15657,0;30,55;48,73;5,16;25,57;8,6;26,24;24,42;60,93;32,78;16,42;17,19;15,04;53,05;34,5
32008;Barbadás;16,04;18,05;16,58;0,97;15979,0;33,6;50,87;8,73;15,31;1,49;20,91;29,46;59,06;16,17;25,13;30,21;9,04;65,84;57,14
32009;Barco de Valdeorras, O;14,19;21,0;20,22;0,94;16841,0;32,9;50,88;7,95;17,15;2,47;33,15;26,29;62,25;20,04;21,43;26,22;9,13;59,46;48,95
32010;Beade;9,64;35,32;7,71;1,79;14996,0;31,71;46,34;8,84;35,77;11,38;26,83;21,43;63,39;25,67;20,6;22,09;12,24;68,62;43,88
32011;Beariz;5,35;46,27;29,68;0,42;12794,0;30,58;41,6;6,69;27,44;5,49;18,9;30,07;56,21;43,82;18,65;17,99;17,35;38,57;21,78
32012;Blancos, Os;7,17;40,31;6,14;1,2;15192,0;29,82;47,14;7,38;25,7;15,42;25,7;15,38;69,71;32,2;12,56;15,21;20,86;62,15;41,25
32013;Boborás;8,92;42,68;18,25;0,84;12216,0;28,46;46,33;8,15;28,39;2,71;28,75;22,86;66,91;41,13;16,71;15,14;15,51;55,22;32,18
32014;Bola, A;5,58;43,07;14,66;0,73;14245,0;27,62;50,62;6,06;25,95;7,61;25,26;19,42;66,55;40,15;18,24;15,73;17,32;52,76;34,69
32015;Bolo, O;5,43;49,08;8,8;0,53;13842,0;35,72;39,86;5,66;39,15;11,79;21,7;20,6;68,34;47,1;12,27;14,78;15,66;62,5;33,11
32016;Calvos de Randín;2,69;51,68;8,66;0,53;14952,0;22,44;58,86;4,88;31,21;26,01;17,34;18,56;68,26;44,55;12,95;11,53;14,43;62,09;31,9
32017;Carballeda de Valdeorras;8,67;33,68;18,88;1,12;17990,0;28,23;52,26;4,92;14,46;4,1;49,64;18,61;70,72;34,25;14,31;13,21;10,69;54,48;35,47
32018;Carballeda de Avia;6,91;42,68;10,84;0,68;14194,0;26,87;49,27;7,86;21,85;7,0;31,65;14,71;67,94;31,86;15,04;14,42;18,16;61,09;37,66
32019;Carballiño, O;12,9;27,36;23,33;0,84;14444,0;32,38;48,38;8,6;22,15;1,46;22,98;27,63;60,74;22,93;22,72;25,23;11,28;60,31;46,51
32020;Cartelle;6,32;41,45;10,35;0,58;15723,0;30,46;47,15;6,23;23,77;4,26;26,23;25,33;62,67;37,54;21,77;17,95;11,4;65,65;38,83
32021;Castrelo do Val;9,44;40,27;8,13;1,46;14091,0;31,33;49,71;6,01;22,99;7,31;15,77;25,0;64,06;34,22;18,32;16,47;17,32;55,6;35,38
32022;Castrelo de Miño;8,01;40,11;10,34;1,23;15336,0;25,27;53,33;6,82;28,82;9,91;25,86;27,29;60,78;35,61;17,72;18,3;12,84;64,69;39,32
32023;Castro Caldelas;7,42;36,51;12,13;0,77;16581,0;34,22;43,77;6,81;30,79;9,44;21,12;20,28;70,4;31,38;19,42;22,22;12,84;66,17;43,67
32024;Celanova;11,37;32,27;20,7;0,88;14530,0;30,47;50,02;7,26;26,61;3,91;20,57;27,7;60,64;28,62;20,1;26,0;14,39;60,61;44,04
32025;Cenlle;8,34;33,31;11,62;0,76;16277,0;30,54;50,21;7,64;24,87;6,48;18,13;33,42;56,25;25,6;19,92;26,99;12,62;62,54;43,19
32026;Coles;10,07;31,52;9,95;1,01;16866,0;27,38;50,26;9,09;21,16;3,04;23,19;28,72;59,08;25,15;21,01;22,81;8,65;68,05;47,57
32027;Cortegada;6,37;34,49;13,29;0,67;14571,0;30,42;47,7;8,86;24,85;4,6;26,69;20,75;66,67;28,56;17,55;17,34;17,57;54,91;40,27
32028;Cualedro;4,86;44,71;7,71;0,36;13822,0;31,35;48,04;4,73;23,52;11,16;25,42;16,67;68,38;34,35;12,15;13,34;17,79;57,06;33,55
32029;Chandrexa de Queixa;3,82;48,83;4,88;1,24;15467,0;30,24;43,2;6,48;34,55;25,45;21,21;23,75;65,0;40,81;13,03;14,32;8,77;73,58;36,62
32030;Entrimo;6,14;37,67;22,62;0,81;14158,0;31,28;45,99;7,3;33,84;7,01;22,56;23,91;62,42;37,37;15,1;15,97;17,72;54,08;38,5
32031;Esgos;8,49;37,09;10,23;0,93;16759,0;30,31;50,95;5,28;16,42;4,48;23,13;28,87;54,9;28,2;16,2;22,54;10,49;68,43;43,88
32032;Xinzo de Limia;14,12;26,34;14,69;1,02;14792,0;29,1;53,31;7,02;27,36;11,23;18,61;24,03;65,1;24,53;20,11;21,32;13,8;60,62;48,14
32033;Gomesende;3,88;44,28;17,19;0,64;13707,0;29,0;49,67;6,33;26,55;5,11;35,23;19,41;66,47;43,69;13,72;11,2;14,95;57,41;33,81
32034;Gudiña, A;6,97;32,08;18,63;0,63;15508,0;34,76;46,32;6,06;25,34;8,45;19,86;21,65;67,76;29,78;15,34;15,16;10,98;65,35;46,88
32035;Irixo, O;6,29;46,74;8,71;1,04;15189,0;27,12;50,32;5,68;24,75;5,39;24,51;21,27;68,1;38,82;13,2;15,61;11,04;66,28;35,23
32036;Xunqueira de Ambía;8,84;38,61;9,39;0,55;15655,0;27,65;52,1;6,26;30,62;8,59;27,31;25,98;66,67;32,37;17,19;18,94;12,99;67,64;42,68
32037;Xunqueira de Espadanedo;8,59;34,78;10,37;1,6;16997,0;27,21;53,28;5,9;28,41;14,02;22,51;21,46;63,6;20,51;18,43;20,03;10,18;65,34;44,28
32038;Larouco;6,57;43,51;9,09;1,6;16512,0;36,41;40,4;6,98;23,72;9,62;26,28;21,33;65,33;31,72;19,13;21,79;8,82;66,24;41,26
32039;Laza;7,05;44,31;7,65;1,42;15481,0;27,36;50,61;5,79;26,67;9,57;21,45;22,32;68,75;33,49;16,42;17,15;11,67;63,31;34,59
32040;Leiro;8,16;42,22;12,61;0,93;14841,0;27,47;46,42;9,28;29,25;9,52;27,66;23,7;63,27;31,84;16,06;18,02;11,93;61,19;36,58
32041;Lobeira;3,23;52,2;11,14;0,86;17631,0;27,59;45,73;6,45;26,63;11,56;19,6;24,35;58,55;40,69;16,76;14,9;11,63;65,52;30,89
32042;Lobios;6,1;40,09;15,08;0,93;15035,0;29,61;48,46;7,25;23,83;9,0;16,05;18,26;65,72;36,77;14,79;13,58;13,24;55,73;34,03
32043;Maceda;11,41;30,58;11,98;1,11;16135,0;31,35;50,8;6,53;21,87;11,95;19,73;23,26;62,13;27,77;22,06;20,87;13,26;63,15;46,67
32044;Manzaneda;7,35;43,08;3,39;1,18;15787,0;27,53;55,06;5,06;27,18;11,15;22,3;21,3;71,84;32,44;14,27;23,01;6,48;75,69;39,65
32045;Maside;12,2;30,66;11,15;1,27;13844,0;29,56;50,25;7,6;26,17;3,12;27,17;22,81;64,4;29,02;19,55;18,05;18,35;59,85;46,74
32046;Melón;6,12;45,49;7,97;0,92;14577,0;28,7;46,5;6,61;23,69;6,81;27,24;20,45;62,66;40,51;15,09;13,38;16,03;62,42;35,08
32047;Merca, A;9,95;35,56;10,07;1,33;16544,0;28,75;50,84;8,23;22,85;3,53;25,39;28,74;60,81;28,68;19,18;19,91;10,1;67,55;44,77
32048;Mezquita, A;6,62;39,7;23,31;0,77;14394,0;37,32;40,53;7,42;32,49;13,88;18,61;20,71;71,2;35,62;13,54;13,02;10,53;60,71;35,66
32049;Montederramo;3,46;42,12;5,01;1,12;16230,0;31,81;49,29;4,25;41,7;26,72;18,22;24,49;65,31;34,56;15,98;20,43;12,12;68,64;40,55
32050;Monterrei;7,54;41,45;8,82;0,91;14048,0;25,7;53,75;6,37;21,9;7,98;23,62;22,82;65,45;31,56;14,74;14,79;19,48;58,2;37,39
32051;Muíños;3,8;42,81;9,86;0,42;17478,0;26,67;50,91;7,07;21,41;5,41;19,13;27,31;62,11;32,3;16,92;20,75;13,47;66,34;39,97
32052;Nogueira de Ramuín;8,09;35,42;13,33;0,8;16260,0;32,59;45,07;7,81;18,42;2,91;21,19;27,6;57,47;25,38;17,9;19,73;15,07;60,9;43,06
32053;Oímbra;8,47;34,59;23,62;1,06;12861,0;29,86;52,56;6,41;23,87;8,17;21,29;18,43;70,56;31,38;14,49;13,36;15,3;50,82;34,66
32054;Ourense;13,71;24,52;17,73;0,95;18395,0;35,05;46,51;8,81;15,15;0,98;15,81;40,15;49,06;17,11;23,47;34,46;10,55;63,79;50,79
32055;Paderne de Allariz;9,63;33,5;11,86;0,91;16994,0;28,3;50,54;7,55;18,9;3,05;30,89;25,42;59,58;26,58;20,36;19,87;9,3;68,15;45,56
32056;Padrenda;5,92;39,65;18,22;0,72;13426,0;26,97;51,12;5,97;25,12;3,83;29,67;19,8;70,54;42,03;12,92;11,45;18,65;52,42;35,02
32057;Parada de Sil;4,09;44,01;10,62;0,52;18145,0;31,61;39,78;8,6;24,07;8,02;11,73;31,61;52,9;31,41;15,11;20,87;12,3;67,49;37,33
32058;Pereiro de Aguiar, O;15,61;22,86;10,29;1,23;19003,0;29,49;53,28;8,85;20,11;1,69;21,63;35,4;54,36;17,58;25,42;32,6;7,97;68,74;54,13
32059;Peroxa, A;7,67;39,33;8,02;0,94;16536,0;27,86;47,39;6,72;18,91;7,31;21,76;26,08;57,51;33,05;18,68;18,5;10,15;64,88;40,07
32060;Petín;8,62;31,1;10,77;0,73;15416,0;32,94;47,73;8,3;19,02;6,56;29,84;18,43;66,89;18,57;19,82;22,71;15,76;59,39;44,01
32061;Piñor;7,96;36,92;11,88;1,17;15318,0;32,29;49,22;5,28;29,52;8,24;30,43;23,1;63,1;30,73;16,22;15,55;12,1;71,01;45,24
32062;Porqueira;5,86;45,21;8,31;0,62;15037,0;25,33;52,61;5,48;23,83;14,89;16,17;22,94;65,14;35,44;14,5;16,52;12,86;64,89;35,4
32063;Pobra de Trives, A;7,9;36,52;9,04;0,57;16995,0;31,99;46,65;7,22;23,76;6,08;23,2;27,84;62,15;24,96;21,09;25,72;7,28;68,89;42,28
32064;Pontedeva;5,19;37,91;11,76;1,06;16244,0;29,51;55,04;4,92;30,51;3,39;32,77;24,71;64,37;33,79;14,74;16,78;11,96;65,32;41,91
32065;Punxín;7,58;36,72;14,38;0,94;15673,0;27,56;44,88;9,52;23,14;3,54;21,65;27,16;60,49;31,73;18,34;21,3;16,38;60,64;41,5
32066;Quintela de Leirado;6,86;42,87;20,48;1,3;13212,0;31,86;45,29;5,61;17,65;8,82;18,38;17,16;64,93;44,5;19,33;12,59;26,9;44,48;30,54
32067;Rairiz de Veiga;5,83;43,28;7,11;0,92;15882,0;27,87;50,68;5,7;27,37;11,58;23,95;22,93;66,3;27,8;14,74;17,14;13,82;66,19;37,96
32068;Ramirás;6,62;42,27;21,62;0,48;13426,0;30,84;44,49;7,86;26,63;3,52;28,64;21,76;63,99;38,66;19,08;18,31;19,53;56,21;36,23
32069;Ribadavia;11,52;28,11;11,73;0,81;15029,0;31,39;50,5;8,08;23,39;3,62;23,13;28,52;59,3;22,85;20,51;25,11;11,48;63,49;47,47
32070;San Xoán de Río;4,88;46,98;7,56;1,31;15334,0;31,33;42,74;6,02;26,49;11,92;20,53;20,0;67,59;40,88;17,64;18,44;12,5;66,67;35,34
32071;Riós;5,97;41,38;11,35;0,95;13423,0;29,54;48,78;6,52;34,21;13,49;14,81;23,06;67,5;40,52;12,54;12,24;14,55;60,61;36,69
32072;Rúa, A;10,48;29,98;16,88;0,8;15745,0;32,38;48,02;7,86;22,17;3,4;29,23;27,31;59,77;26,67;20,65;24,3;10,1;62,07;44,63
32073;Rubiá;8,57;38,39;8,12;1,11;16892,0;30,64;47,9;6,97;21,56;3,78;33,56;26,79;64,2;31,09;15,55;20,42;9,35;67,57;40,75
32074;San Amaro;8,31;39,26;11,63;0,98;14946,0;27,73;48,11;9,35;25,38;8,26;30,28;16,29;65,18;33,06;15,81;15,4;11,66;66,6;39,83
32075;San Cibrao das Viñas;15,61;20,34;12,93;1,04;17412,0;29,21;54,82;8,99;18,09;1,37;27,54;30,46;59,33;18,14;22,63;29,06;7,79;70,11;57,41
32076;San Cristovo de Cea;5,9;41,92;8,15;0,68;15567,0;29,65;50,76;5,9;26,43;7,42;22,55;26,74;62,65;34,07;15,74;20,92;9,86;72,17;42,01
32077;Sandiás;7,1;38,53;9,38;0,79;17072,0;28,41;50,72;6,38;28,09;13,44;23,51;24,38;62,19;31,36;18,88;20,69;11,31;69,38;42,34
32078;Sarreaus;5,58;47,1;9,46;0,95;16976,0;21,46;54,76;7,09;27,42;21,61;21,29;21,85;60,6;35,39;15,59;13,04;12,72;63,05;34,02
32079;Taboadela;9,51;31,37;9,13;0,91;16436,0;28,9;51,86;7,13;23,43;3,57;29,54;24,83;60,66;23,85;18,04;21,38;8,97;70,39;48,28
32080;Teixeira, A;6,69;41,09;9,73;0,31;15551,0;35,74;44,92;7,21;38,6;12,28;21,05;23,85;64,22;28,98;18,47;27,07;10,37;73,78;43,13
32081;Toén;11,2;30,97;10,93;1,08;17606,0;29,44;50,72;7,93;18,23;3,71;22,27;25,17;60,2;22,84;22,75;24,62;8,75;67,55;46,52
32082;Trasmiras;6,77;42,67;7,98;0,67;13353,0;25,41;56,67;4,86;34,56;16,76;23,58;14,72;73,62;37,72;14,2;13,5;16,99;59,32;36,67
32083;Veiga, A;6,16;41,19;11,57;1,12;16671,0;40,65;38,15;5,36;31,03;8,49;21,38;27,63;61,18;31,04;13,98;23,34;11,24;70,97;41,36
32084;Verea;8,26;39,69;16,37;1,22;14202,0;32,05;47,71;5,54;21,89;9,43;23,23;17,65;66,78;37,22;16,14;16,48;16,99;60,45;40,47
32085;Verín;12,96;25,64;21,93;0,94;14147,0;32,46;49,98;7,74;23,48;3,43;17,44;27,6;62,96;26,44;19,96;21,89;18,99;52,23;45,03
32086;Viana do Bolo;10,11;38,73;8,58;1,19;15387,0;34,44;45,74;5,32;30,65;9,92;24,16;24,75;66,33;32,75;15,47;18,71;9,71;67,28;40,15
32087;Vilamarín;9,25;35,22;8,76;1,01;17850,0;28,07;51,31;8,28;19,29;6,25;18,48;30,75;55,15;27,42;20,78;26,72;10,49;73,09;46,92
32088;Vilamartín de Valdeorras;7,37;38,59;13,67;0,78;15971,0;29,83;48,23;6,31;25,8;8,5;33,1;24,54;63,1;31,45;16,59;15,61;10,73;59,89;36,82
32089;Vilar de Barrio;4,07;47,17;6,98;0,56;16459,0;24,98;52,27;4,53;29,44;17,51;20,16;17,53;69,59;39,25;15,6;13,08;10,21;70,13;36,58
32090;Vilar de Santos;9,16;35,39;13,61;0,77;16746,0;25,04;54,05;7,68;31,88;13,77;24,28;17,31;69,23;27,22;16,42;19,84;13,97;64,22;43,39
32091;Vilardevós;5,08;47,52;9,8;0,99;13754,0;28,59;50,0;5,96;26,75;10,75;24,25;18,52;72,75;44,55;9,91;10,59;20,04;52,83;29,94
32092;Vilariño de Conso;6,31;38,48;5,79;1,45;15809,0;37,87;45,4;4,81;31,03;22,28;14,36;19,8;62,44;32,37;13,4;18,76;8,33;72,2;42,32
33001;Allande;7,17;37,78;4,84;0,75;14935,0;30,55;46,82;6,35;46,35;29,77;15,15;17,01;72,64;24,91;17,18;18,91;7,62;70,19;41,97
33002;Aller;9,53;29,27;6,53;0,99;18877,0;30,91;47,7;7,92;21,83;4,29;26,92;21,75;66,26;21,96;21,45;22,56;15,26;53,61;40,76
33003;Amieva;6,36;35,09;8,29;0,68;16052,0;40,36;39,27;8,18;38,16;18,36;24,15;15,27;73,4;24,43;18,98;17,57;13,99;64,71;42,78
33004;Avilés;12,38;25,17;10,2;0,91;18745,0;31,62;48,27;9,59;12,53;0,76;22,84;33,92;55,36;13,14;21,22;37,37;13,55;61,01;49,25
33005;Belmonte de Miranda;8,13;33,51;4,25;1,35;17524,0;34,29;43,27;7,04;34,01;13,38;22,86;22,75;66,35;24,25;20,43;21,27;12,75;67,39;46,35
33006;Bimenes;9,57;29,04;7,48;0,81;17116,0;32,36;46,34;9,02;30,76;3,6;30,58;24,49;64,11;21,63;19,66;23,39;16,28;58,27;45,29
33007;Boal;5,87;37,97;3,13;0,74;16964,0;35,65;44,3;5,13;36,4;15,57;22,89;19,77;71,02;32,4;15,93;20,41;7,33;70,48;42,48
33008;Cabrales;10,84;30,19;12,67;1,13;14701,0;35,81;43,54;7,92;45,26;16,21;18,65;21,52;69,62;22,85;21,13;22,96;10,5;59,89;41,8
33009;Cabranes;11,2;26,79;14,7;0,8;15015,0;34,93;43,52;9,87;35,51;10,18;19,84;26,5;60,93;16,58;20,32;35,29;15,57;58,07;46,29
33010;Candamo;9,55;31,18;5,21;0,81;17780,0;31,08;46,18;8,74;25,17;7,98;25,45;28,15;62,8;19,03;18,52;25,64;9,39;67,06;47,05
33011;Cangas del Narcea;10,97;29,45;5,52;0,97;17548,0;29,7;52,6;5,67;31,87;14,57;19,72;23,87;67,62;25,33;18,22;20,6;9,59;61,39;43,39
33012;Cangas de Onís;13,39;23,6;15,17;1,04;15476,0;36,3;42,72;10,26;34,34;7,05;14,47;23,07;67,58;18,38;24,91;26,93;10,15;62,08;49,33
33013;Caravia;9,77;28,05;4,52;1,15;21856,0;31,98;49,1;7,88;34,52;7,11;17,26;32,81;57,29;14,13;20,75;35,32;7,25;65,31;46,0
33014;Carreño;12,59;25,82;7,53;0,9;19105,0;29,7;50,89;8,89;18,23;3,48;24,48;30,76;58,25;12,73;23,62;35,94;10,33;65,91;50,66
33015;Caso;6,66;36,02;6,58;1,08;20435,0;30,35;50,0;8,8;38,32;16,29;21,91;25,85;64,13;14,85;18,73;26,12;11,5;65,04;42,9
33016;Castrillón;13,09;26,45;5,79;0,88;21066,0;29,07;53,38;8,31;17,15;0,85;25,12;35,27;55,76;10,72;22,68;38,48;10,32;66,93;50,47
33017;Castropol;10,48;30,55;4,78;0,98;17250,0;32,29;49,02;6,85;28,75;14,3;22,49;26,11;64,4;24,75;19,57;28,21;8,99;68,81;47,44
33018;Coaña;13,38;26,28;5,01;1,19;18501,0;31,54;52,4;6,25;23,73;8,7;30,41;26,58;63,29;21,43;20,48;32,39;7,18;68,47;50,1
33019;Colunga;9,2;31,91;8,65;1,07;16370,0;32,2;48,54;7,09;35,42;11,49;16,97;25,8;62,06;23,66;19,54;26,29;10,95;62,06;43,14
33020;Corvera de Asturias;13,87;22,9;7,43;0,96;17114,0;30,15;50,53;9,36;12,81;1,12;27,92;24,41;63,02;16,68;21,06;28,88;14,36;61,05;52,2
33021;Cudillero;10,03;29,8;6,99;1,01;17428,0;28,93;50,88;8,07;30,35;11,41;19,49;25,39;63,91;22,3;20,47;26,83;11,5;61,79;44,64
33022;Degaña;8,68;27,98;4,43;0,92;20635,0;26,37;55,68;7,15;24,73;3,76;24,19;22,35;67,6;24,9;18,98;16,92;14,85;41,05;31,76
33023;Franco, El;12,5;26,93;4,44;1,15;17487,0;30,83;51,67;6,58;26,35;11,03;24,05;28,3;62,51;21,07;21,37;30,51;8,45;68,64;50,25
33024;Gijón;12,51;25,38;13,49;0,89;19705,0;32,86;46,58;10,44;15,91;0,56;18,0;38,23;52,14;11,98;23,81;37,15;13,25;62,38;50,23
33025;Gozón;11,59;27,52;5,47;1,0;19549,0;29,46;51,88;7,97;23,01;5,54;21,84;32,96;57,8;12,0;21,38;36,19;9,81;66,2;48,9
33026;Grado;12,17;26,1;9,85;1,1;16771,0;32,33;48,49;7,54;22,62;5,59;23,92;26,49;61,48;15,59;22,91;29,1;12,23;62,94;48,99
33027;Grandas de Salime;5,95;33,77;7,17;0,42;18981,0;38,34;42,84;3,82;26,42;14,47;26,1;20,59;65,36;28,12;18,04;21,75;6,47;72,27;45,33
33028;Ibias;4,8;36,99;5,17;0,87;20895,0;33,49;49,47;4,59;23,85;12,68;20,75;21,21;66,36;32,42;15,17;15,74;7,39;58,7;35,75
33029;Illano;4,82;41,37;6,12;0,41;15094,0;39,42;38,32;4,38;47,06;38,24;19,61;16,83;74,26;28,21;12,5;17,14;8,55;76,43;41,79
33030;Illas;12,39;26,81;3,43;0,99;20248,0;28,82;52,7;8,03;24,24;4,99;26,46;27,6;61,76;18,24;22,69;31,05;7,34;70,72;52,25
33031;Langreo;12,12;25,44;8,51;0,94;17162,0;29,91;48,08;10,24;13,77;0,37;22,33;27,54;60,95;14,98;21,03;27,32;18,1;55,04;46,6
33032;Laviana;12,11;26,13;5,62;0,76;18159,0;27,78;52,73;8,74;20,2;1,42;22,93;29,66;60,84;16,37;22,8;25,93;12,46;57,55;45,16
33033;Lena;11,19;27,31;7,67;0,93;18469,0;30,07;48,8;8,89;22,65;3,46;23,59;26,91;63,89;17,36;23,87;24,9;14,2;55,62;43,83
33034;Valdés;10,32;31,69;5,74;0,96;16319,0;30,18;50,41;6,99;33,14;14,12;19,74;25,03;65,55;23,46;20,1;26,04;9,53;66,78;45,47
33035;Llanera;14,7;20,32;8,69;1,12;19629,0;30,29;52,7;8,8;18,83;2,14;20,05;36,34;53,6;9,43;23,55;37,51;9,37;67,32;56,02
33036;Llanes;12,03;25,21;14,82;0,96;16586,0;37,42;42,64;9,3;34,5;6,21;17,44;27,9;63,14;17,26;23,31;31,09;10,44;59,99;46,31
33037;Mieres;10,64;27,63;7,45;0,88;17838,0;29,4;48,7;9,92;14,95;0,57;19,93;26,44;61,41;15,77;22,14;25,45;17,91;53,57;43,55
33038;Morcín;9,85;26,45;7,77;0,67;19885,0;31,0;49,21;10,07;16,97;2,12;23,03;34,72;55,58;14,6;22,22;32,41;9,65;65,47;48,81
33039;Muros de Nalón;10,67;28,54;6,5;0,81;19384,0;28,21;49,4;9,84;21,67;1,84;20,11;34,64;56,19;17,37;20,46;35,13;14,45;61,92;47,93
33040;Nava;11,21;24,25;7,65;0,84;17257,0;32,75;49,07;8,65;25,29;4,94;24,77;23,83;65,93;16,97;22,32;27,64;10,38;64,09;50,7
33041;Navia;12,2;26,03;6,19;0,9;19018,0;31,65;51,14;6,9;24,03;6,5;30,36;29,75;58,29;15,72;22,21;36,14;7,34;68,05;49,55
33042;Noreña;14,59;20,96;7,2;0,99;18978,0;32,46;49,4;8,9;17,98;0,46;22,24;36,67;53,88;10,68;23,57;38,78;9,74;65,55;54,72
33043;Onís;11,31;28,71;15,15;1,62;13560,0;34,54;44,48;9,62;45,67;16,14;20,47;18,44;71,31;22,22;20,12;23,87;11,76;58,76;43,72
33044;Oviedo;13,59;22,91;16,35;0,94;20927,0;34,49;47,26;9,39;15,05;0,52;13,88;42,74;47,12;10,23;23,52;43,16;10,8;63,82;52,35
33045;Parres;12,2;25,19;11,75;0,85;16277,0;33,82;47,45;8,73;28,31;5,66;17,79;26,63;62,1;16,91;23,94;29,16;11,45;62,18;48,68
33046;Peñamellera Alta;8,39;34,48;5,85;0,64;13886,0;42,03;39,87;4,74;41,76;19,41;24,12;15,06;68,67;28,12;17,08;17,08;10,0;62,41;39,67
33047;Peñamellera Baja;11,6;28,55;8,28;0,83;14103,0;36,28;45,81;7,22;42,06;12,88;21,03;19,65;71,74;26,85;20,28;23,98;9,45;65,43;47,26
33048;Pesoz;5,07;35,22;4,48;0,41;15086,0;32,06;46,56;8,4;32,69;17,31;32,69;18,37;69,39;23,31;21,05;19,55;6,67;70,89;45,11
33049;Piloña;11,46;28,97;8,35;1,11;15622,0;33,31;47,21;8,12;31,2;8,63;24,39;24,1;64,5;21,32;21,8;26,45;12,64;63,66;46,72
33050;Ponga;6,95;36,72;7,68;1,09;16447,0;37,24;45,37;8,51;42,27;24,2;16,89;15,81;68,37;20,07;21,53;20,26;11,86;72,88;46,51
33051;Pravia;11,81;26,29;8,0;0,99;16041,0;29,73;51,37;8,39;20,98;6,38;29,62;25,7;61,36;16,83;23,85;26,53;13,62;62,63;49,59
33052;Proaza;4,64;33,19;3,62;0,8;20974,0;31,46;46,32;10,49;33,44;10,74;23,83;25,09;63,07;21,75;21,59;29,1;8,83;70,66;48,69
33053;Quirós;6,29;31,17;6,49;0,87;20386,0;33,77;45,24;10,35;32,71;14,99;20,84;21,39;69,47;24,61;18,66;25,07;12,3;64,43;46,15
33054;Regueras, Las;12,04;30,18;5,05;1,21;20352,0;29,69;52,26;7,06;28,08;11,05;22,11;32,63;61,6;9,48;21,39;35,01;9,86;73,1;51,43
33055;Ribadedeva;12,18;26,6;8,59;0,72;15311,0;34,5;45,53;9,41;34,1;6,17;19,37;24,89;65,19;17,81;22,18;27,01;9,82;62,57;47,69
33056;Ribadesella;11,76;26,74;11,97;0,89;17120,0;33,75;46,21;8,28;34,15;4,4;21,2;26,37;63,11;15,45;24,07;30,58;9,73;61,22;45,8
33057;Ribera de Arriba;13,25;21,9;10,42;0,78;16827,0;33,21;48,27;9,98;15,68;0,78;23,14;29,53;57,78;13,57;22,56;30,16;21,28;54,89;51,47
33058;Riosa;7,67;27,61;6,41;0,46;19347,0;30,87;48,21;8,86;16,39;2,79;26,07;20,27;65,08;18,94;21,62;22,56;12,75;56,9;43,29
33059;Salas;9,95;31,25;6,46;1,15;16427,0;29,73;49,74;7,16;34,82;15,1;22,48;23,57;65,71;24,53;19,83;23,39;12,52;65,23;46,79
33060;San Martín del Rey Aurelio;10,7;28,59;8,12;0,82;17371,0;28,58;49,73;9,07;14,05;0,4;21,94;25,74;62,73;17,88;19,64;21,4;19,74;52,53;43,22
33061;San Martín de Oscos;8,57;34,29;3,57;0,98;15302,0;32,8;45,02;4,82;46,04;33,81;23,74;18,38;75,74;31,43;12,06;17,78;5,96;75,53;48,4
33062;Santa Eulalia de Oscos;9,83;30,97;9,93;1,19;14360,0;34,73;43,86;7,31;56,05;28,03;17,83;21,71;69,08;30,46;19,29;20,56;12,57;66,39;46,56
33063;San Tirso de Abres;8,82;30,43;6,05;0,88;15349,0;36,29;45,71;4,71;37,91;16,34;19,61;23,49;69,13;26,13;17,07;28,27;8,93;64,56;45,16
33064;Santo Adriano;11,73;27,7;8,83;0,98;18456,0;35,38;40,38;11,92;24,14;2,59;25,86;31,48;52,78;3,79;18,94;35,98;10,32;68,07;47,91
33065;Sariego;12,39;25,88;4,24;1,07;18917,0;29,88;53,7;6,33;27,04;6,35;26,32;25,93;64,37;18,09;20,46;29,15;9,67;72,21;54,13
33066;Siero;14,17;21,34;8,5;1,03;19377,0;31,38;50,91;8,98;17,98;0,99;19,85;34,28;55,87;12,58;23,52;35,56;10,82;65,36;54,59
33067;Sobrescobio;8,22;28,36;6,53;1,26;20327,0;28,5;51,63;9,93;28,27;10,71;20,83;31,1;58,84;15,6;20,5;32,96;10,39;67,78;48,55
33068;Somiedo;4,77;34,41;5,45;0,73;18618,0;31,19;51,09;8,32;45,71;27,14;15,51;21,94;68,57;18,84;18,55;23,57;7,56;78,84;49,95
33069;Soto del Barco;10,06;28,33;5,82;0,86;18299,0;29,72;50,28;8,14;18,05;2,91;26,87;27,19;59,74;16,56;21,18;29,43;12,38;62,01;46,42
33070;Tapia de Casariego;10,1;29,52;5,49;0,67;18567,0;32,36;49,0;7,5;29,05;11,27;21,02;27,17;63,87;20,74;21,65;31,94;9,07;67,49;47,93
33071;Taramundi;7,41;36,66;8,07;0,24;16311,0;35,78;45,84;5,61;38,14;17,67;21,4;26,92;67,31;28,0;17,33;21,71;3,2;71,62;41,79
33072;Teverga;6,05;35,76;6,38;0,55;20466,0;31,42;49,34;6,92;31,12;9,59;19,56;19,96;69,48;28,12;21,2;23,57;10,66;65,83;42,28
33073;Tineo;9,98;30,36;7,09;1,04;16171,0;29,85;51,82;5,81;38,96;25,85;19,55;20,56;69,91;29,33;18,36;21,11;8,93;66,84;46,66
33074;Vegadeo;11,6;27,96;12,47;1,0;16130,0;33,72;47,89;6,97;27,65;11,26;19,19;26,73;61,6;23,64;19,31;27,49;10,27;66,27;49,07
33075;Villanueva de Oscos;8,77;30,57;4,51;0,42;14375,0;37,05;42,41;7,14;42,57;21,78;20,79;17,53;75,26;21,05;18,86;17,11;10,53;69,39;50,44
33076;Villaviciosa;12,1;26,56;11,04;0,91;18096,0;31,34;49,63;9,21;28,81;5,96;19,82;31,11;58,67;15,77;22,24;33,2;10,8;64,96;49,81
33077;Villayón;6,12;38,63;3,99;0,77;15026,0;30,85;49,9;4,94;40,45;31,51;23,57;17,3;72,01;37,65;13,44;16,4;7,18;70,04;41,67
33078;Yernes y Tameza;5,07;31,94;1,49;0,93;18083,0;33,33;46,21;8,33;35,19;22,22;18,52;9,43;67,92;11,36;22,73;18,18;16,22;76,54;56,06
34003;Abia de las Torres;7,52;25,94;5,45;0,88;19185,0;36,08;45,57;5,06;41,86;30,23;24,42;25,33;69,33;16,15;21,12;34,78;13,33;74,29;56,6
34004;Aguilar de Campoo;14,05;21,61;13,72;1,18;18992,0;35,98;48,72;6,52;16,55;3,44;41,71;24,01;65,19;16,58;19,56;31,08;7,81;67,22;53,57
34005;Alar del Rey;11,58;27,21;13,27;1,64;16066,0;33,75;50,76;5,16;25,28;9,83;39,04;22,19;60,18;18,46;21,11;22,56;11,17;65,33;49,09
34006;Alba de Cerrato;11,25;34,75;1,25;0,64;19417,0;32,0;56,0;2,67;44,44;47,22;11,11;15,38;65,38;14,47;18,42;28,95;2,5;90,7;53,33
34010;Ampudia;7,95;33,45;5,77;1,38;17782,0;34,57;47,58;4,65;23,42;13,38;26,39;31,08;56,97;22,61;17,1;26,29;7,91;77,34;51,29
34011;Amusco;7,85;28,37;3,11;0,47;18755,0;35,17;50,92;4,2;33,33;18,46;32,82;22,47;64,04;19,48;15,84;28,31;4,27;77,99;55,24
34012;Antigüedad;3,25;34,88;2,41;0,78;20271,0;43,71;39,22;4,79;27,06;15,29;25,29;22,0;65,33;11,87;21,66;30,86;3,55;84,46;50,15
34017;Astudillo;9,47;33,63;5,47;1,36;19067,0;35,72;48,21;3,8;24,04;10,58;33,41;24,87;61,42;20,87;20,35;29,39;7,92;70,91;46,14
34018;Autilla del Pino;6,11;27,61;2,65;0,0;22382,0;35,1;52,4;4,33;29,09;9,09;29,09;31,13;59,43;16,04;18,87;35,85;3,57;71,05;53,59
34019;Autillo de Campos;8,8;30,72;10,4;1,75;17849,0;28,21;54,7;5,98;33,33;29,82;17,54;31,25;56,25;18,18;25,62;21,49;6,45;79,45;52,54
34020;Ayuela;0,0;37,92;2,08;0,0;17537,0;50,0;34,62;7,69;33,33;20,0;53,33;7,69;76,92;22,64;9,43;26,42;15,0;62,96;37,74
34022;Baltanás;11,69;30,19;6,69;1,35;15893,0;34,25;51,56;3,85;30,66;12,83;35,87;24,18;60,78;22,89;20,74;24,42;7,17;73,68;50,36
34023;Venta de Baños;16,43;21,0;9,66;1,26;16498,0;33,36;50,48;7,37;12,24;1,2;37,92;22,83;61,7;15,3;21,83;28,52;9,92;66,65;54,67
34025;Bárcena de Campos;1,15;50,38;5,77;0,0;20089,0;32,08;37,74;13,21;28,0;20,0;20,0;31,82;59,09;20,75;20,75;35,85;4,55;91,3;41,51
34027;Barruelo de Santullán;9,9;29,08;6,25;1,17;17203,0;36,69;41,16;8,46;21,54;3,33;32,31;23,02;67,46;17,35;22,85;26,03;11,32;59,97;43,86
34028;Báscones de Ojeda;4,85;38,09;2,94;0,0;16601,0;37,1;48,39;3,23;38,98;27,12;25,42;22,64;67,92;18,11;19,69;22,83;3,28;83,1;48,03
34029;Becerril de Campos;10,0;31,08;3,12;1,38;17263,0;37,65;47,94;5,15;27,36;14,29;25,23;24,76;62,06;27,23;17,87;23,78;8,74;76,26;53,04
34034;Boadilla del Camino;4,22;35,23;3,67;1,27;17630,0;33,94;43,12;8,26;31,03;20,69;22,41;27,27;63,64;13,51;18,02;32,43;8,62;86,89;52,73
34035;Boadilla de Rioseco;6,11;37,26;8,42;0,0;16737,0;30,11;54,84;6,45;51,35;40,54;18,92;21,43;64,29;16,67;22,92;20,83;14,58;78,85;50,53
34036;Brañosera;9,49;32,41;8,7;0,83;18867,0;39,29;38,84;12,5;25,81;10,75;39,78;25,56;62,22;17,24;22,41;26,72;12,12;60,0;42,86
34037;Buenavista de Valdavia;6,32;31,96;7,56;0,17;17202,0;43,64;37,09;5,45;41,46;30,89;21,14;20,18;65,79;25,18;17,63;23,74;9,93;72,57;50,72
34038;Bustillo de la Vega;3,8;35,74;3,1;0,95;19364,0;37,11;44,92;4,3;44,53;44,53;20,31;14,04;71,93;29,84;14,73;16,67;3,88;83,22;50,0
34039;Bustillo del Páramo de Carrión;0,0;52,07;8,62;0,0;17537,0;32,73;52,73;1,82;50,0;55,0;25,0;12,5;62,5;30,36;7,14;12,5;9,52;76,0;37,5
34041;Calahorra de Boedo;12,44;45,61;1,22;0,0;18075,0;33,78;52,7;0,0;42,86;32,14;25,0;40,0;60,0;9,21;17,11;21,05;3,57;79,41;37,33
34042;Calzada de los Molinos;8,27;29,51;5,86;0,45;16299,0;32,28;55,79;2,46;32,0;20,16;24,19;14,29;70,54;22,49;16,96;20,76;6,92;63,35;45,3
34045;Capillas;4,71;42,35;2,94;0,0;20089,0;43,48;42,03;4,35;45,16;22,58;16,13;28,57;67,86;7,25;14,49;31,88;9,38;85,29;46,38
34046;Cardeñosa de Volpejera;8,12;18,44;7,81;2,1;20089,0;37,04;55,56;3,7;28,12;31,25;18,75;46,43;46,43;10,34;18,97;50,0;3,12;68,89;55,17
34047;Carrión de los Condes;12,94;27,03;13,85;1,07;15471,0;35,4;48,91;5,43;28,76;7,52;21,96;22,13;64,28;15,97;23,79;24,58;7,31;72,09;52,01
34048;Castil de Vela;0,0;37,04;3,7;0,0;20089,0;37,04;51,85;1,85;48,28;34,48;13,79;26,92;69,23;18,18;27,27;32,73;6,45;96,67;56,36
34049;Castrejón de la Peña;6,27;38,88;0,62;1,17;17477,0;37,87;45,18;5,65;28,81;25,42;21,19;23,08;69,23;20,13;19,8;23,1;7,14;69,64;41,72
34050;Castrillo de Don Juan;3,26;41,74;1,63;0,29;17983,0;40,88;46,41;4,42;34,29;21,43;25,71;20,9;59,7;20,88;19,78;23,63;6,49;74,23;42,54
34051;Castrillo de Onielo;6,81;34,51;0,0;0,0;19417,0;33,73;54,22;3,61;51,16;44,19;9,3;29,41;64,71;14,12;11,76;32,94;2,22;83,02;53,57
34052;Castrillo de Villavega;3,23;42,87;2,99;1,08;16600,0;42,42;41,82;3,64;38,24;23,53;16,18;21,67;70,0;7,78;18,56;25,15;2,94;76,74;40,96
34053;Castromocho;8,91;26,53;2,07;1,45;16759,0;32,42;52,75;6,04;34,34;26,26;14,14;23,53;58,82;21,2;17,39;24,46;3,92;79,03;55,74
34055;Cervatos de la Cueza;5,12;34,88;4,96;1,5;17263,0;42,04;44,25;4,42;36,75;24,79;21,37;22,12;66,35;25,86;15,09;26,29;6,9;79,41;50,22
34056;Cervera de Pisuerga;11,82;24,75;10,68;1,11;17232,0;37,85;44,85;6,44;24,82;5,79;24,41;24,38;63,16;17,01;20,46;31,24;7,57;67,2;51,35
34057;Cevico de la Torre;7,85;39,79;3,86;1,67;17329,0;33,26;43,96;4,78;32,78;18,33;23,33;19,38;66,88;28,41;13,42;20,81;5,29;76,17;42,38
34058;Cevico Navero;2,97;42,74;6,86;0,0;18223,0;43,53;42,94;2,94;38,89;23,61;19,44;31,03;62,07;23,56;15,52;28,74;10,0;80,9;45,98
34059;Cisneros;8,36;38,08;7,75;0,8;14728,0;30,69;49,36;2,56;36,91;22,15;22,15;18,84;68,84;26,17;18,27;19,51;9,88;69,51;43,0
34060;Cobos de Cerrato;6,51;33,95;2,33;1,47;15163,0;33,33;56,1;2,44;42,19;32,81;31,25;10,42;75,0;16,94;14,52;25,0;4,41;87,84;55,28
34061;Collazos de Boedo;3,6;41,8;1,12;0,7;18075,0;37,63;45,16;2,15;44,44;33,33;15,56;20,0;62,5;26,04;13,54;25,0;2,33;93,33;45,26
34062;Congosto de Valdavia;2,88;41,82;3,03;0,58;16731,0;46,38;36,23;8,7;44,78;35,82;19,4;27,78;59,26;10,14;16,67;22,46;3,12;91,18;46,38
34063;Cordovilla la Real;14,48;22,99;23,13;2,0;14911,0;31,3;53,04;4,35;22,03;32,2;15,25;12,28;63,16;31,03;23,28;14,66;7,81;71,08;55,17
34066;Cubillas de Cerrato;5,08;34,92;3,39;3,5;19417,0;35,0;51,67;5,0;44,83;41,38;17,24;28,57;57,14;6,67;33,33;28,33;9,09;90,91;55,0
34067;Dehesa de Montejo;6,31;30,92;1,54;2,15;18186,0;41,6;36,8;8,0;31,37;11,76;25,49;18,37;77,55;17,69;21,54;28,46;8,2;73,68;47,66
34068;Dehesa de Romanos;9,5;21,5;17,5;0,0;18075,0;37,84;54,05;5,41;32,0;56,0;24,0;20,83;70,83;26,09;30,43;21,74;4,0;82,76;54,35
34069;Dueñas;13,78;23,99;8,72;1,23;16523,0;32,9;52,71;5,32;14,47;5,0;41,67;21,66;61,35;18,02;20,42;23,68;8,11;67,9;52,14
34070;Espinosa de Cerrato;2,69;46,72;9,24;1,27;14960,0;31,9;52,59;4,31;60,87;60,87;13,04;24,24;63,64;25,0;16,67;23,33;1,89;91,23;44,17
34071;Espinosa de Villagonzalo;6,22;37,44;11,59;1,11;16543,0;40,54;50,68;1,35;41,79;27,27;27,27;31,37;62,75;19,33;24,67;28,0;4,48;72,73;44,67
34072;Frechilla;4,82;36,35;9,49;1,24;20993,0;33,59;50,78;3,91;48,39;30,65;8,06;30,91;56,36;14,62;23,08;23,08;8,82;81,58;52,31
34073;Fresno del Río;3,67;39,64;2,37;1,0;18751,0;29,52;51,81;5,42;27,85;20,25;26,58;29,33;60,0;13,77;19,16;28,74;8,05;87,91;52,1
34074;Frómista;11,06;29,93;6,07;1,89;17768,0;35,74;46,93;6,6;31,42;7,55;29,61;20,06;67,64;17,77;18,94;26,14;6,45;77,43;50,44
34076;Fuentes de Nava;8,28;27,08;6,7;1,12;17436,0;36,12;52,28;3,23;44,6;28,78;23,02;30,42;60,83;18,83;18,83;29,38;5,05;75,4;56,14
34077;Fuentes de Valdepero;19,03;15,02;8,5;1,55;18259,0;36,09;50,88;5,01;15,81;4,74;33,6;26,12;62,45;13,73;22,55;35,29;7,78;76,15;66,83
34079;Grijota;22,45;9,83;6,38;1,42;19373,0;33,84;54,7;6,92;17,13;2,1;23,51;36,45;54,44;8,2;22,49;42,54;6,6;70,76;67,97
34080;Guardo;10,7;26,41;4,8;1,07;17398,0;34,14;47,5;6,96;17,84;4,69;27,67;23,83;63,63;15,69;21,63;24,69;13,05;58,34;44,66
34081;Guaza de Campos;6,32;45,61;1,75;2,8;20089,0;28,85;53,85;9,62;26,09;21,74;21,74;20,0;65,0;9,62;25,0;19,23;10,0;69,23;38,46
34082;Hérmedes de Cerrato;0,0;58,33;0,0;0,0;19417,0;28,38;51,35;1,35;58,33;41,67;0,0;27,78;61,11;17,57;17,57;25,68;3,85;89,29;35,14
34083;Herrera de Pisuerga;12,86;29,25;9,18;1,16;15721,0;33,59;47,0;6,49;24,79;8,96;29,83;22,73;65,84;22,24;17,32;23,7;10,63;67,76;47,9
34084;Herrera de Valdecañas;7,87;31,47;2,67;0,37;18714,0;37,24;53,1;3,45;31,43;20,0;25,71;20,63;65,08;8,22;21,92;26,71;7,69;81,82;53,79
34086;Hontoria de Cerrato;5,23;30,47;2,8;0,0;20674,0;44,12;41,18;5,88;32,14;30,36;26,79;24,49;63,27;14,71;17,65;44,12;3,33;89,23;58,82
34087;Hornillos de Cerrato;12,56;30,58;9,3;2,0;17241,0;22,76;62,07;5,52;30,77;10,77;15,38;31,67;60,0;16,56;15,89;30,46;4,17;72,63;48,0
34088;Husillos;16,08;17,97;7,26;1,66;18569,0;30,51;56,8;7,55;27,93;8,38;22,91;35,33;55,09;13,35;21,07;38,28;4,52;71,16;59,23
34089;Itero de la Vega;5,31;39,18;4,08;0,44;19730,0;36,76;47,06;6,62;45,61;29,82;24,56;29,27;63,41;19,71;16,79;27,01;7,02;70,67;41,61
34091;Lagartos;7,69;41,2;2,56;1,0;14391,0;42,59;43,52;1,85;50,0;38,46;13,46;14,29;73,81;19,64;15,18;21,43;2,04;80,0;44,55
34092;Lantadilla;4,32;41,8;2,16;0,27;20031,0;39,16;38,78;5,7;41,84;29,59;16,33;22,99;65,52;25,28;15,85;21,89;9,73;71,33;42,97
34093;Vid de Ojeda, La;8,71;31,06;4,71;2,33;18075,0;37,65;43,53;1,18;51,28;53,85;33,33;17,14;68,57;28,74;17,24;28,74;2,33;84,0;49,43
34094;Ledigos;5,08;38,98;8,47;0,88;17537,0;50,0;36,21;5,17;46,15;30,77;7,69;22,73;68,18;13,56;8,47;37,29;7,69;77,42;44,07
34098;Magaz de Pisuerga;14,93;14,74;11,46;1,26;16846,0;33,91;51,55;8,59;15,42;2,57;29,84;23,94;65,92;10,24;23,72;32,41;9,8;67,74;63,1
34099;Manquillos;4,84;23,23;16,13;1,56;20089,0;40,0;47,27;5,45;33,33;40,74;25,93;20,83;50,0;23,21;8,93;23,21;7,14;63,41;50,0
34100;Mantinos;7,46;30,42;4,23;0,93;21652,0;36,03;47,06;5,88;20,37;14,81;27,78;20,75;64,15;14,71;20,59;19,85;3,45;71,79;42,65
34102;Mazariegos;9,41;31,29;0,99;1,44;19386,0;31,55;52,41;5,35;26,53;19,39;19,39;28,09;58,43;14,97;15,51;31,02;6,73;83,62;55,61
34103;Mazuecos de Valdeginate;1,28;43,33;0,0;0,0;20089,0;30,77;52,56;5,13;33,33;16,67;38,89;25,81;74,19;23,08;15,38;28,21;9,09;75,0;42,31
34104;Melgar de Yuso;6,81;38,9;5,86;1,09;21404,0;38,91;44,75;4,28;28,42;29,47;27,37;17,98;60,67;26,64;12,36;16,22;4,59;73,76;42,08
34106;Meneses de Campos;2,94;35,05;13,76;0,0;23777,0;36,73;40,82;5,1;37,25;29,41;19,61;36,96;54,35;10,89;16,83;38,61;3,92;76,56;50,5
34107;Micieces de Ojeda;0,0;48,06;1,49;0,0;18075,0;38,03;46,48;1,41;46,88;43,75;18,75;3,85;88,46;22,54;22,54;26,76;0,0;100,0;45,07
34108;Monzón de Campos;13,3;23,61;8,54;1,14;15940,0;35,15;48,54;5,63;30,04;14,35;26,46;19,7;65,02;16,25;18,74;20,84;20,07;62,5;56,43
34109;Moratinos;1,09;49,82;16,36;0,0;20089,0;34,55;58,18;3,64;58,33;37,5;12,5;42,11;57,89;27,59;22,41;18,97;11,54;95,83;44,83
34114;Olmos de Ojeda;0,73;46,79;4,85;0,0;16070,0;39,29;44,64;4,17;57,33;56,0;9,33;16,98;75,47;30,0;17,65;15,88;7,41;92,59;47,93
34116;Osornillo;5,26;39,65;0,0;4,2;20089,0;42,11;31,58;8,77;31,58;10,53;15,79;25,0;75,0;22,81;17,54;43,86;4,76;68,97;36,84
34120;Palencia;14,4;24,02;10,94;1,06;18902,0;35,37;48,91;7,28;13,09;1,04;20,42;35,78;52,22;14,94;20,68;35,96;9,73;66,14;52,03
34121;Palenzuela;8,08;30,7;17,37;1,31;15889,0;38,78;50,0;2,04;39,56;31,87;19,78;22,22;61,73;33,17;16,83;15,35;4,12;74,4;48,26
34122;Páramo de Boedo;6,73;23,85;20,19;0,88;18075,0;33,7;54,35;2,17;48,08;32,69;32,69;21,43;66,67;13,13;22,22;30,3;8,62;73,61;59,18
34123;Paredes de Nava;12,66;24,9;12,29;1,18;15797,0;34,4;50,91;4,11;27,64;10,55;23,27;22,46;66,62;22,2;16,05;25,48;9,89;69,84;54,21
34124;Payo de Ojeda;13,22;31,19;8,47;1,4;18075,0;35,85;50,94;5,66;35,71;28,57;25,0;24,0;72,0;20,75;16,98;30,19;3,57;81,82;52,83
34125;Pedraza de Campos;2,19;40,27;4,11;0,0;20089,0;35,71;52,86;4,29;41,18;38,24;14,71;40,0;48,0;18,06;16,67;33,33;0,0;82,93;47,22
34126;Pedrosa de la Vega;9,54;33,24;9,96;1,69;16616,0;36,47;50,2;3,14;39,09;36,36;17,27;20,2;67,68;23,75;16,09;21,84;12,3;68,59;47,1
34127;Perales;3,39;44,82;3,57;0,7;20089,0;32,17;40,87;5,22;28,57;16,67;9,52;25,0;63,89;25,0;15,52;25,86;0,0;76,36;36,21
34129;Pino del Río;5,8;33,83;4,32;2,62;18086,0;37,34;46,2;3,16;38,24;26,47;20,59;22,41;63,79;25,95;17,72;20,89;5,33;74,74;47,47
34130;Piña de Campos;6,56;32,47;2,15;1,0;19352,0;38,04;45,65;4,89;34,38;23,96;20,83;22,62;66,67;14,67;16,85;29,35;6,8;89,72;55,98
34131;Población de Arroyo;0,0;60,45;4,55;0,0;20089,0;47,62;30,95;2,38;46,67;33,33;13,33;10,0;90,0;11,9;4,76;26,19;0,0;82,35;33,33
34132;Población de Campos;7,73;33,45;9,24;0,41;17409,0;38,18;48,18;3,64;35,19;22,22;27,78;21,74;71,74;15,18;25,0;32,14;9,09;73,53;49,11
34133;Población de Cerrato;9,04;38,46;3,85;1,08;14396,0;37,89;43,16;8,42;25,71;22,86;25,71;28,57;60,71;21,05;17,89;21,05;14,29;67,92;44,21
34135;Pomar de Valdivia;13,1;28,38;8,21;1,66;17411,0;33,81;50,36;6,95;30,62;16,75;43,54;18,52;69,31;20,33;20,79;25,93;5,86;75,18;52,24
34136;Poza de la Vega;9,44;40,75;6,21;1,65;15471,0;37,5;44,74;5,92;32,61;30,43;21,74;13,95;67,44;23,87;15,48;12,9;13,85;76,71;42,21
34139;Prádanos de Ojeda;15,33;21,44;10,0;1,63;14942,0;40,51;48,1;4,43;30,26;15,79;30,26;17,91;59,7;20,73;17,68;23,78;11,36;67,24;54,32
34140;Puebla de Valdavia, La;2,03;51,39;1,27;0,0;17537,0;50,63;32,91;2,53;42,31;19,23;23,08;30,43;52,17;25,0;12,5;25,0;4,17;74,19;30,0
34141;Quintana del Puente;21,73;20,71;21,57;1,75;16746,0;28,57;55,61;7,65;18,35;22,94;13,76;23,53;54,9;25,98;15,69;26,47;11,4;67,33;56,44
34143;Quintanilla de Onsoña;8,45;33,33;3,57;0,7;17567,0;39,05;47,93;2,96;26,58;25,32;17,72;27,03;64,86;28,82;18,82;21,18;8,05;83,33;51,48
34146;Reinoso de Cerrato;5,17;39,31;5,17;1,17;19417,0;38,89;42,59;5,56;22,22;18,52;18,52;32,0;56,0;11,11;20,37;25,93;6,9;93,1;53,7
34147;Renedo de la Vega;12,27;28,76;2,58;0,78;16504,0;38,79;45,45;2,42;42,86;26,19;16,67;25,0;61,84;28,49;23,84;18,6;4,71;72,32;49,71
34151;Respenda de la Peña;2,0;39,86;1,43;0,0;17081,0;41,3;45,65;3,62;38,89;40,74;14,81;22,22;68,89;20,71;17,14;14,29;6,67;71,79;42,86
34152;Revenga de Campos;7,24;32,6;16,54;0,39;17016,0;32,8;48,8;7,2;29,17;39,58;18,75;15,56;64,44;18,11;21,26;19,69;7,27;72,86;43,31
34154;Revilla de Collazos;4,8;37,87;0,0;2,0;18075,0;39,73;43,84;4,11;17,24;17,24;31,03;18,52;66,67;16,44;12,33;24,66;26,67;55,0;41,1
34155;Ribas de Campos;6,17;26,98;14,77;1,75;18570,0;31,25;50,0;6,25;14,08;25,35;25,35;16,9;57,75;28,08;19,86;23,29;6,58;75,53;52,05
34156;Riberos de la Cueza;5,0;31,54;0,0;3,5;20089,0;40,38;38,46;5,77;51,61;48,39;9,68;34,78;65,22;15,09;22,64;43,4;3,33;90,62;56,6
34157;Saldaña;14,02;24,5;12,18;1,28;16837,0;37,37;47,59;5,43;29,16;13,02;19,16;24,83;60,63;19,43;20,41;26,6;8,72;70,96;53,0
34158;Salinas de Pisuerga;7,11;38,44;8,09;0,96;20251,0;42,3;35,41;7,54;19,01;3,31;40,5;25,64;64,96;23,72;19,23;26,92;9,23;63,78;41,94
34159;San Cebrián de Campos;6,82;24,28;6,97;0,49;17847,0;49,15;37,5;3,41;19,16;20,96;19,16;23,27;61,64;30,87;18,62;25,26;6,81;65,44;49,1
34160;San Cebrián de Mudá;12,25;29,44;4,23;0,78;17118,0;43,18;39,39;6,06;24,0;14,0;30,0;32,61;56,52;18,05;20,3;31,58;1,69;72,5;44,7
34165;San Román de la Cuba;0,0;36,6;7,55;0,0;20089,0;35,29;49,02;9,8;68,97;44,83;20,69;26,32;57,89;13,21;20,75;30,19;0,0;93,33;52,83
34167;Santa Cecilia del Alcor;1,98;43,52;1,1;0,0;20089,0;35,96;48,31;3,37;42,5;42,5;17,5;12,9;70,97;27,47;12,09;18,68;0,0;87,76;47,78
34169;Santervás de la Vega;8,75;35,35;9,97;2,17;17082,0;37,67;45,71;5,26;36,48;32,08;22,01;14,58;72,92;22,61;20,48;19,95;10,47;72,64;46,36
34171;Santibáñez de la Peña;7,67;33,36;2,8;0,98;17911,0;35,33;43,65;6,0;15,72;12,26;34,59;20,78;68,18;22,32;20,84;23,69;11,63;62,67;41,26
34174;Santoyo;4,95;36,67;2,15;0,28;19524,0;36,11;50,0;2,22;29,07;15,12;24,42;18,06;77,78;18,03;19,67;26,78;3,37;81,13;48,9
34175;Serna, La;5,11;29,56;5,56;0,64;17537,0;56,32;32,18;4,6;52,38;33,33;9,52;36,84;55,26;24,18;21,98;26,37;3,77;89,47;58,24
34176;Sotobañado y Priorato;14,03;29,22;2,6;2,1;16954,0;36,57;49,25;2,99;41,27;26,98;26,98;20,75;69,81;4,44;20,74;32,59;3,08;75,0;48,15
34177;Soto de Cerrato;3,47;33,17;0,6;0,35;17422,0;36,31;54,17;2,98;25,29;13,79;22,99;31,58;55,26;18,13;21,64;28,65;3,53;83,67;50,3
34178;Tabanera de Cerrato;11,52;25,61;13,64;2,13;15065,0;42,74;45,16;3,23;50,77;29,23;18,46;33,96;58,49;11,9;19,84;38,1;6,49;88,89;61,11
34180;Támara de Campos;8,73;41,13;0,0;0,58;20089,0;42,65;41,18;2,94;31,25;21,88;18,75;52,0;44,0;17,39;8,7;46,38;3,12;91,18;46,38
34181;Tariego de Cerrato;13,64;21,9;7,31;1,2;16906,0;36,03;49,42;6,7;12,26;5,19;44,81;15,38;64,9;12,98;17,9;22,37;10,76;70,22;56,53
34182;Torquemada;15,35;24,18;11,38;1,53;14833,0;33,98;50,85;4,73;25,2;16,53;30,89;16,36;66,36;18,56;18,32;21,75;16,74;63,74;54,31
34189;Valdeolmillos;5,26;38,95;5,26;0,0;19417,0;33,33;50,88;3,51;46,15;42,31;11,54;50,0;50,0;10,53;19,3;40,35;3,45;96,55;50,88
34192;Valde-Ucieza;5,45;29,87;2,6;1,17;20089,0;36,11;44,44;1,39;47,5;45,0;7,5;29,03;61,29;23,61;20,83;34,72;0,0;80,85;52,78
34196;Valle de Cerrato;0,0;33,25;1,3;0,0;19417,0;49,38;37,04;2,47;25,0;22,22;25,0;22,58;67,74;8,64;11,11;40,74;7,32;84,44;50,62
34199;Velilla del Río Carrión;7,61;31,65;1,99;0,76;18744,0;35,28;49,9;3,25;19,86;5,02;34,21;27,05;61,04;17,92;20,0;26,23;10,37;64,44;43,97
34201;Vertavillo;1,36;37,04;2,47;0,0;19658,0;42,59;48,77;3,09;40,3;31,34;20,9;39,29;51,79;15,76;19,39;32,12;11,69;71,58;46,67
34205;Villaconancio;2,5;33,33;2,08;0,0;19417,0;42,55;40,43;0,0;64,0;48,0;12,0;15,79;78,95;8,0;22,0;28,0;4,0;80,0;51,02
34206;Villada;10,21;31,88;4,99;0,82;15979,0;34,17;49,47;3,96;27,75;11,27;26,88;16,01;64,05;22,16;20,08;19,3;6,52;70,35;48,42
34208;Villaeles de Valdavia;5,53;37,87;0,0;0,0;17537,0;34,78;43,48;8,7;34,78;8,7;30,43;23,81;42,86;12,77;17,02;25,53;0,0;88,46;48,94
34210;Villahán;3,12;28,96;6,25;0,0;19417,0;34,38;50,0;6,25;34,88;32,56;18,6;34,29;62,86;11,46;23,96;39,58;6,25;70,31;50,0
34211;Villaherreros;10,84;37,01;9,81;1,25;16693,0;25,93;58,2;1,06;40,26;22,08;23,38;26,15;64,62;31,96;19,59;22,16;6,02;70,27;42,78
34213;Villalaco;5,97;31,34;16,42;0,0;20089,0;31,58;54,39;1,75;23,08;26,92;11,54;41,67;45,83;21,05;14,04;38,6;0,0;81,58;54,39
34214;Villalba de Guardo;4,33;34,64;3,09;0,72;23016,0;32,47;51,03;8,25;18,67;12,0;30,67;29,17;58,33;10,82;19,07;26,29;5,0;67,86;41,24
34215;Villalcázar de Sirga;6,37;33,88;10,0;1,47;19267,0;33,76;52,23;5,1;38,16;19,74;28,95;31,25;65,62;20,86;15,95;31,29;6,49;80,0;47,53
34216;Villalcón;0,0;49,78;2,22;0,0;20089,0;47,92;35,42;6,25;50,0;40,91;13,64;11,11;83,33;25,0;16,67;35,42;5,88;76,19;35,42
34217;Villalobón;24,11;9,56;6,03;1,53;18822,0;35,16;55,22;6,57;15,99;1,56;24,61;34,01;57,86;5,91;22,64;49,6;5,74;74,85;70,18
34218;Villaluenga de la Vega;12,91;26,86;15,22;1,01;17052,0;40,89;42,89;5,11;41,62;42,64;18,78;14,86;74,29;26,39;21,03;19,31;10,13;63,95;49,78
34220;Villamartín de Campos;9,52;16,9;14,29;0,48;16868,0;38,82;50,0;4,61;28,41;13,64;22,73;32,53;60,24;11,61;18,06;36,77;12,37;66,41;62,99
34221;Villamediana;12,77;30,06;0,56;4,42;19405,0;30,06;57,06;4,29;39,56;30,77;20,88;24,32;59,46;15,95;19,02;33,13;8,79;89,25;55,83
34222;Villameriel;10,28;32,48;11,93;2,8;18761,0;34,69;48,98;3,06;41,67;37,5;20,83;16,22;81,08;21,0;22,0;19,0;8,16;77,59;49,49
34223;Villamoronta;9,71;28,8;15,35;1,21;16466,0;38,99;46,79;5,05;40,95;50,48;15,24;12,9;69,89;25,65;17,83;18,7;3,57;73,47;49,34
34225;Villamuriel de Cerrato;18,51;15,18;9,36;1,17;16596,0;34,39;53,25;7,11;10,93;0,97;31,96;24,79;60,56;11,22;23,5;30,83;7,59;68,94;60,58
34227;Villanueva del Rebollar;0,9;31,34;1,49;0,0;20089,0;32,84;46,27;8,96;27,78;30,56;8,33;40,62;56,25;11,94;19,4;38,81;5,56;80,95;53,73
34228;Villanuño de Valdavia;7,17;40,0;11,96;0,78;17537,0;46,34;39,02;3,66;43,75;43,75;9,38;20,83;66,67;16,67;20,24;27,38;8,11;77,27;44,05
34229;Villaprovedo;2,17;52,17;4,35;0,0;18075,0;33,33;44,44;6,67;42,86;23,81;33,33;29,41;58,82;10,87;15,22;23,91;10,0;94,74;43,48
34231;Villarrabé;0,7;40,35;0,58;0,0;17495,0;29,71;55,43;3,43;47,3;36,49;16,22;19,35;70,97;22,6;19,77;22,6;7,14;84,78;47,46
34232;Villarramiel;7,48;28,89;6,4;0,69;17444,0;38,78;45,81;5,27;28,45;9,2;27,87;20,18;67,47;17,62;18,81;19,21;9,33;69,53;50,13
34233;Villasarracino;4,88;41,26;7,09;0,88;18280,0;40,48;49,21;0,79;32,69;9,62;32,69;32,0;68,0;23,26;13,95;33,33;11,86;81,25;45,74
34234;Villasila de Valdavia;4,69;45,31;0,0;0,0;17537,0;58,62;27,59;1,72;22,73;22,73;22,73;11,11;72,22;34,48;18,97;10,34;4,35;73,33;39,66
34236;Villaturde;5,27;35,95;5,41;0,67;15778,0;44,93;32,61;3,62;53,33;45,0;11,67;17,31;76,92;32,17;15,38;22,38;8,82;73,81;47,89
34237;Villaumbrales;11,41;27,28;4,77;1,68;15519,0;36,73;48,15;4,39;22,74;16,05;25,75;20,86;66,55;19,0;18,83;22,97;4,81;77,34;54,26
34238;Villaviudas;10,39;34,47;9,78;1,37;15792,0;34,46;46,46;4,62;26,32;18,8;22,56;23,97;65,29;24,11;23,51;24,11;10,76;73,06;47,45
34240;Villerías de Campos;0,81;24,86;2,7;0,0;20089,0;38,36;42,47;9,59;22,73;22,73;29,55;34,21;55,26;13,16;23,68;36,84;8,89;78,85;60,0
34242;Villodrigo;3,8;28,4;18,0;0,44;20426,0;35,05;47,42;3,09;41,38;15,52;18,97;23,53;58,82;25,51;20,41;28,57;3,39;89,06;60,2
34243;Villoldo;7,07;36,29;6,29;0,98;18185,0;35,03;45,86;5,73;27,7;18,24;17,57;26,15;58,46;20,75;20,75;27,36;7,05;80,56;49,21
34245;Villota del Páramo;6,1;35,73;1,69;1,7;15854,0;38,95;44,56;4,56;39,45;29,36;27,52;11,88;76,24;26,39;14,93;20,14;10,32;71,07;43,75
34246;Villovieco;8,06;43,55;11,29;1,75;20089,0;42,11;31,58;7,02;42,31;46,15;11,54;23,81;66,67;23,73;11,86;38,98;6,67;100,0;50,85
34901;Osorno la Mayor;9,86;31,27;9,76;1,03;18347,0;39,16;46,17;4,21;25,5;16,93;23,51;19,6;65,03;19,95;17,12;24,77;6,2;74,15;48,76
34902;Valle del Retortillo;14,71;30,71;6,45;2,55;16964,0;34,03;52,08;4,17;44,29;48,57;14,29;22,95;68,85;23,97;23,29;27,4;2,74;84,52;50,69
34903;Loma de Ucieza;3,98;32,96;6,12;0,39;16329,0;38,29;47,43;5,14;56,52;46,38;17,39;20,83;66,67;23,66;23,66;19,89;7,41;64,1;43,78
34904;Pernía, La;6,49;31,96;1,01;1,65;18720,0;44,56;36,05;6,46;38,41;21,01;22,46;20,9;67,91;9,12;19,93;27,36;10,0;77,59;50,68
35001;Agaete;11,47;19,15;10,14;0,84;16716,0;44,83;38,25;9,59;13,55;4,93;13,29;35,24;52,05;11,87;22,51;32,37;18,17;58,39;55,39
35002;Agüimes;16,17;12,08;14,48;0,95;15593,0;44,4;40,01;10,63;11,64;2,79;12,37;26,97;55,81;14,95;21,6;28,34;15,04;60,8;62,29
35003;Antigua;13,73;16,6;49,93;1,07;15133,0;40,87;44,26;10,71;19,16;2,01;9,48;24,66;63,02;26,21;25,27;24,79;10,91;54,86;49,83
35004;Arrecife;17,02;10,95;37,45;1,04;14197,0;47,91;37,46;9,97;10,45;0,76;11,06;18,97;59,14;19,98;25,79;23,6;11,14;61,21;61,85
35005;Artenara;8,14;25,73;6,33;0,95;19594,0;39,94;44,58;8,26;13,81;4,12;11,55;30,36;54,56;21,26;21,36;30,77;14,03;73,07;55,79
35006;Arucas;14,28;15,25;6,51;0,87;16337,0;41,95;42,24;9,58;11,75;1,7;12,57;33,54;55,44;12,52;24,04;32,56;15,99;61,95;60,82
35007;Betancuria;14,63;18,73;18,51;1,36;18251,0;42,62;41,42;9,94;15,73;4,78;8,71;18,05;64,2;17,54;30,55;23,62;9,67;66,48;56,06
35008;Firgas;13,07;16,53;5,01;0,76;15752,0;39,22;45,51;9,14;14,33;1,31;15,92;31,9;57,44;13,87;25,63;32,15;17,41;60,63;59,16
35009;Gáldar;12,94;17,18;6,5;0,82;15237,0;43,33;39,8;10,38;11,5;8,38;14,64;30,38;53,78;14,75;20,36;29,19;16,42;58,47;56,41
35010;Haría;12,74;18,83;19,59;0,99;17920,0;44,67;40,13;8,27;18,36;1,94;10,07;29,09;57,57;19,6;21,31;30,98;11,95;63,94;56,14
35011;Ingenio;15,22;13,29;10,71;0,95;14768,0;44,46;40,2;9,97;10,12;2,45;12,98;22,53;60,0;15,78;22,49;24,83;15,57;61,77;61,69
35012;Mogán;14,69;15,31;41,47;1,06;14191,0;43,75;41,51;10,14;19,37;2,01;6,88;17,31;66,1;28,49;18,41;15,02;10,25;60,93;55,2
35013;Moya;13,07;19,29;7,02;0,85;15187,0;39,92;43,25;9,33;18,69;4,88;15,74;29,04;59,17;18,32;20,21;28,46;18,62;58,75;55,69
35014;Oliva, La;15,35;11,11;51,12;0,91;14693,0;49,95;37,79;9,16;24,98;0,86;8,74;25,38;61,44;18,96;35,1;26,16;11,09;55,99;54,8
35015;Pájara;17,13;9,07;43,5;1,14;14699,0;48,35;38,5;9,99;10,9;1,45;4,09;16,36;61,55;16,46;28,14;22,38;7,54;64,61;62,52
35016;Palmas de Gran Canaria, Las;13,25;18,31;16,55;0,81;18331,0;44,95;37,26;10,78;13,82;0,65;9,86;38,19;50,33;15,11;24,19;33,79;17,22;58,95;55,62
35017;Puerto del Rosario;17,43;9,98;30,78;1,05;16326,0;47,16;37,71;11,1;11,52;0,82;10,44;25,86;60,0;17,4;27,97;26,84;10,79;63,11;64,25
35018;San Bartolomé;15,94;12,24;21,15;0,99;17856,0;46,74;38,87;9,64;15,09;0,71;9,17;28,72;59,3;14,85;25,65;31,88;8,54;69,98;64,98
35019;San Bartolomé de Tirajana;13,14;16,26;34,96;0,81;16686,0;45,13;38,7;11,1;21,34;1,54;6,45;23,76;62,11;20,56;20,6;24,64;13,23;61,05;56,28
35020;Aldea de San Nicolás, La;12,51;18,22;10,9;0,88;13487,0;43,82;40,27;8,5;11,4;22,38;12,72;21,46;49,31;22,08;17,22;18,78;17,96;55,99;53,02
35021;Santa Brígida;13,55;18,95;9,31;0,87;24373,0;39,67;44,55;9,74;21,34;1,08;10,71;50,42;41,62;10,52;22,11;46,79;12,67;63,84;56,67
35022;Santa Lucía de Tirajana;16,48;10,9;29,0;0,97;13338,0;44,39;39,95;11,02;10,71;3,04;10,35;18,26;60,31;17,68;24,77;21,86;15,06;58,79;61,3
35023;Santa María de Guía de Gran Canaria;12,5;17,99;7,87;0,8;15454,0;43,48;39,19;10,21;12,58;7,03;13,84;28,65;56,85;14,25;21,98;28,71;15,9;59,19;55,9
35024;Teguise;15,58;13,53;24,07;0,87;19943,0;44,25;42,87;8,41;20,66;1,13;8,75;34,65;56,99;14,94;24,44;36,86;8,14;68,2;62,49
35025;Tejeda;7,75;28,7;6,11;0,85;18641,0;38,49;42,27;9,56;16,25;2,99;18,62;24,08;59,05;24,04;20,39;25,32;14,36;69,73;53,05
35026;Telde;14,35;14,65;8,56;0,85;15691,0;44,39;38,53;11,02;11,73;2,13;13,43;27,95;57,27;15,28;21,58;27,6;17,28;60,29;60,85
35027;Teror;13,81;16,22;7,36;0,88;16034,0;39,59;44,87;9,29;15,61;1,08;14,33;32,85;55,8;14,99;22,91;32,72;16,66;59,78;59,14
35028;Tías;14,52;15,32;44,16;1,04;16789,0;43,86;42,17;9,46;22,08;0,78;7,69;24,23;62,58;28,0;19,4;21,57;8,46;63,15;56,56
35029;Tinajo;17,16;12,31;16,58;1,08;16935,0;46,87;40,48;7,32;17,43;1,7;13,62;27,8;57,93;14,28;25,37;29,38;8,93;68,38;64,52
35030;Tuineje;17,36;11,57;28,55;1,14;15112,0;45,98;40,1;9,76;12,01;3,14;10,15;20,85;55,49;19,94;22,36;19,87;10,51;61,47;60,46
35031;Valsequillo de Gran Canaria;14,82;13,49;9,82;0,85;15958,0;42,2;42,93;9,85;16,1;3,48;15,3;27,99;58,62;15,05;22,7;28,74;14,85;62,16;61,74
35032;Valleseco;10,59;22,95;4,99;0,89;16473,0;38,84;43,99;9,04;16,7;3,21;16,76;29,47;57,09;19,97;20,02;30,66;16,1;64,12;55,53
35033;Vega de San Mateo;12,06;17,74;7,35;0,92;15778,0;40,11;42,65;10,57;16,29;3,51;14,92;29,01;57,2;17,48;21,23;30,02;15,23;62,8;58,66
35034;Yaiza;16,78;10,29;49,92;1,12;16041,0;43,57;44,09;9,19;17,75;0,69;7,31;19,84;63,27;20,11;28,76;25,02;6,84;63,42;62,33
36001;Arbo;9,54;31,81;6,92;1,14;14144,0;31,5;49,06;6,59;29,05;10,59;28,49;21,8;62,8;31,7;16,71;17,65;15,78;60,05;44,07
36002;Barro;15,93;21,79;4,96;1,21;15631,0;30,87;53,05;6,83;22,05;5,26;28,38;23,26;64,32;21,82;17,76;21,03;10,06;67,28;54,75
36003;Baiona;13,58;21,81;9,08;0,9;18673,0;34,31;48,84;8,76;19,55;3,49;22,24;36,07;53,07;16,21;22,89;32,75;10,59;63,61;51,9
36004;Bueu;13,28;22,79;3,53;0,93;17172,0;31,43;52,74;7,03;19,61;11,36;21,8;30,14;62,11;20,96;17,6;32,11;9,8;60,24;48,52
36005;Caldas de Reis;13,5;22,72;8,1;0,9;14724,0;33,62;50,74;6,67;19,21;2,22;34,52;25,97;61,12;19,0;19,41;24,1;9,81;65,03;52,52
36006;Cambados;14,67;20,35;8,62;1,06;14506,0;35,37;48,92;7,53;30,28;15,32;24,68;24,36;65,12;21,2;16,17;24,62;9,45;63,91;53,5
36007;Campo Lameiro;8,67;32,79;4,34;0,82;15133,0;29,49;52,44;5,45;20,73;4,47;31,58;24,67;62,83;26,91;13,14;20,28;11,69;66,35;45,05
36008;Cangas;13,77;21,13;6,48;0,93;16774,0;34,81;48,57;8,57;18,03;6,64;21,98;33,31;57,74;19,38;19,74;32,48;11,55;61,26;51,62
36009;Cañiza, A;11,78;28,66;9,69;0,82;13213,0;33,79;45,85;7,98;22,37;3,26;29,22;19,22;67,56;27,85;19,02;18,15;14,52;58,67;45,2
36010;Catoira;13,09;22,5;4,64;0,89;15239,0;32,23;52,41;5,84;13,83;1,71;38,96;25,64;59,49;15,76;18,06;24,79;10,31;64,04;52,5
36013;Covelo;9,37;33,03;12,85;0,92;14464,0;33,4;43,04;9,98;23,77;3,07;26,7;26,35;63,25;28,2;18,56;17,57;17,84;55,03;41,87
36014;Crecente;6,19;37,87;9,1;0,78;15366,0;31,7;48,03;6,45;19,17;5,29;27,77;23,12;63,53;35,48;14,96;17,6;17,74;56,69;38,87
36015;Cuntis;11,13;29,46;6,25;0,8;15454,0;31,72;49,5;6,16;20,67;3,96;32,95;24,85;62,42;24,5;15,06;22,18;9,97;67,49;48,38
36016;Dozón;7,06;36,21;4,43;0,98;15997,0;31,61;51,41;4,05;47,06;38,35;20,0;17,43;75,54;30,21;14,18;14,94;5,7;76,35;46,16
36017;Estrada, A;12,9;26,81;9,21;1,09;15689,0;30,8;50,97;7,12;21,62;4,45;24,38;29,13;61,65;24,11;17,83;26,4;8,25;69,21;51,13
36018;Forcarei;8,3;37,83;8,35;0,72;16030,0;29,72;49,36;5,09;31,21;10,2;34,26;23,17;69,86;34,9;16,12;20,8;8,41;71,37;43,24
36019;Fornelos de Montes;10,72;30,09;8,66;1,17;14075,0;31,15;48,17;8,93;19,65;2,92;27,63;25,61;58,74;23,3;16,68;16,68;19,82;56,02;44,6
36020;Agolada;8,26;36,16;6,47;1,28;14469,0;31,54;50,05;5,58;33,66;19,88;22,24;20,0;69,55;33,41;14,82;18,27;9,66;68,7;42,65
36021;Gondomar;15,12;18,75;6,64;1,02;17121,0;34,93;49,58;8,39;18,46;1,55;29,27;31,95;54,81;17,01;19,91;29,1;10,04;66,68;56,84
36022;Grove, O;13,16;22,04;10,0;0,99;14753,0;35,53;48,18;7,97;29,94;11,03;21,6;25,17;64,19;20,18;18,78;22,82;8,8;59,73;48,16
36023;Guarda, A;13,54;23,09;11,95;0,9;14897,0;32,84;51,14;6,57;22,93;8,41;22,65;33,23;55,99;20,92;18,76;27,74;12,46;56,93;46,25
36024;Lalín;13,86;24,11;15,94;1,1;15110,0;32,74;49,72;7,92;27,17;9,73;27,77;27,48;63,76;23,1;17,91;23,29;9,82;65,62;51,47
36025;Lama, A;9,29;31,73;23,79;0,95;12120,0;34,13;44,89;8,88;28,15;6,8;21,25;22,75;65,29;29,91;20,55;18,6;17,43;49,79;36,59
36026;Marín;14,14;21,23;7,99;0,93;15357,0;33,98;50,21;7,57;14,59;5,11;20,15;28,15;59,83;18,6;18,68;28,07;11,38;57,06;47,83
36027;Meaño;13,81;23,74;5,88;0,91;13927,0;34,54;50,23;6,4;32,88;9,41;28,99;22,65;66,81;23,98;14,65;21,06;7,52;64,9;50,12
36028;Meis;12,9;24,8;5,7;1,0;14250,0;33,14;50,26;7,05;23,78;7,71;31,38;22,44;65,82;23,53;17,2;20,31;9,75;66,41;51,14
36029;Moaña;14,26;21,04;4,66;0,93;16401,0;33,02;50,31;8,5;18,99;6,51;28,4;29,73;62,69;21,44;18,22;28,51;11,96;62,1;52,59
36030;Mondariz;11,34;28,4;7,14;1,08;13982,0;33,29;46,13;9,08;17,62;1,74;30,88;23,98;63,23;23,76;16,66;20,51;16,6;58,12;46,31
36031;Mondariz-Balneario;11,89;19,97;11,76;1,2;19203,0;38,28;41,58;12,38;23,37;2,41;15,12;41,58;50,9;10,56;24,84;40,06;14,45;60,4;55,42
36032;Moraña;14,06;24,6;5,46;1,01;14372,0;31,07;52,42;6,16;19,63;4,05;34,44;24,49;63,3;24,83;16,94;20,7;10,95;63,86;50,58
36033;Mos;15,18;20,2;7,56;1,05;15978,0;33,86;51,18;7,1;16,41;0,84;31,65;26,97;59,96;19,61;18,59;23,39;10,21;64,73;54,49
36034;Neves, As;11,0;28,5;7,58;0,96;13520,0;35,23;46,39;7,07;20,95;3,36;34,23;20,09;66,18;27,93;16,37;16,31;17,14;55,0;43,75
36035;Nigrán;14,07;21,92;9,0;1,03;20612,0;35,27;48,58;8,44;21,19;1,43;23,39;39,36;50,19;16,51;21,08;35,83;10,36;65,11;53,14
36036;Oia;12,79;26,4;7,71;1,19;15686,0;32,8;51,51;5,57;25,2;9,24;28,52;25,35;60,9;24,82;15,71;21,23;10,8;61,37;46,12
36037;Pazos de Borbén;13,09;25,16;5,51;1,21;14327,0;30,37;51,02;8,57;16,86;2,02;34,18;21,47;65,42;23,24;16,98;17,13;14,45;60,86;50,45
36038;Pontevedra;14,94;20,81;11,84;1,0;19015,0;36,54;46,64;9,03;15,76;1,68;15,28;41,79;48,63;11,82;21,09;41,18;10,5;64,16;53,87
36039;Porriño, O;16,52;16,45;12,61;1,09;15738,0;37,46;46,96;8,74;15,05;0,93;32,94;28,35;57,97;17,48;18,8;26,28;11,41;63,76;58,3
36040;Portas;12,59;26,49;4,18;1,02;14817,0;30,77;53,1;5,95;20,14;5,42;31,8;21,49;67,3;24,68;16,41;22,15;9,71;67,0;50,45
36041;Poio;15,38;19,52;9,47;0,95;18010,0;33,59;50,37;9,01;22,36;6,6;17,62;32,24;58,26;15,82;21,13;30,66;9,7;63,97;54,38
36042;Ponteareas;15,75;17,89;10,9;0,95;14613,0;37,46;45,81;8,79;18,0;1,56;28,63;25,88;62,34;15,82;22,16;25,29;13,48;61,24;55,7
36043;Ponte Caldelas;13,22;24,47;10,06;0,94;14407,0;33,58;47,57;8,36;19,92;2,19;27,12;23,81;61,7;23,64;17,83;21,53;14,82;58,95;49,05
36044;Pontecesures;14,03;18,01;5,37;0,94;16730,0;35,49;50,02;6,89;15,99;2,19;36,87;21,73;63,71;15,73;19,93;23,85;9,38;68,85;59,06
36045;Redondela;13,49;22,8;6,74;0,91;16449,0;34,23;49,08;8,02;16,69;2,05;29,52;28,79;57,87;19,43;19,03;25,35;11,93;63,74;52,44
36046;Ribadumia;16,7;19,07;7,12;1,1;14756,0;36,02;47,42;8,28;25,05;7,37;30,12;22,75;64,97;19,31;16,91;22,69;7,51;68,1;56,51
36047;Rodeiro;8,65;35,34;9,77;1,13;15122,0;29,5;51,2;5,98;50,16;39,41;21,41;16,4;77,26;35,02;12,98;14,39;6,32;73,56;45,73
36048;Rosal, O;13,0;22,5;8,03;1,13;14766,0;32,61;52,13;6,64;22,92;10,27;31,13;27,24;59,1;20,35;17,29;24,3;12,26;59,86;49,54
36049;Salceda de Caselas;18,19;14,53;9,86;1,18;15443,0;35,62;49,69;8,04;16,59;1,32;38,06;25,43;61,68;15,21;19,87;25,13;9,81;65,78;60,51
36050;Salvaterra de Miño;14,85;21,05;15,66;1,15;14267,0;35,11;48,01;7,81;17,93;2,52;35,32;24,15;62,86;20,05;17,33;27,12;13,14;60,21;52,55
36051;Sanxenxo;13,41;22,92;9,5;0,95;16222,0;35,14;48,9;7,84;30,31;5,82;21,0;29,5;61,9;18,8;18,2;27,49;8,12;61,11;48,51
36052;Silleda;13,31;25,88;13,44;1,11;15066,0;32,33;49,69;7,33;29,6;15,88;22,77;25,23;64,35;23,51;18,23;24,69;7,07;70,39;52,29
36053;Soutomaior;16,8;17,76;8,81;0,97;15186,0;34,5;48,28;9,9;18,01;4,16;26,67;26,23;62,4;16,96;20,31;25,46;12,68;64,19;58,12
36054;Tomiño;14,08;20,97;9,94;1,06;15252,0;33,31;50,58;7,81;18,52;7,99;30,14;25,28;60,02;20,73;16,84;22,04;11,79;61,98;52,27
36055;Tui;15,0;20,71;13,13;1,03;14976,0;35,12;49,74;7,23;18,76;1,85;29,2;30,48;58,77;19,57;19,08;25,62;12,77;59,41;51,24
36056;Valga;13,78;22,1;6,07;1,03;14838,0;29,87;54,48;5,13;15,32;1,66;44,64;21,22;63,18;23,06;15,53;19,04;9,89;64,0;52,95
36057;Vigo;14,12;22,15;15,01;0,95;18754,0;37,32;45,22;9,14;14,75;0,72;19,26;41,28;48,27;14,68;20,64;37,98;11,47;64,0;53,02
36058;Vilaboa;13,42;25,14;5,36;0,98;16341,0;31,4;50,56;7,77;21,2;7,54;26,08;23,58;65,37;24,11;17,36;21,21;10,02;64,62;49,83
36059;Vila de Cruces;10,77;31,77;8,68;1,23;14569,0;31,79;49,97;5,28;31,59;12,24;27,32;23,29;67,26;22,31;14,88;18,96;8,37;69,68;46,82
36060;Vilagarcía de Arousa;14,34;20,96;11,87;0,91;15491,0;35,52;47,12;8,95;19,1;3,92;23,11;33,23;55,75;12,35;22,05;30,78;13,37;60,46;52,26
36061;Vilanova de Arousa;13,5;24,36;7,02;0,91;13564,0;32,76;49,47;8,04;31,52;14,03;25,53;21,44;68,19;21,09;16,2;20,88;11,17;63,92;50,87
36901;Illa de Arousa, A;13,78;20,89;4,92;0,94;12873,0;34,59;50,66;6,38;48,01;40,53;17,44;18,18;74,11;25,85;13,98;19,42;7,31;66,39;53,42
36902;Cerdedo-Cotobade;11,33;31,15;6,95;1,11;15579,0;30,62;50,67;7,52;21,62;4,56;25,69;25,16;63,08;21,43;16,34;24,3;11,57;65,27;45,81
37001;Abusejo;4,59;45,81;3,38;0,78;15607,0;25,36;56,52;2,9;26,67;15,56;35,56;16,28;65,12;31,65;12,95;20,14;11,54;65,71;37,68
37002;Agallas;2,11;52,85;3,25;0,0;16728,0;31,78;45,74;5,43;32,35;20,59;26,47;17,24;62,07;32,06;16,79;10,69;12,2;72,0;31,3
37003;Ahigal de los Aceiteros;6,67;38,71;2,15;0,0;16432,0;36,47;45,88;7,06;38,71;19,35;19,35;19,35;58,06;18,82;16,47;24,71;5,88;66,67;40,0
37005;Alameda de Gardón, La;2,99;58,81;4,48;0,0;13856,0;23,19;52,17;8,7;33,33;11,11;0,0;23,53;70,59;28,57;25,71;20,0;4,76;83,33;30,0
37006;Alamedilla, La;2,34;43,19;11,7;0,0;15168,0;34,74;40,0;9,47;40,0;32,0;8,0;32,0;44,0;33,67;10,2;25,51;27,59;43,75;29,9
37007;Alaraz;7,43;35,95;5,18;0,97;15717,0;33,66;49,39;5,08;40,51;30,26;17,95;19,05;67,2;31,52;15,17;22,99;4,29;81,05;50,48
37008;Alba de Tormes;14,89;20,73;6,61;1,08;15117,0;33,93;53,35;5,62;21,18;7,85;22,34;24,47;61,87;14,33;20,83;27,51;11,31;68,42;57,42
37009;Alba de Yeltes;4,31;43,53;5,88;1,4;15767,0;26,7;56,02;3,14;30,88;16,18;20,59;19,7;66,67;30,3;17,17;12,63;20,69;68,32;44,16
37010;Alberca, La;12,12;23,73;8,5;1,25;16911,0;34,5;51,26;4,05;27,98;2,06;22,84;27,27;61,95;17,0;19,34;30,61;6,98;75,15;56,56
37011;Alberguería de Argañán, La;5,32;41,7;9,57;0,7;13856,0;31,18;50,54;4,3;61,11;36,11;11,11;8,57;85,71;27,66;18,09;9,57;9,76;71,15;44,09
37012;Alconada;4,77;36,92;0,0;1,08;18833,0;32,03;54,69;6,25;35,59;25,42;18,64;26,32;63,16;25,78;15,62;25,78;4,92;79,45;47,66
37013;Aldeacipreste;2,92;41,57;1,12;0,78;16335,0;35,63;44,83;4,6;53,33;46,67;13,33;10,0;76,67;35,96;7,87;14,61;25,0;58,7;40,91
37014;Aldeadávila de la Ribera;5,58;40,51;4,47;1,02;18108,0;31,36;48,96;5,27;22,07;6,1;26,29;25,85;61,11;23,38;17,93;21,44;9,49;75,26;44,13
37015;Aldea del Obispo;4,94;37,65;27,94;0,25;12088,0;29,31;50,86;6,03;32,0;21,33;20,0;16,22;74,32;33,2;16,6;15,79;20,88;52,17;37,45
37016;Aldealengua;12,63;17,48;9,04;1,12;16943,0;33,98;52,03;8,94;23,48;4,06;19,13;31,25;59,82;9,78;22,56;37,38;10,18;66,8;61,18
37017;Aldeanueva de Figueroa;3,8;36,37;9,7;0,0;16797,0;31,82;50,0;5,79;32,69;17,31;17,31;28,12;65,62;28,86;15,85;26,42;8,62;76,81;47,35
37018;Aldeanueva de la Sierra;2,95;34,32;2,27;1,75;16335,0;31,91;45,74;11,7;35,56;33,33;13,33;23,81;54,76;20,83;14,58;19,79;15,38;83,02;54,17
37019;Aldearrodrigo;3,36;36,78;1,4;0,33;22632,0;35,86;50,34;5,52;25,37;13,43;17,91;23,08;67,69;19,86;21,92;24,66;14,86;77,78;50,68
37020;Aldearrubia;13,41;22,04;4,62;1,11;17938,0;32,44;53,78;7,11;22,58;11,69;20,56;21,25;63,75;14,66;19,47;31,07;9,03;77,78;60,75
37021;Aldeaseca de Alba;10,77;42,77;1,54;0,54;18191,0;18,64;62,71;5,08;35,0;35,0;10,0;16,67;72,22;21,67;13,33;21,67;8,33;73,33;40,68
37022;Aldeaseca de la Frontera;6,67;34,9;2,88;2,13;15849,0;22,61;56,96;3,91;37,11;20,62;37,11;17,2;66,67;23,61;20,17;21,03;9,62;71,21;44,64
37023;Aldeatejada;23,47;8,98;5,06;1,63;20695,0;31,91;57,45;7,67;15,3;1,83;14,86;48,14;45,86;6,74;19,74;52,23;7,16;74,04;72,88
37024;Aldeavieja de Tormes;9,6;26,2;4,0;0,47;18191,0;31,11;54,44;3,33;25,0;2,27;56,82;21,43;64,29;23,66;13,98;12,9;10,64;64,62;51,65
37025;Aldehuela de la Bóveda;7,8;27,64;3,09;0,8;21221,0;32,13;56,22;5,62;26,09;20,18;11,4;26,67;60,95;15,02;20,95;28,85;7,81;71,52;51,2
37026;Aldehuela de Yeltes;5,26;47,77;5,71;0,47;13920,0;33,33;48,21;5,95;32,14;28,57;17,86;16,67;59,26;16,96;18,13;19,3;20,0;67,53;38,24
37027;Almenara de Tormes;12,47;20,2;9,67;0,8;20127,0;33,95;51,29;9,96;16,67;8,33;22,22;28,26;54,35;12,19;17,56;35,84;5,0;74,15;58,39
37028;Almendra;5,12;44,19;4,65;0,7;15352,0;28,8;42,4;11,2;26,32;10,53;2,63;18,42;73,68;34,13;16,67;15,87;12,24;71,67;39,2
37029;Anaya de Alba;6,7;35,92;2,62;1,87;14570,0;39,31;46,24;5,2;28,99;21,74;23,19;17,65;66,18;28,41;14,2;21,59;16,67;66,67;48,0
37030;Añover de Tormes;5,48;35,95;0,0;0,0;19857,0;32,94;52,94;3,53;30,56;30,56;16,67;20,59;64,71;30,68;17,05;26,14;14,63;70,0;48,24
37031;Arabayona de Mógica;6,79;30,69;2,52;1,14;19328,0;37,42;48,68;1,66;44,67;32,0;20,0;21,17;69,34;8,85;13,77;20,66;4,46;78,12;51,48
37032;Arapiles;18,32;19,95;4,95;2,02;15297,0;30,96;52,51;10,7;16,31;4,62;23,38;22,33;68,87;14,08;20,8;28,32;12,73;71,37;60,81
37033;Arcediano;4,94;19,33;15,73;0,0;19484,0;45,56;35,56;10,0;25,53;14,89;17,02;25,58;62,79;15,22;23,91;40,22;18,87;64,18;58,24
37034;Arco, El;10,12;28,0;12,94;1,4;19857,0;33,73;43,37;10,84;19,05;11,9;30,95;20,51;69,23;9,41;23,53;27,06;13,64;79,17;52,38
37035;Armenteros;3,52;34,72;15,72;0,41;15701,0;43,03;39,39;4,85;32,86;18,57;24,29;21,74;57,97;20,34;18,08;25,42;8,75;76,84;45,2
37036;San Miguel del Robledo;5,0;42,31;0,0;0,0;16335,0;39,53;46,51;2,33;15,0;10,0;25,0;15,79;52,63;27,91;13,95;20,93;15,0;65,38;46,51
37037;Atalaya, La;8,04;38,24;0,0;0,64;14773,0;30,11;54,84;0,0;35,71;19,05;28,57;17,07;70,73;33,33;8,6;16,13;10,42;86,0;51,61
37038;Babilafuente;16,51;19,61;6,43;1,57;14634,0;34,41;50,52;5,41;20,15;8,73;23,94;19,9;64,86;18,31;17,31;24,41;10,02;70,81;59,14
37039;Bañobárez;6,21;36,61;6,86;0,64;13563,0;34,25;48,03;3,15;29,09;32,73;18,18;14,29;70,48;27,82;14,29;23,31;6,84;68,99;44,49
37040;Barbadillo;6,48;28,2;2,78;1,68;13991,0;30,13;53,6;5,87;17,47;7,23;25,9;16,35;64,78;19,1;18,57;16,18;15,59;63,82;49,6
37041;Barbalos;0,0;42,29;4,29;0,0;19167,0;36,62;45,07;9,86;16,67;26,67;13,33;37,93;48,28;26,03;12,33;34,25;0,0;86,11;42,47
37044;Barruecopardo;4,34;38,24;4,63;1,04;19183,0;35,0;49,25;5,25;24,72;10,11;25,84;28,32;60,69;25,43;16,54;25,68;5,82;77,73;46,78
37046;Béjar;12,42;28,69;9,11;1,12;14889,0;32,33;49,2;7,29;19,06;1,68;26,19;27,5;59,61;17,95;18,72;27,41;15,14;60,35;46,66
37047;Beleña;11,15;51,22;19,85;1,12;11935,0;42,47;26,03;6,85;22,0;6,0;18,0;24,49;57,14;50,0;12,07;13,79;19,05;53,12;27,51
37049;Bermellar;4,43;45,04;4,58;0,41;20258,0;36,8;43,2;6,4;33,33;23,81;16,67;22,5;70,0;28,57;19,84;29,37;12,5;65,62;38,1
37050;Berrocal de Huebra;4,8;48,0;0,0;0,88;19167,0;30,99;57,75;4,23;38,71;35,48;3,23;29,03;64,52;15,49;18,31;36,62;6,25;88,24;45,07
37051;Berrocal de Salvatierra;0,0;37,84;0,0;0,0;18191,0;28,99;52,17;1,45;28,57;17,14;31,43;24,24;60,61;5,8;17,39;23,19;8,33;75,0;52,17
37052;Boada;9,88;32,36;2,32;0,78;16695,0;26,78;57,32;3,35;27,68;23,21;21,43;21,82;66,36;18,7;17,89;17,89;6,78;74,83;48,16
37054;Bodón, El;7,77;40,97;5,26;0,97;13280,0;30,57;55,46;2,62;41,77;20,25;29,11;15,79;72,37;29,18;15,88;19,31;10,64;67,2;40,87
37055;Bogajo;5,08;30,98;7,38;0,44;10869,0;52,14;34,19;5,13;48,15;38,89;12,96;11,32;79,25;22,95;19,67;20,49;8,62;73,61;47,54
37056;Bouza, La;24,9;27,35;22,45;0,7;13856,0;13,89;77,78;0,0;33,33;22,22;11,11;22,22;66,67;43,59;17,95;15,38;23,08;43,48;34,21
37057;Bóveda del Río Almar;8,56;33,48;2,14;0,84;13587,0;39,23;45,86;2,76;39,19;29,73;28,38;15,49;66,2;29,73;18,38;18,38;7,06;71,82;46,2
37058;Brincones;1,07;46,43;7,14;0,0;16432,0;37,93;50,0;1,72;40,0;30,0;20,0;33,33;55,56;23,73;5,08;18,64;25,0;75,0;47,46
37059;Buenamadre;8,26;35,6;1,83;0,82;16639,0;33,01;51,46;3,88;30,61;16,33;10,2;16,67;75,0;19,23;18,27;27,88;9,8;73,02;49,51
37060;Buenavista;11,22;18,59;21,68;0,93;20222,0;33,33;54,25;8,17;21,97;5,78;17,34;35,93;51,5;11,48;22,96;39,58;10,87;63,81;55,76
37061;Cabaco, El;8,87;34,26;17,39;1,2;18152,0;26,42;58,55;5,7;21,79;6,41;17,95;27,27;51,95;16,9;24,41;26,29;6,9;62,79;40,85
37062;Cabezabellosa de la Calzada;2,43;32,97;2,7;0,0;19484,0;26,03;53,42;4,11;35,71;4,76;42,86;9,76;78,05;23,29;21,92;23,29;7,5;77,08;54,79
37063;Cabeza de Béjar, La;3,64;36,0;3,64;0,0;16335,0;33,33;52,63;1,75;36,0;20,0;24,0;33,33;66,67;22,81;12,28;35,09;3,7;81,25;47,37
37065;Cabeza del Caballo;3,69;46,31;4,5;0,67;13238,0;36,28;45,58;2,21;53,52;39,44;15,49;8,57;82,86;32,61;12,61;10,87;17,98;70,87;38,86
37067;Cabrerizos;16,81;15,24;6,37;0,91;21540,0;34,3;54,12;7,51;20,04;0,86;12,18;48,33;45,74;7,21;22,75;49,44;8,01;68,73;61,04
37068;Cabrillas;6,33;44,81;1,27;0,58;15438,0;29,47;55,96;2,32;37,61;17,95;20,51;22,12;69,91;24,92;13,59;18,45;13,18;73,68;42,43
37069;Calvarrasa de Abajo;13,41;19,57;8,37;1,06;15710,0;36,83;47,31;8,31;19,0;6,64;20,3;21,76;62,4;15,38;20,11;26,51;10,46;69,78;60,86
37070;Calvarrasa de Arriba;9,92;24,58;4,31;1,24;14214,0;34,65;49,37;6,82;19,07;7,78;28,02;13,82;69,11;20,25;17,43;22,01;15,97;69,03;55,4
37071;Calzada de Béjar, La;10,0;34,5;5,0;0,54;16335,0;27,63;48,68;7,89;33,33;15,15;36,36;25,0;62,5;26,92;14,1;23,08;6,67;65,12;39,47
37072;Calzada de Don Diego;4,5;34,88;6,98;0,54;13149,0;25,98;58,27;3,94;47,92;47,92;16,67;4,88;80,49;21,88;13,28;17,19;3,77;68,92;41,41
37073;Calzada de Valdunciel;13,69;19,83;7,33;1,25;16260,0;33,66;49,51;8,33;21,88;6,38;18,54;24,76;64,95;16,77;19,81;31,31;10,87;69,64;59,07
37074;Campillo de Azaba;1,79;38,48;21,38;0,0;13513,0;30,94;50,36;5,76;41,67;23,33;16,67;15,79;77,19;27,14;9,29;8,57;9,86;80,0;50,71
37077;Campo de Peñaranda, El;5,39;38,67;2,9;0,88;15273,0;29,61;57,08;3,0;32,73;29,36;22,02;11,54;69,23;34,18;14,35;20,68;10,91;75,97;47,01
37078;Candelario;8,39;33,92;4,21;0,94;16815,0;31,19;50,9;7,73;20,71;1,94;28,8;33,11;55,3;19,31;17,03;29,35;13,14;64,96;44,7
37079;Canillas de Abajo;8,25;13,97;1,59;1,56;19484,0;39,06;50,0;3,12;63,16;50,0;10,53;15,15;72,73;15,62;37,5;20,31;4,76;81,63;65,62
37080;Cantagallo;14,89;23,62;3,19;0,86;14153,0;34,55;52,44;5,69;29,37;4,8;36,0;20,8;64,0;9,96;16,33;25,9;8,22;74,86;59,35
37081;Cantalapiedra;9,11;34,77;5,1;0,77;14536,0;36,31;45,35;6,37;27,02;15,84;22,67;23,78;54,72;34,77;14,15;17,75;13,98;67,63;45,88
37082;Cantalpino;11,81;32,58;4,23;1,23;15586,0;33,81;51,56;2,98;26,35;19,43;20,06;15,33;65,67;28,85;17,2;15,4;9,8;69,87;48,53
37083;Cantaracillo;7,55;34,36;2,66;0,78;15201,0;30,29;56,0;7,43;20,0;13,75;30,0;24,68;58,44;16,29;17,98;23,03;3,75;70,64;45,2
37085;Carbajosa de la Sagrada;22,85;7,82;7,22;1,03;19022,0;35,24;54,37;7,52;15,77;1,02;15,69;39,24;51,4;6,23;22,82;44,87;9,35;67,37;69,26
37086;Carpio de Azaba;6,18;28,55;2,73;0,0;14111,0;31,43;59,05;0,95;30,19;21,15;13,46;9,8;68,63;19,81;17,92;20,75;8,62;75,71;54,72
37087;Carrascal de Barregas;22,71;8,94;6,4;1,4;20576,0;30,85;58,78;7,62;15,87;3,57;11,24;43,09;52,12;4,65;24,78;49,66;5,5;75,93;71,94
37088;Carrascal del Obispo;4,26;35,53;6,38;0,0;15516,0;37,43;50,84;3,91;31,94;22,54;19,72;30,43;56,52;17,39;13,59;23,37;8,97;63,96;42,39
37089;Casafranca;2,9;36,52;11,59;1,17;18191,0;25,76;57,58;7,58;40,0;20,0;36,67;35,71;53,57;21,21;12,12;37,88;16,67;67,57;45,45
37090;Casas del Conde, Las;6,03;37,14;11,11;0,0;16335,0;38,33;30,0;16,67;13,33;0,0;20,0;33,33;33,33;26,67;13,33;30,0;19,23;58,33;43,33
37091;Casillas de Flores;4,73;52,9;9,47;0,0;13991,0;23,53;47,71;5,23;50,0;30,77;19,23;7,84;80,39;32,1;12,96;17,9;5,88;71,64;31,68
37092;Castellanos de Moriscos;24,89;7,38;7,91;1,38;15968,0;34,65;51,21;10,98;13,95;1,58;14,58;30,13;60,92;6,31;26,27;42,16;8,51;73,04;75,85
37096;Castillejo de Martín Viejo;8,43;38,68;3,55;1,17;14624,0;28,34;56,15;4,81;38,67;33,33;14,67;23,61;54,17;25,0;16,49;20,21;12,79;78,12;45,74
37098;Cepeda;5,94;40,49;7,69;1,08;13575,0;33,69;47,67;7,17;26,26;3,03;31,31;15,96;67,02;23,96;18,06;15,97;18,75;71,72;44,76
37099;Cereceda de la Sierra;2,91;50,55;5,45;0,0;16335,0;25,0;56,67;3,33;31,25;12,5;37,5;13,33;80,0;36,07;21,31;16,39;21,74;78,26;38,33
37100;Cerezal de Peñahorcada;1,88;54,37;17,19;0,0;16432,0;41,54;33,85;3,08;20,0;20,0;5,0;20,0;75,0;25,37;14,93;25,37;4,76;71,43;31,82
37101;Cerralbo;3,15;60,37;3,7;0,0;14185,0;27,52;52,29;7,34;38,89;30,56;22,22;11,76;76,47;38,74;9,91;9,91;6,06;83,78;30,28
37102;Cerro, El;5,44;43,68;5,22;1,26;14802,0;29,59;46,15;6,51;43,75;18,75;24,11;23,85;60,55;30,03;13,31;15,01;18,46;61,63;37,25
37103;Cespedosa de Tormes;14,37;28,45;7,14;1,5;15026,0;37,32;48,33;3,83;31,63;13,33;33,85;17,46;67,2;21,23;20,78;22,15;7,66;70,96;48,16
37106;Cipérez;5,15;43,35;6,87;0,48;19721,0;28,11;51,15;5,99;38,89;21,11;35,56;24,71;69,41;19,72;16,97;13,3;7,95;70,43;40,37
37107;Ciudad Rodrigo;12,8;28,73;7,57;1,06;14905,0;31,1;51,74;6,74;23,83;5,13;15,0;27,39;62,71;19,86;19,98;26,69;15,07;64,27;49,11
37108;Coca de Alba;9,38;43,96;3,12;1,62;18191,0;29,07;56,98;8,14;43,33;13,33;26,67;41,38;51,72;19,54;11,49;27,59;11,11;76,19;41,38
37109;Colmenar de Montemayor;4,61;38,99;5,06;1,05;13498,0;31,52;53,33;2,42;33,33;19,7;42,42;15,38;67,69;30,36;11,9;14,88;8,06;59,38;36,9
37110;Cordovilla;5,9;35,05;8,57;0,58;15277,0;31,63;57,14;3,06;29,27;19,51;7,32;31,58;55,26;17,82;14,85;30,69;11,11;66,67;45,0
37112;Cristóbal;3,42;42,41;2,53;0,54;16778,0;29,94;54,78;7,01;24,24;12,12;42,42;7,81;78,12;24,68;13,92;13,29;13,33;77,38;47,47
37113;Cubo de Don Sancho, El;6,38;31,9;2,41;0,4;14808,0;34,37;55,21;0,85;34,32;26,63;25,44;21,74;67,08;22,69;19,61;20,45;9,66;71,3;49,44
37114;Chagarcía Medianero;3,82;36,47;14,71;2,8;18191,0;31,88;52,17;2,9;42,86;40,0;22,86;11,76;67,65;28,57;10,0;20,0;16,13;68,42;44,29
37115;Dios le Guarde;2,07;44,14;8,62;0,0;11847,0;30,51;55,08;1,69;31,71;24,39;29,27;15,0;72,5;26,45;13,22;15,7;4,08;75,81;40,5
37116;Doñinos de Ledesma;3,49;30,48;4,76;0,7;19857,0;38,46;52,31;1,54;30,3;18,18;18,18;21,88;68,75;12,31;9,23;41,54;9,68;66,67;47,69
37117;Doñinos de Salamanca;23,45;10,31;4,43;1,24;17280,0;33,67;54,79;8,28;15,18;1,98;16,98;32,08;58,91;6,76;23,35;40,11;9,03;73,2;69,98
37118;Éjeme;6,19;29,35;2,88;0,67;15141,0;34,81;52,59;3,7;19,35;24,59;16,39;8,93;73,21;25,93;17,78;17,04;9,86;73,56;52,59
37119;Encina, La;1,91;47,66;1,06;0,0;13856,0;38,54;48,96;1,04;23,08;23,08;3,85;36,0;52,0;23,23;16,16;18,18;16,67;65,22;37,11
37120;Encina de San Silvestre;8,55;30,73;3,64;0,82;16575,0;21,21;67,68;4,04;17,39;10,87;17,39;29,55;63,64;6,8;11,65;27,18;13,46;70,31;51,49
37121;Encinas de Abajo;14,6;24,13;2,6;1,85;15070,0;32,03;55,31;4,47;20,15;16,48;15,02;22,39;57,92;16,97;17,71;23,25;11,76;74,18;56,88
37122;Encinas de Arriba;10,76;23,23;1,35;0,45;13965,0;38,83;50,49;2,91;18,92;17,12;35,14;19,63;66,36;14,49;18,36;25,12;5,98;74,32;56,8
37123;Encinasola de los Comendadores;0,68;59,73;0,68;0,0;14130,0;38,78;42,86;1,36;32,61;34,78;21,74;11,11;80,0;34,69;14,97;16,33;8,16;88,24;33,33
37124;Endrinal;3,38;35,22;3,48;0,58;16173,0;39,29;43,88;4,59;38,14;22,68;34,02;12,9;76,34;20,3;14,72;23,86;5,83;83,62;52,28
37125;Escurial de la Sierra;2,48;38,55;2,56;0,25;15189,0;33,62;53,62;4,68;26,0;13,0;17,0;24,73;59,14;23,53;17,23;29,41;9,91;76,34;46,64
37127;Espeja;6,7;35,28;8,49;0,64;12521,0;27,92;54,31;4,57;37,18;28,21;24,36;12,0;70,67;22,89;14,93;18,41;18,09;63,11;47,24
37128;Espino de la Orbada;10,0;38,03;2,87;0,75;17263,0;31,08;53,15;5,41;30,3;17,17;22,22;21,28;62,77;26,11;11,06;22,12;7,02;85,48;51,12
37129;Florida de Liébana;4,53;32,06;4,45;1,51;22466,0;31,49;51,49;7,66;22,69;10,92;10,08;35,65;51,3;14,77;17,72;40,08;12,59;80,27;56,96
37130;Forfoleda;6,67;38,45;6,28;0,0;19375,0;37,7;49,21;4,19;25,0;23,81;19,05;36,71;59,49;21,76;19,69;39,38;4,3;78,07;48,69
37131;Frades de la Sierra;1,96;38,53;3,07;1,08;19174,0;27,88;58,18;6,06;31,25;17,5;32,5;26,67;64,0;24,1;14,46;25,9;8,14;83,16;51,81
37132;Fregeneda, La;5,34;47,5;5,41;0,75;14793,0;27,62;55,24;2,45;18,0;3,0;25,0;18,75;65,62;34,71;9,97;15,81;13,91;73,88;39,66
37133;Fresnedoso;4,47;38,09;2,13;0,64;16335,0;22,83;64,13;6,52;34,29;14,29;40,0;23,53;61,76;28,42;9,47;20,0;15,79;64,0;40,86
37134;Fresno Alhándiga;9,95;27,15;5,7;2,17;16247,0;32,37;48,55;6,94;27,91;12,79;29,07;14,46;69,88;20,57;26,86;16,57;12,9;69,23;53,14
37135;Fuente de San Esteban, La;11,29;31,02;6,86;1,04;15509,0;31,45;53,22;5,75;28,98;12,12;17,42;25,64;63,12;19,66;19,66;24,27;13,12;68,83;50,56
37136;Fuenteguinaldo;10,49;39,81;8,03;1,42;13664,0;27,84;52,41;5,5;37,27;16,82;15,45;24,4;66,51;24,45;15,68;23,1;17,36;71,57;44,99
37137;Fuenteliante;4,19;41,63;12,79;0,54;16432,0;46,34;32,93;2,44;61,11;66,67;2,78;17,14;74,29;27,38;21,43;26,19;2,78;76,09;42,86
37138;Fuenterroble de Salvatierra;14,16;20,7;7,78;1,62;13348,0;42,86;46,54;6,91;21,67;8,33;46,67;16,38;64,66;8,44;18,22;19,56;10,53;70,83;59,64
37139;Fuentes de Béjar;13,78;22,1;13,03;1,37;16526,0;32,18;52,97;8,42;33,0;6,0;42,0;25,0;65,62;15,02;20,66;35,68;8,47;72,48;55,92
37140;Fuentes de Oñoro;8,6;26,35;44,12;0,72;19879,0;31,76;53,01;7,2;23,15;4,93;8,62;19,9;72,04;25,82;19,79;17,35;11,24;58,7;44,52
37141;Gajates;5,33;39,56;0,0;0,58;18345,0;38,97;48,53;5,15;25,86;20,69;18,97;31,58;57,89;21,74;9,42;34,78;4,55;84,0;48,53
37142;Galindo y Perahuy;14,98;21,53;6,1;0,58;21613,0;29,76;58,37;7,48;20,26;5,23;13,4;40,14;51,36;6,31;20,82;45,27;7,39;70,26;56,5
37143;Galinduste;9,48;29,83;2,74;0,71;15090,0;31,78;52,33;3,84;20,3;13,64;33,33;17,97;66,41;22,37;16,17;19,14;11,76;62,24;45,82
37144;Galisancho;8,42;36,47;2,48;0,48;15557,0;33,88;46,38;5,26;24,62;20,16;29,46;11,76;68,91;22,3;12,46;14,1;7,59;79,29;47,7
37145;Gallegos de Argañán;9,85;39,77;8,85;0,93;16388,0;26,69;52,54;5,51;23,47;21,65;25,77;13,68;69,47;24,79;14,05;16,12;7,34;78,29;45,42
37146;Gallegos de Solmirón;7,89;39,27;4,59;1,91;15576,0;24,75;54,46;9,9;36,36;13,64;25,0;27,91;58,14;24,04;11,54;31,73;10,64;72,41;45,63
37147;Garcibuey;5,7;40,86;5,38;1,62;14591,0;33,16;47,37;4,21;35,38;16,92;36,92;18,03;67,21;29,23;13,33;14,87;17,65;70,71;44,27
37148;Garcihernández;5,87;27,38;4,85;0,63;13951,0;38,23;48,1;3,29;36,79;28,12;27,6;15,05;75,27;18,55;16,54;20,8;5,26;73,06;52,64
37149;Garcirrey;0,0;48,85;1,92;0,0;19167,0;30,19;54,72;5,66;43,33;50,0;0,0;40,0;53,33;16,67;11,11;48,15;0,0;112,0;51,85
37151;Golpejas;4,43;37,14;3,57;0,7;15478,0;35,04;51,09;3,65;32,31;16,92;26,15;19,3;66,67;20,29;16,67;20,29;10,29;79,22;49,64
37152;Gomecello;9,69;27,7;2,42;1,12;17678,0;30,24;53,58;7,16;16,84;7,37;20,53;28,02;50,55;19,84;17,49;27,15;12,32;72,55;55,53
37154;Guadramiro;11,33;37,83;0,0;3,11;20247,0;29,46;53,57;4,46;33,33;31,25;22,92;6,38;72,34;25,0;13,39;16,07;6,12;82,14;43,75
37155;Guijo de Ávila;8,29;26,1;15,85;0,5;18191,0;47,89;36,62;7,04;29,03;16,13;29,03;20,0;70,0;4,05;25,68;28,38;20,0;59,26;55,56
37156;Guijuelo;16,49;16,24;13,42;1,37;16990,0;34,89;53,08;5,85;21,11;3,1;49,5;22,57;60,76;18,75;19,78;23,5;7,9;69,22;59,46
37157;Herguijuela de Ciudad Rodrigo;0,0;39,38;0,0;0,0;13856,0;40,58;40,58;4,35;39,39;30,3;15,15;12,9;80,65;26,09;11,59;21,74;5,71;89,19;50,72
37158;Herguijuela de la Sierra;4,41;39,82;2,25;0,52;17586,0;36,41;45,16;7,37;25,81;6,59;23,08;31,11;53,33;18,26;13,7;30,14;9,38;73,73;44,04
37159;Herguijuela del Campo;3,33;48,0;1,67;1,17;16335,0;26,67;46,67;8,33;35,71;25,0;17,86;28,57;64,29;15,0;18,33;26,67;0,0;96,43;45,0
37160;Hinojosa de Duero;4,99;38,72;3,92;0,49;16005,0;31,42;52,5;3,88;41,75;19,42;21,84;23,0;71,0;26,99;17,21;25,54;13,39;64,03;40,73
37161;Horcajo de Montemayor;10,28;34,58;9,35;3,82;12497,0;33,7;52,17;1,09;38,46;23,08;41,03;13,16;76,32;23,16;16,84;12,63;10,26;63,64;41,05
37162;Horcajo Medianero;3,84;36,46;3,54;0,0;14185,0;38,81;38,81;6,97;39,78;23,66;21,51;21,35;68,54;20,1;12,75;19,12;14,42;76,07;51,23
37164;Huerta;17,68;17,54;6,67;1,3;18041,0;41,74;46,28;5,37;24,49;15,65;19,05;30,6;58,21;10,16;23,17;32,93;7,59;76,84;65,29
37166;Ituero de Azaba;3,28;50,58;5,82;1,17;15067,0;23,08;51,28;6,15;40,35;28,07;29,82;14,55;74,55;42,13;10,66;11,17;11,11;64,37;32,14
37167;Juzbado;12,74;20,56;1,68;0,97;21436,0;31,48;59,26;4,32;20,93;4,65;32,56;39,76;46,99;10,98;10,98;41,46;3,41;72,03;53,99
37168;Lagunilla;7,48;38,23;11,27;1,4;13487,0;31,78;54,01;4,13;38,19;15,28;29,17;19,42;64,03;23,88;13,93;13,18;15,12;67,59;42,79
37169;Larrodrigo;3,28;35,93;1,69;1,0;14117,0;26,11;54,44;7,22;23,19;14,49;28,99;20,9;65,67;17,03;24,73;12,09;17,07;66,02;45,3
37170;Ledesma;11,2;27,94;7,81;0,96;15499,0;32,96;50,87;5,79;20,34;12,37;20,17;20,42;64,96;16,32;17,69;20,67;10,38;67,19;48,61
37171;Ledrada;10,86;27,59;12,16;0,58;19028,0;34,31;53,19;3,43;37,23;6,38;46,28;30,43;58,7;22,3;19,72;24,18;7,58;67,01;50,24
37172;Linares de Riofrío;8,44;31,4;6,26;1,59;16925,0;31,71;50,71;5,46;31,52;7,07;23,91;27,53;62,36;25,7;17,67;24,07;11,01;70,9;49,77
37173;Lumbrales;10,21;35,4;7,77;1,19;14596,0;33,06;51,16;4,19;35,77;12,65;20,95;24,3;68,47;24,26;16,87;23,47;9,41;67,46;42,93
37174;Macotera;5,41;37,62;1,98;0,7;16845,0;34,55;49,11;4,5;26,32;15,29;18,05;27,57;56,76;28,75;14,99;25,56;11,78;72,45;46,44
37175;Machacón;9,12;28,22;4,06;1,34;15729,0;32,85;52,07;4,62;25,12;15,46;20,77;17,68;68,18;19,9;18,94;23,98;11,59;73,31;56,14
37176;Madroñal;3,44;38,91;4,69;0,0;15750,0;25,19;54,2;6,11;16,67;7,41;35,19;21,15;57,69;28,24;22,14;18,32;18,18;63,38;41,98
37177;Maíllo, El;6,76;36,58;5,34;1,3;14805,0;31,44;50,38;5,68;28,21;12,82;21,37;26,36;63,64;27,14;17,47;17,84;11,29;69,18;46,97
37179;Mancera de Abajo;5,0;43,96;3,12;1,84;16875,0;35,39;49,44;5,06;32,47;11,69;24,68;27,4;54,79;22,75;19,58;24,87;6,25;82,42;42,33
37180;Manzano, El;3,7;45,93;12,96;0,0;16432,0;42,86;33,93;10,71;29,41;17,65;23,53;18,75;56,25;29,31;22,41;17,24;12,5;80,77;41,38
37181;Martiago;4,62;45,82;2,39;0,61;17221,0;32,77;44,12;5,04;38,46;21,79;8,97;31,08;59,46;30,99;16,94;22,73;6,98;66,12;35,98
37182;Martinamor;7,91;12,97;8,79;1,87;18191,0;35,53;52,63;5,26;30,0;12,0;20,0;30,43;60,87;10,26;17,95;29,49;7,27;70,83;71,43
37183;Martín de Yeltes;6,01;35,87;4,44;0,68;14533,0;37,36;47,25;3,85;26,54;14,29;23,6;22,08;69,48;23,29;15,62;20,27;15,14;74,76;50,68
37184;Masueco;2,0;50,83;2,08;0,47;18296,0;31,15;45,9;4,1;29,89;6,9;25,29;15,85;70,73;30,08;10,16;17,89;9,09;74,77;35,92
37185;Castellanos de Villiquera;13,2;27,68;6,19;1,09;19521,0;29,97;50,81;9,12;19,38;4,69;18,12;34,19;57,42;12,26;22,9;34,52;8,66;76,76;58,02
37186;Mata de Ledesma, La;2,65;37,14;6,12;0,0;20956,0;39,58;48,96;4,17;28,26;26,09;13,04;32,61;60,87;11,22;13,27;47,96;8,51;76,79;47,96
37187;Matilla de los Caños del Río;13,97;22,64;2,47;1,08;12447,0;30,48;58,74;2,79;23,25;17,71;22,88;15,77;63,46;17,7;16,97;16,42;16,56;69,9;58,82
37188;Maya, La;5,15;31,9;4,91;0,39;17609,0;34,44;48,34;3,97;23,19;11,59;34,78;22,39;61,19;25,49;21,57;26,8;2,63;74,75;50,0
37189;Membribe de la Sierra;3,17;40,79;1,98;0,0;19072,0;27,45;61,76;7,84;22,73;15,91;18,18;23,81;71,43;14,71;27,45;16,67;6,0;85,45;49,02
37190;Mieza;0,94;60,0;2,94;0,0;17361,0;23,12;57,8;2,89;41,86;18,6;9,3;25,58;62,79;37,71;14,86;18,29;6,12;75,41;28,16
37191;Milano, El;5,45;47,05;2,27;2,0;16432,0;45,24;38,1;2,38;40,74;37,04;11,11;11,54;76,92;35,29;10,59;14,12;10,71;62,5;33,33
37192;Miranda de Azán;15,9;18,44;4,68;1,0;16192,0;37,4;45,36;11,94;20,93;5,12;22,33;25,37;61,95;12,57;19,63;28,53;12,76;71,86;63,78
37193;Miranda del Castañar;5,32;34,24;4,43;0,34;14155,0;31,65;51,26;5,32;36,13;6,49;37,01;14,29;72,79;23,97;20,11;16,8;11,38;69,48;46,39
37194;Mogarraz;7,78;35,04;16,24;0,35;17998,0;34,96;48,67;6,19;27,27;3,03;28,28;29,35;53,26;30,96;17,15;21,76;9,48;79,55;48,74
37196;Monforte de la Sierra;0,0;55,2;8,0;0,0;16335,0;12,96;62,96;7,41;29,41;5,88;23,53;29,41;58,82;35,19;20,37;18,52;6,25;75,0;29,63
37197;Monleón;8,54;45,62;2,25;1,91;16335,0;32,53;56,63;1,2;50,0;23,53;20,59;21,21;69,7;19,28;22,89;25,3;5,41;89,74;44,58
37198;Monleras;11,54;22,99;9,54;1,62;15716,0;38,97;47,89;3,76;21,93;16,67;15,79;23,64;63,64;12,0;20,89;34,67;6,3;75,8;57,21
37199;Monsagro;5,12;29,92;3,1;0,0;16555,0;31,93;50,42;7,56;25,45;9,09;34,55;17,31;67,31;12,4;19,01;30,58;13,24;71,95;56,2
37200;Montejo;8,3;24,04;4,79;0,47;16567,0;38,89;41,67;8,89;23,71;13,4;37,11;23,08;65,93;15,05;31,72;22,58;10,0;71,43;54,05
37201;Montemayor del Río;7,27;42,61;4,9;1,33;15804,0;25,85;54,66;8,9;42,86;5,49;38,46;28,41;59,09;23,77;15,16;18,44;10,78;78,45;42,32
37202;Monterrubio de Armuña;18,75;11,14;4,38;0,94;18994,0;32,88;56,28;7,23;17,85;0,31;13,23;45,5;47,91;4,39;25,29;49,78;9,04;68,6;65,77
37203;Monterrubio de la Sierra;3,47;33,2;10,0;0,0;21680,0;32,12;49,64;7,3;20,31;23,44;9,38;22,95;62,3;25,34;13,7;24,66;12,86;65,59;48,28
37204;Morasverdes;5,41;42,92;7,3;0,54;15335,0;33,33;46,22;6,22;25,88;23,53;22,35;24,71;58,82;24,78;18,58;15,49;11,58;73,68;42,04
37205;Morille;6,28;31,84;6,28;0,27;23143,0;31,9;50,95;5,71;18,95;4,21;18,95;36,26;46,15;14,08;21,6;42,72;9,82;77,1;52,58
37206;Moríñigo;4,89;27,23;6,38;0,0;19484,0;32,53;48,19;6,02;29,55;15,91;15,91;16,67;61,9;20,24;19,05;21,43;8,89;68,33;53,57
37207;Moriscos;23,31;8,9;7,93;2,04;16255,0;36,57;48,98;12,42;12,2;3,73;17,29;23,79;64,83;4,45;34,3;36,97;10,06;76,77;75,78
37208;Moronta;2,97;46,76;6,76;0,0;16432,0;38,67;50,67;0,0;62,07;62,07;3,45;10,71;85,71;26,32;30,26;17,11;3,23;83,33;40,79
37209;Mozárbez;11,99;20,12;10,83;0,67;15779,0;38,84;50,0;4,69;20,96;6,55;24,89;21,17;60,36;13,49;21,63;22,91;13,64;64,77;57,39
37211;Narros de Matalayegua;3,53;43,1;2,14;1,0;18625,0;31,77;49,48;5,73;45,26;35,79;11,58;26,67;57,78;16,92;15,9;30,77;4,17;92,93;49,74
37212;Navacarros;10,14;27,86;7,86;0,64;17645,0;29,66;55,93;9,32;30,51;5,08;33,9;35,09;54,39;9,02;21,31;36,07;6,45;70,73;51,24
37213;Nava de Béjar;1,64;33,97;6,85;0,0;18191,0;35,62;54,79;2,74;23,53;14,71;32,35;23,53;64,71;23,29;19,18;17,81;8,82;68,89;46,58
37214;Nava de Francia;4,52;42,09;13,91;0,0;17643,0;31,86;50,44;2,65;23,26;0,0;23,26;17,95;58,97;19,3;18,42;23,68;20,45;59,32;38,6
37215;Nava de Sotrobal;4,49;34,01;3,4;0,39;15076,0;37,24;46,21;7,59;21,67;13,33;15,0;32,08;50,94;26,53;23,13;17,01;16,9;67,05;48,63
37216;Navales;8,88;38,53;0,96;1,47;13917,0;33,91;56,75;2,42;44,83;25,0;26,72;19,44;75,93;19,24;9,62;23,02;11,03;75,16;46,9
37217;Navalmoral de Béjar;9,52;40,63;0,0;0,88;16335,0;33,96;39,62;7,55;23,53;5,88;11,76;35,29;52,94;30,19;18,87;22,64;4,76;68,97;39,62
37219;Navarredonda de la Rinconada;3,79;43,14;3,27;0,41;18781,0;35,14;45,27;4,73;12,28;5,26;36,84;23,64;58,18;23,65;11,49;15,54;6,9;70,13;39,19
37221;Navasfrías;6,92;39,78;8,52;0,72;12985,0;26,73;51,65;9,01;41,23;17,54;21,05;14,16;70,8;31,69;13,95;14,24;16,43;62,57;40,94
37222;Negrilla de Palencia;5,13;26,92;2,56;0,7;19484,0;31,94;52,78;8,33;36,36;6,82;13,64;32,56;62,79;9,72;26,39;38,89;4,17;90,2;66,67
37223;Olmedo de Camaces;2,99;45,98;3,45;1,0;16432,0;35,16;47,25;6,59;27,78;30,56;13,89;31,43;57,14;29,35;15,22;23,91;5,41;81,4;40,22
37224;Orbada, La;3,28;41,47;2,26;0,32;17806,0;29,21;60,67;2,81;46,58;39,73;6,85;27,94;67,65;14,61;15,73;33,71;10,26;74,47;43,82
37225;Pajares de la Laguna;8,65;33,87;4,5;1,08;18896,0;35,58;50,0;5,77;33,33;14,58;14,58;20,0;73,33;15,74;21,3;30,56;5,45;80,0;51,89
37226;Palacios del Arzobispo;4,76;42,52;4,2;0,44;15325,0;34,93;51,37;2,74;41,67;30,0;11,67;14,81;77,78;25,17;14,29;27,21;10,0;87,5;47,62
37228;Palaciosrubios;2,69;41,34;3,18;0,41;13744,0;32,07;54,14;2,41;35,29;30,25;10,08;17,92;53,77;25,77;13,75;14,09;11,81;76,19;43,64
37229;Palencia de Negrilla;8,94;30,5;2,84;0,58;17866,0;30,16;52,38;4,76;45,45;24,62;16,92;25,0;66,67;22,48;18,6;20,93;13,04;68,97;54,33
37230;Parada de Arriba;12,8;21,29;7,2;0,67;15183,0;32,77;50,0;5,88;25,86;8,62;19,83;25,45;69,09;17,41;19,84;29,55;10,79;70,86;57,68
37231;Parada de Rubiales;7,43;36,12;5,49;1,0;16065,0;30,8;50,45;6,7;28,57;14,29;9,89;36,36;57,95;25,0;17,11;27,19;10,31;66,41;42,73
37232;Paradinas de San Juan;4,3;37,06;1,05;0,43;15586,0;34,96;52,85;2,98;26,14;22,16;26,14;22,84;66,05;24,4;18,5;21,18;8,38;81,78;51,48
37234;Payo, El;5,83;48,41;10,6;1,31;17387,0;27,34;50,52;4,84;30,93;13,4;25,77;21,28;65,96;35,23;9,06;15,44;11,76;69,77;34,34
37235;Pedraza de Alba;8,11;28,2;2,76;1,31;13150,0;30,35;54,23;5,47;33,72;33,72;26,74;16,47;65,88;25,0;14,71;14,22;16,51;67,91;53,43
37236;Pedrosillo de Alba;5,04;41,79;7,32;1,17;15288,0;29,31;50,86;3,45;32,65;36,73;12,24;11,63;79,07;16,81;11,76;14,29;4,0;76,19;42,02
37237;Pedrosillo de los Aires;9,59;27,75;6,03;0,4;14516,0;33,93;51,79;5,36;23,94;21,13;35,92;10,53;66,17;26,24;15,6;12,41;11,56;67,71;52,13
37238;Pedrosillo el Ralo;11,43;17,82;10,88;0,88;21193,0;30,51;63,56;3,39;29,51;4,92;21,31;35,59;55,93;7,14;27,78;37,3;5,71;62,26;56,91
37239;Pedroso de la Armuña, El;2,18;34,85;3,47;0,26;21080,0;37,02;49,04;3,85;26,88;16,13;11,83;29,89;52,87;15,38;18,27;31,25;12,62;73,77;49,52
37240;Pelabravo;17,18;14,64;6,24;1,53;17155,0;33,48;53,71;6,54;18,41;4,13;19,52;31,02;57,26;11,83;21,94;37,79;11,53;67,55;64,93
37241;Pelarrodríguez;4,22;31,18;0,62;0,67;16653,0;40,52;49,67;1,96;26,15;27,69;29,23;14,29;71,43;18,83;12,99;11,69;20,0;65,98;52,29
37242;Pelayos;2,22;51,67;5,56;0,88;18191,0;31,43;55,71;7,14;33,33;23,81;23,81;28,57;57,14;19,72;22,54;21,13;4,17;74,19;33,8
37243;Peña, La;0,0;48,99;0,0;0,0;16432,0;40,0;48,57;0,0;45,16;38,71;16,13;23,33;70,0;27,14;10,0;21,43;12,9;84,38;44,29
37244;Peñacaballera;13,83;27,65;4,03;1,88;14847,0;29,63;53,33;4,44;22,41;3,45;25,86;24,14;63,79;14,71;19,85;31,62;14,29;69,77;51,47
37245;Peñaparda;3,64;49,36;12,12;0,61;12144,0;26,67;54,74;4,91;33,72;15,12;18,6;15,48;65,48;42,03;9,15;9,83;21,57;57,97;34,93
37246;Peñaranda de Bracamonte;14,21;23,49;8,1;1,06;13895,0;31,5;54,38;5,7;21,43;4,13;28,96;26,02;62,84;20,17;19,3;24,37;11,46;65,7;53,08
37247;Peñarandilla;4,33;34,85;2,92;0,27;16875,0;33,33;51,46;4,09;40,24;34,15;19,51;19,74;69,74;21,84;15,52;20,11;7,32;79,17;47,4
37248;Peralejos de Abajo;9,4;28,45;19,64;1,0;15970,0;30,61;56,46;3,4;23,44;15,62;21,88;22,58;69,35;14,11;19,02;24,54;10,0;62,38;42,94
37250;Pereña de la Ribera;3,4;44,33;1,67;0,5;16002,0;30,03;48,18;5,61;23,68;8,77;28,95;16,36;70,0;28,34;15,31;16,61;9,17;73,15;39,34
37251;Peromingo;9,75;20,0;0,83;0,88;14700,0;28,04;62,62;3,74;29,03;19,35;37,1;18,33;71,67;11,11;13,89;28,7;4,48;76,19;62,62
37252;Pinedas;1,82;57,5;2,27;0,0;16335,0;30,43;54,35;3,26;47,06;29,41;29,41;3,12;78,12;48,91;9,78;5,43;0,0;88,24;32,61
37253;Pino de Tormes, El;9,39;23,95;4,08;0,33;19018,0;37,23;53,28;5,11;20,51;16,67;24,36;24,0;62,67;11,43;19,29;29,29;10,0;72,0;57,55
37254;Pitiegua;7,05;34,91;6,36;1,87;14761,0;22,81;65,5;3,51;31,08;21,62;20,27;14,08;74,65;17,92;12,72;18,5;11,76;78,12;49,42
37255;Pizarral;6,87;15,22;22,39;0,0;18191,0;31,03;50,0;6,9;28,57;28,57;37,14;26,47;70,59;11,48;22,95;26,23;2,78;70,0;59,02
37256;Poveda de las Cintas;6,63;39,69;6,63;2,33;12429,0;32,28;47,62;4,76;40,26;25,0;23,68;15,94;71,01;34,21;15,26;11,58;6,41;72,28;41,05
37258;Puebla de Azaba;5,79;42,9;22,76;1,08;14164,0;35,34;45,11;4,51;43,18;40,91;6,82;19,05;61,9;36,69;23,74;10,79;18,18;62,5;39,57
37260;Puebla de Yeltes;9,19;41,33;2,22;0,37;13765,0;33,59;50,38;3,82;36,59;24,39;19,51;18,42;71,05;17,56;17,56;22,14;8,33;66,67;36,64
37261;Puente del Congosto;7,23;34,04;3,83;1,27;17416,0;37,67;40,93;8,84;32,56;10,47;32,56;22,89;65,06;26,85;18,52;28,7;11,7;61,03;43,72
37262;Puertas;10,0;43,03;0,0;2,33;16432,0;41,67;51,67;1,67;58,62;55,17;10,34;10,71;82,14;5,0;15,0;23,33;3,23;107,14;51,67
37263;Puerto de Béjar;7,52;41,22;1,75;1,05;14812,0;33,85;42,46;5,54;27,27;3,64;25,45;22,33;59,22;24,55;13,17;21,26;9,52;67,46;38,3
37264;Puerto Seguro;3,85;44,62;1,92;0,0;13856,0;34,62;42,31;13,46;41,67;33,33;0,0;8,33;91,67;28,3;22,64;7,55;33,33;50,0;33,96
37265;Rágama;2,96;37,14;3,06;0,67;15570,0;36,36;48,66;1,6;31,71;21,95;18,29;29,33;57,33;20,21;13,99;30,05;15,79;71,43;49,74
37266;Redonda, La;5,25;30,82;3,28;2,8;16432,0;40,32;50,0;1,61;18,18;22,73;4,55;19,05;71,43;14,29;20,63;26,98;7,41;64,1;42,86
37267;Retortillo;8,02;32,67;4,07;0,82;15373,0;28,48;56,33;2,53;33,93;35,71;25,0;13,73;68,63;17,28;14,81;19,14;16,18;58,76;41,98
37268;Rinconada de la Sierra, La;1,24;45,36;4,12;0,0;16201,0;29,0;63,0;1,0;21,95;12,5;27,5;24,32;56,76;21,0;8,0;16,0;8,11;69,39;37,0
37269;Robleda;9,56;32,83;12,83;1,03;16235,0;35,27;50,48;5,31;41,15;25,0;17,19;23,37;66,3;25,0;14,76;22,38;10,78;71,37;48,69
37270;Robliza de Cojos;6,1;28,13;3,21;0,78;17527,0;31,69;54,64;4,37;34,44;18,89;17,78;27,59;66,67;7,57;27,57;34,05;10,68;78,63;56,28
37271;Rollán;4,94;39,11;3,8;1,21;15468,0;30,82;52,83;4,72;30,08;18,8;33,83;20,97;61,29;27,59;11,29;16,93;10,96;80,75;45,77
37272;Saelices el Chico;20,92;24,83;5,17;1,63;14443,0;28,06;56,12;5,04;23,38;16,88;15,58;12,5;70,83;15,38;17,48;22,38;9,76;77,89;58,57
37273;Sagrada, La;3,25;46,75;3,75;1,0;19167,0;35,0;48,75;3,75;56,67;56,67;3,33;27,59;58,62;22,22;24,69;17,28;3,33;78,38;37,04
37274;Salamanca;13,34;26,37;14,58;1,01;18551,0;36,88;46,05;7,31;14,11;1,22;11,84;41,36;48,3;14,31;19,77;40,79;12,66;62,34;49,1
37275;Saldeana;1,87;62,29;2,08;0,0;16432,0;43,16;31,58;4,21;37,04;22,22;25,93;18,52;70,37;32,99;10,31;19,59;7,41;80,65;28,12
37276;Salmoral;3,4;42,83;5,66;1,4;18062,0;38,89;37,96;3,7;43,18;20,45;20,45;23,26;67,44;40,37;16,51;21,1;6,12;88,46;44,95
37277;Salvatierra de Tormes;4,55;42,12;4,55;2,33;18191,0;22,86;62,86;5,71;40,54;10,81;16,22;44,12;47,06;11,43;21,43;38,57;2,78;109,38;51,43
37278;San Cristóbal de la Cuesta;17,02;9,98;9,35;1,09;17536,0;34,9;50,68;11,08;16,23;1,76;18,87;30,98;58,33;7,0;24,54;38,95;10,88;67,43;67,83
37279;Sancti-Spíritus;9,01;31,02;5,16;1,03;13961,0;36,51;49,48;4,17;30,9;17,01;17,71;15,47;70,14;25,99;15,62;18,83;12,32;71,02;50,15
37280;Sanchón de la Ribera;7,58;36,67;0,0;0,0;16432,0;35,94;40,62;3,12;39,29;35,71;7,14;11,11;70,37;23,44;17,19;10,94;9,38;78,38;50,0
37282;Sanchotello;9,1;33,65;9,0;0,42;13442,0;29,53;49,74;6,74;26,74;6,98;48,84;20,0;71,76;26,0;23,0;15,0;8,25;74,79;48,99
37283;Sando;3,82;35,45;6,36;0,78;18607,0;30,91;52,73;4,55;27,45;39,22;17,65;22,92;58,33;31,53;14,41;19,82;9,8;69,7;45,95
37284;San Esteban de la Sierra;7,03;35,12;5,81;0,97;17661,0;28,74;55,69;5,09;28,38;8,11;22,97;34,48;58,62;22,25;18,21;26,59;16,36;72,63;47,69
37285;San Felices de los Gallegos;5,58;46,54;5,63;0,67;15675,0;29,88;50,91;3,35;33,91;17,39;13,04;16,51;68,81;31,64;14,63;17,91;11,02;68,07;38,02
37286;San Martín del Castañar;3,36;34,48;5,17;0,29;16263,0;31,25;51,79;6,7;23,91;0,0;28,26;29,67;50,55;17,33;20,89;28,0;16,52;69,57;51,11
37287;San Miguel de Valero;11,38;30,35;6,11;1,71;13921,0;32,12;51,09;6,57;42,47;24,66;10,96;16,67;68,12;27,17;18,84;22,46;12,33;73,99;52,9
37288;San Morales;15,61;16,88;5,49;0,98;16912,0;35,33;52,0;6,0;20,12;10,37;17,07;28,48;57,59;10,9;23,08;34,94;8,51;72,57;61,04
37289;San Muñoz;7,17;43,13;12,12;0,26;15104,0;32,62;50,27;3,21;31,58;22,37;17,11;31,51;57,53;27,04;14,29;30,1;9,2;87,78;44,62
37290;San Pedro del Valle;8,47;36,11;8,33;1,11;21985,0;28,03;61,36;5,3;17,19;17,19;21,88;30,65;53,23;11,11;19,26;33,33;11,29;73,33;45,93
37291;San Pedro de Rozados;4,96;30,44;2,19;0,7;16684,0;32,81;49,22;10,16;20,86;17,99;20,14;18,05;64,66;18,08;21,54;22,31;8,84;78,36;57,2
37292;San Pelayo de Guareña;7,13;26,44;4,6;0,64;19857,0;29,07;58,14;6,98;38,89;25,0;25,0;23,53;70,59;10,34;32,18;26,44;5,0;69,09;45,98
37293;Santa María de Sando;3,08;47,03;7,69;0,0;19857,0;26,97;43,82;7,87;21,62;36,11;13,89;11,11;63,89;30,85;13,83;11,7;7,69;81,82;41,94
37294;Santa Marta de Tormes;15,46;17,46;9,53;1,07;18835,0;34,54;52,37;7,69;13,61;1,05;15,62;35,96;52,81;9,26;22,22;40,11;10,93;66,0;58,93
37296;Santiago de la Puebla;3,0;45,57;9,29;0,47;14046,0;31,48;51,85;2,59;32,38;27,62;23,81;8,08;77,78;34,53;20,5;11,87;12,5;72,06;40,43
37297;Santibáñez de Béjar;8,95;26,35;9,84;0,44;15066,0;36,14;49,75;4,46;35,03;6,78;33,33;21,3;68,64;26,57;16,67;21,26;14,55;63,86;51,7
37298;Santibáñez de la Sierra;6,01;43,92;5,59;0,88;13928,0;38,57;43,57;5,0;25,0;13,46;25,0;18,37;69,39;27,86;11,43;15,0;12,07;78,46;41,43
37299;Santiz;6,49;33,69;2,67;0,27;13688,0;34,42;51,63;3,72;44,55;22,77;19,8;13,54;68,75;23,85;17,43;18,81;8,65;72,52;48,15
37300;Santos, Los;9,05;30,32;5,26;0,68;15775,0;32,7;49,62;5,89;36,99;9,8;32,65;17,99;71,97;24,81;14,81;21,48;6,27;75,15;50,94
37301;Sardón de los Frailes;6,87;36,16;9,09;1,4;18664,0;33,33;55,91;2,15;20,93;13,95;13,95;20,93;74,42;12,37;28,87;29,9;12,5;76,36;50,0
37302;Saucelle;5,12;37,27;7,44;0,47;15586,0;37,13;43,88;5,49;22,83;14,29;19,78;22,22;64,44;20,75;17,01;20,33;14,81;68,15;45,0
37303;Sahugo, El;5,96;45,84;2,81;1,08;14649,0;37,43;44,44;3,51;26,47;20,59;22,06;23,08;66,15;29,89;9,77;25,86;15,49;74,07;40,8
37304;Sepulcro-Hilario;6,75;46,36;6,49;0,0;14504,0;35,25;43,88;4,32;37,25;25,49;19,61;22,92;68,75;34,01;14,29;18,37;5,56;73,91;36,99
37305;Sequeros;6,11;36,02;4,63;0,0;15971,0;34,52;48,73;5,58;29,73;8,11;20,27;27,78;54,17;16,16;18,18;29,29;15,0;55,74;40,4
37306;Serradilla del Arroyo;7,7;39,83;5,02;0,25;18899,0;37,44;44,49;3,96;33,73;20,48;21,69;26,32;61,84;26,41;15,58;20,35;7,45;69,05;40,87
37307;Serradilla del Llano;5,33;38,81;0,74;0,0;12396,0;40,0;40,77;4,62;38,78;14,29;28,57;16,67;64,58;22,14;13,74;18,32;16,13;73,24;47,33
37310;Sieteiglesias de Tormes;6,28;57,59;4,19;1,08;18191,0;20,27;47,3;1,35;38,18;20,0;18,18;21,57;68,63;37,66;11,69;12,34;3,51;80,88;37,5
37311;Sobradillo;6,2;42,81;1,75;0,47;17000,0;31,9;51,53;3,07;28,12;14,06;21,88;21,31;65,57;19,76;21,56;20,96;12,12;69,05;40,0
37312;Sorihuela;7,5;31,41;8,98;0,92;16400,0;30,21;53,62;6,38;30,36;2,68;41,07;15,74;68,52;28,33;16,67;23,33;11,86;67,97;49,58
37313;Sotoserrano;4,39;36,37;3,79;0,29;14191,0;32,31;53,58;4,29;30,7;10,23;40,93;23,0;56,0;25,05;13,83;18,44;15,48;75,53;50,91
37314;Tabera de Abajo;12,99;19,18;8,25;0,47;19857,0;43,68;43,68;6,9;23,91;34,78;4,35;39,13;34,78;11,11;18,89;46,67;5,77;68,06;58,43
37315;Tala, La;3,38;36,1;3,9;0,0;18191,0;40,85;43,66;4,23;27,59;17,24;44,83;17,86;60,71;21,62;18,92;16,22;5,41;76,09;50,0
37316;Tamames;8,27;31,94;4,34;0,97;15881,0;36,98;47,51;5,4;33,24;12,06;17,94;25,38;64,65;21,22;17,41;25,44;5,96;75,6;50,48
37317;Tarazona de Guareña;2,61;42,99;0,38;0,0;13815,0;34,47;54,17;2,65;40,59;26,73;28,71;8,79;72,53;24,81;10,15;14,29;15,83;72,14;45,45
37318;Tardáguila;4,77;31,81;1,55;1,17;18686,0;33,16;49,47;4,21;28,89;22,22;12,22;26,44;62,07;13,68;15,79;31,05;6,38;78,57;49,47
37319;Tejado, El;6,02;21,2;7,23;3,0;16335,0;41,03;42,31;6,41;41,86;9,3;16,28;44,19;39,53;25,32;20,25;40,51;8,7;72,41;58,23
37320;Tejeda y Segoyuela;10,1;34,43;17,53;2,33;16335,0;28,57;51,19;8,33;26,67;46,67;6,67;16,67;60,0;26,97;20,22;22,47;12,5;64,81;44,94
37321;Tenebrón;3,36;45,28;4,0;0,0;13209,0;26,32;53,51;6,14;50,0;41,67;4,17;23,91;69,57;31,36;13,56;15,25;0,0;70,49;36,44
37322;Terradillos;16,92;15,13;18,27;1,27;13278,0;35,28;50,69;8,12;10,93;3,03;23,37;17,95;64,18;11,69;22,34;25,51;15,54;59,15;58,38
37323;Topas;11,74;26,53;3,47;1,75;15841,0;32,17;54,57;4,35;34,93;19,65;31,0;17,41;69,2;20,13;19,49;20,77;8,4;73,4;53,76
37324;Tordillos;3,31;47,47;2,92;1,46;16786,0;29,61;53,29;2,3;33,06;23,39;17,74;32,5;58,33;29,77;13,59;24,92;7,2;81,69;40,58
37325;Tornadizo, El;0,0;50,45;2,27;0,0;16335,0;29,07;53,49;5,81;47,83;8,7;21,74;4,35;82,61;26,74;23,26;4,65;15,38;55,0;30,23
37327;Torresmenudas;5,0;29,69;1,04;0,47;18422,0;29,61;60,34;5,59;17,95;3,85;20,51;33,33;52,0;16,11;16,67;30,0;9,89;66,67;50,56
37328;Trabanca;9,69;36,6;6,29;1,0;14864,0;34,62;46,15;3,85;25,0;7,81;20,31;24,59;67,21;22,93;15,92;25,48;16,0;75,9;47,77
37330;Valdecarros;7,5;36,96;3,04;1,08;17368,0;31,38;53,79;2,76;33,33;23,91;35,51;21,37;61,83;12,67;17,47;20,89;8,09;77,16;46,74
37331;Valdefuentes de Sangusín;5,79;45,79;1,09;1,31;15481,0;32,58;50,0;6,74;42,65;22,06;29,41;10,45;77,61;33,52;9,89;12,64;5,33;83,53;41,9
37332;Valdehijaderos;14,05;32,62;4,76;1,91;16335,0;31,88;55,07;2,9;41,67;16,67;45,83;12,5;66,67;17,11;10,53;15,79;12,5;62,22;43,24
37333;Valdelacasa;6,13;30,75;4,3;0,35;15358,0;36,11;53,33;2,22;27,71;12,05;45,78;13,41;65,85;13,19;10,99;15,93;7,14;69,03;46,67
37334;Valdelageve;7,58;38,79;4,55;2,0;16335,0;29,51;52,46;6,56;29,63;14,81;7,41;22,22;44,44;24,19;4,84;17,74;15,15;84,85;53,23
37335;Valdelosa;9,66;29,87;4,65;0,74;16365,0;29,92;53,37;7,01;22,87;12,77;19,68;24,86;54,7;22,19;16,84;18,98;8,25;77,06;52,01
37336;Valdemierque;8,28;22,76;0,0;0,0;18191,0;24,53;58,49;9,43;41,94;35,48;9,68;19,35;80,65;12,73;21,82;36,36;13,16;80,49;71,7
37337;Valderrodrigo;1,59;32,38;1,59;0,35;17955,0;33,87;50,0;1,61;55,0;48,33;13,33;20,69;72,41;20,16;20,16;20,97;1,61;78,21;50,0
37338;Valdunciel;14,52;22,58;10,48;1,52;18270,0;27,08;59,38;9,38;26,83;7,32;14,63;29,73;64,86;6,19;29,9;40,21;11,76;56,25;52,58
37339;Valero;6,3;38,46;4,76;0,64;12724,0;28,73;55,6;5,22;67,35;59,18;12,24;14,48;77,24;32,47;15,13;18,45;2,76;94,63;53,7
37340;Valsalabroso;1,67;43,17;2,5;0,64;16532,0;27,35;58,97;1,71;33,33;29,41;15,69;20,0;64,0;22,88;11,02;21,19;1,82;85,71;47,01
37341;Valverde de Valdelacasa;12,63;31,58;14,04;1,17;16335,0;27,08;47,92;10,42;36,84;21,05;42,11;11,11;55,56;22,22;11,11;12,96;13,04;64,52;42,59
37342;Valverdón;11,05;23,98;4,89;0,96;17549,0;25,53;58,72;5,53;12,4;6,98;27,91;23,02;64,29;14,23;18,41;28,45;9,79;74,57;60,34
37343;Vallejera de Riofrío;11,94;17,01;1,49;0,88;16335,0;40,3;44,78;8,96;41,67;0,0;25,0;45,71;45,71;8,82;22,06;45,59;13,95;75,51;64,18
37344;Vecinos;8,66;27,71;12,55;0,85;15720,0;36,55;47,72;4,57;28,09;22,47;21,35;15,29;55,29;18,23;21,18;15,76;14,85;58,9;50,5
37345;Vega de Tirados;7,38;40,99;2,84;1,11;21266,0;29,2;53,28;5,84;34,38;9,38;28,12;38,71;54,84;16,55;18,71;30,22;9,38;80,56;46,38
37346;Veguillas, Las;12,6;30,77;5,86;1,97;14669,0;34,5;48,03;8,3;20,87;23,48;21,74;16,04;60,38;17,96;14,69;22,04;5,79;77,55;49,79
37347;Vellés, La;13,51;17,14;8,47;1,37;18846,0;34,45;51,15;8,77;21,72;5,99;11,24;32,56;59,69;13,62;23,37;38,01;9,09;71,79;63,77
37349;Vídola, La;2,74;42,11;0,0;0,5;17988,0;35,42;57,29;1,04;40,0;27,5;22,5;34,21;55,26;24,74;10,31;24,74;9,52;77,55;43,3
37350;Vilvestre;4,76;46,58;5,08;0,56;16432,0;32,62;51,6;2,94;29,46;10,85;22,48;21,6;63,2;34,39;14,29;20,9;10,49;74,42;38,03
37351;Villaflores;5,62;43,83;1,17;1,25;13930,0;22,89;59,04;2,41;31,82;15,91;14,77;22,99;65,52;35,2;10,4;16,8;4,26;73,17;37,6
37352;Villagonzalo de Tormes;8,64;25,63;1,88;1,0;21157,0;34,33;54,23;5,47;20,77;11,54;15,38;29,51;58,2;13,37;19,31;37,13;8,87;81,88;61,39
37353;Villalba de los Llanos;2,99;33,46;0,93;1,27;19228,0;42,2;50,46;0,92;38,3;25,53;23,4;27,66;63,83;17,43;14,68;29,36;16,95;74,24;54,13
37354;Villamayor;19,19;11,67;6,55;1,1;19364,0;34,48;53,29;8,19;17,23;1,43;13,98;43,25;48,91;6,42;20,01;48,36;9,06;66,85;64,1
37355;Villanueva del Conde;5,63;35,86;11,49;0,7;18631,0;26,67;54,55;4,85;34,92;4,76;25,4;39,34;54,1;24,7;13,86;27,71;17,81;62,5;43,98
37356;Villar de Argañán;4,89;34,89;12,77;0,58;13856,0;36,96;46,74;4,35;52,5;27,5;7,5;27,03;67,57;20,43;18,28;20,43;24,0;73,08;53,76
37357;Villar de Ciervo;6,25;50,91;5,93;1,67;15238,0;29,71;52,72;4,6;36,49;17,57;22,97;25,0;62,5;25,42;18,75;20,0;18,18;72,73;36,82
37358;Villar de Gallimazo;3,32;33,47;23,83;0,44;19852,0;33,33;52,38;3,17;22,22;30,0;24,44;23,53;50,59;34,9;19,27;21,88;4,12;78,81;50,52
37359;Villar de la Yegua;1,05;45,53;5,92;0,0;13380,0;29,8;47,68;6,62;58,62;39,66;18,97;16,67;74,07;28,76;9,8;15,69;15,62;72,0;41,83
37360;Villar de Peralonso;8,17;32,3;7,04;1,4;14950,0;35,6;50,26;3,14;26,44;16,09;26,44;17,44;69,77;21,65;14,43;19,07;10,42;70,49;49,74
37361;Villar de Samaniego;5,57;42,78;1,27;0,0;16432,0;40,0;50,67;1,33;40,74;25,93;14,81;11,11;81,48;22,37;17,11;14,47;10,0;64,29;40,0
37362;Villares de la Reina;20,78;11,02;7,3;1,21;17419,0;34,86;53,37;8,25;15,8;1,63;15,22;34,86;56,3;6,11;24,63;41,59;9,18;70,84;68,12
37363;Villares de Yeltes;5,49;47,25;1,96;1,4;16432,0;38,95;43,16;4,21;34,15;31,71;14,63;12,2;75,61;23,16;8,42;32,63;4,88;84,78;43,16
37364;Villarino de los Aires;5,2;41,05;5,78;0,73;19408,0;26,2;55,24;5,24;16,43;5,0;22,5;23,05;62,08;22,72;12,34;29,73;12,87;70,78;42,74
37365;Villarmayor;5,32;34,96;1,44;0,74;16457,0;34,25;52,05;4,11;31,51;17,81;26,03;26,47;64,71;16,78;11,41;28,19;5,41;86,42;50,34
37367;Villasbuenas;3,16;51,65;1,27;0,0;16433,0;34,81;50,63;3,8;37,78;24,44;15,56;17,07;78,05;31,45;8,81;20,13;9,8;73,02;32,08
37369;Villaseco de los Gamitos;8,0;20,0;12,14;0,0;14864,0;41,73;43,31;4,72;26,23;21,31;18,03;15,79;63,16;19,4;18,66;16,42;12,0;64,08;56,82
37370;Villaseco de los Reyes;3,03;33,94;5,39;0,54;17296,0;33,1;56,55;2,76;35,25;29,5;23,02;23,53;64,71;12,54;15,59;28,14;7,64;79,23;53,4
37371;Villasrubias;3,2;48,4;10,39;0,74;14465,0;30,32;50,23;4,52;48,15;25,93;17,28;17,95;69,23;29,69;12,66;14,85;12,22;75,24;39,47
37372;Villaverde de Guareña;6,98;38,29;2,33;0,58;22154,0;26,15;56,15;3,85;21,82;9,09;7,27;37,74;60,38;19,08;17,56;33,59;1,72;81,43;44,27
37373;Villavieja de Yeltes;5,65;36,51;5,33;0,45;16276,0;33,18;49,3;4,19;33,99;19,37;22,53;20,99;67,08;24,92;19,91;23,25;11,56;68,78;44,82
37374;Villoria;10,56;25,88;4,27;0,85;14776,0;32,56;55,01;4,7;24,06;14,1;23,5;17,93;64,74;18,43;19,57;18,96;9,52;68,52;52,78
37375;Villoruela;10,25;33,69;5,87;0,92;14117,0;30,93;58,41;1,95;17,94;14,5;19,08;25,2;60,24;21,36;12,31;20,18;16,1;66,58;48,21
37376;Vitigudino;13,08;26,15;6,58;1,06;15547,0;32,39;53,39;3,95;28,85;7,69;22,47;25,18;66,11;19,98;20,12;24,92;9,36;69,66;51,78
37377;Yecla de Yeltes;7,17;41,08;4,04;0,7;17258,0;32,69;54,81;2,4;28,09;17,98;32,58;28,41;59,09;22,27;14,69;19,91;9,18;77,39;46,89
37378;Zamarra;0,0;58,57;1,43;0,0;13856,0;28,17;56,34;1,41;57,69;38,46;7,69;20,83;70,83;38,03;11,27;4,23;20,83;70,37;33,8
37379;Zamayón;13,96;20,1;3,65;0,55;13919,0;38,79;45,45;10,91;30,77;29,67;19,78;8,79;72,53;17,86;17,86;17,26;20,54;72,95;67,07
37380;Zarapicos;3,2;36,8;4,0;0,0;19857,0;39,13;36,96;15,22;31,03;6,9;17,24;27,59;48,28;12,77;10,64;42,55;7,14;89,66;60,87
37381;Zarza de Pumareda, La;2,65;44,12;10,29;0,0;18266,0;38,93;45,8;3,82;34,62;17,31;15,38;28,57;63,27;19,7;14,39;28,79;8,93;70,83;42,42
37382;Zorita de la Frontera;1,44;47,19;2,16;0,39;15494,0;31,08;52,7;4,73;32,76;13,79;12,07;19,64;66,07;18,24;20,27;13,51;10,77;92,06;43,92
38001;Adeje;15,61;11,34;56,54;0,81;14509,0;45,92;39,82;10,54;22,86;1,48;6,44;24,03;61,51;14,98;33,09;31,81;9,21;58,68;55,42
38002;Agulo;8,13;29,74;14,72;0,77;16826,0;38,66;38,66;9,72;14,56;3,16;13,35;29,08;50,77;26,8;17,33;26,42;18,2;61,54;46,39
38003;Alajeró;10,96;20,37;21,92;0,61;16840,0;42,38;41,98;9,31;13,03;2,5;13,14;21,69;57,63;20,92;21,55;27,48;12,45;61,88;54,11
38004;Arafo;15,22;16,77;13,62;0,86;15859,0;39,03;43,64;11,08;14,22;2,7;14,83;30,56;56,11;15,45;22,45;33,96;14,24;61,6;58,97
38005;Arico;13,72;16,24;27,07;0,97;14174,0;41,9;40,69;11,52;14,82;8,29;16,57;22,38;56,35;18,02;25,33;27,9;14,43;58,98;57,4
38006;Arona;15,05;13,22;52,41;0,9;13081,0;44,79;39,66;11,25;17,81;2,51;8,27;17,94;62,6;29,0;23,93;17,46;12,34;57,45;55,69
38007;Barlovento;12,6;23,89;29,32;0,86;13717,0;39,66;41,02;8,51;25,63;13,58;16,23;22,13;60,34;25,78;20,58;25,62;13,45;61,89;52,17
38008;Breña Alta;14,13;17,75;17,26;0,89;17063,0;39,78;43,16;10,49;14,95;4,49;12,68;29,43;56,34;12,27;24,59;35,12;13,63;64,23;59,09
38009;Breña Baja;14,07;16,05;21,43;0,94;18666,0;43,13;40,51;11,09;14,7;4,53;9,86;36,06;51,86;10,81;25,36;40,31;12,49;65,41;60,84
38010;Buenavista del Norte;10,97;23,55;15,3;0,69;13018,0;39,12;42,13;9,72;18,09;18,76;8,51;19,69;53,06;22,95;17,91;21,57;17,66;59,45;52,25
38011;Candelaria;15,11;16,52;16,41;0,78;18585,0;41,18;40,32;12,45;14,16;0,94;10,87;37,65;53,57;11,84;27,49;38,63;12,42;64,67;59,57
38012;Fasnia;11,82;20,7;19,25;1,05;15636,0;40,65;38,83;11,36;14,65;4,12;12,76;29,85;55,26;16,86;23,72;32,64;15,33;60,13;54,56
38013;Frontera;14,25;20,13;38,64;1,05;13806,0;39,56;41,51;10,94;20,44;7,73;13,31;27,28;59,08;16,59;26,12;31,31;15,28;55,78;50,98
38014;Fuencaliente de la Palma;12,52;20,09;27,68;1,03;13835,0;42,96;38,16;10,53;19,35;10,12;14,25;23,09;57,65;19,08;23,92;29,11;10,57;62,66;54,63
38015;Garachico;12,56;23,63;15,18;1,02;13375,0;34,62;46,48;9,31;16,87;9,51;11,83;23,52;55,67;22,27;20,01;23,3;17,19;57,33;48,92
38016;Garafía;12,08;25,02;38,55;1,15;11139,0;44,48;36,24;10,47;25,27;12,18;12,91;24,71;58,56;20,92;23,12;30,13;17,87;45,02;38,62
38017;Granadilla de Abona;16,89;10,84;44,09;0,94;13481,0;45,38;39,32;11,21;13,89;2,79;10,54;20,47;59,08;24,76;22,15;20,78;12,31;58,92;59,9
38018;Guancha, La;14,61;20,76;12,46;1,05;13362,0;35,56;48,3;8,12;16,5;4,71;16,08;26,31;60,23;19,35;20,07;28,66;15,75;60,98;54,86
38019;Guía de Isora;15,53;14,59;33,89;1,01;13466,0;42,26;41,95;10,33;14,13;8,43;8,2;16,9;55,8;25,86;25,52;19,8;10,57;61,19;56,09
38020;Güímar;14,81;16,25;15,92;0,94;15373,0;42,21;39,28;12,03;12,55;4,35;13,55;29,83;55,76;14,45;26,6;31,64;15,59;62,44;60,16
38021;Hermigua;9,04;23,3;20,33;0,71;15816,0;43,45;39,8;7,48;16,91;5,42;16,64;28,3;54,97;22,12;26,19;28,45;18,7;55,86;51,85
38022;Icod de los Vinos;13,79;19,68;20,03;0,95;12694,0;35,77;46,78;9,74;17,07;4,81;16,22;22,62;59,51;14,83;32,15;29,6;18,79;55,99;53,03
38023;San Cristóbal de La Laguna;13,52;16,53;15,85;0,79;16647,0;44,44;38,45;10,93;13,04;1,65;10,91;37,62;50,99;14,18;22,73;35,78;16,17;60,84;58,56
38024;Llanos de Aridane, Los;14,28;16,86;26,04;0,85;14463,0;44,34;37,73;11,08;22,22;9,63;12,12;29,07;53,69;18,03;21,67;29,19;15,52;60,92;58,07
38025;Matanza de Acentejo, La;14,87;14,92;10,47;0,92;14542,0;41,81;42,65;9,62;14,15;1,37;16,77;28,71;58,14;15,54;20,02;30,37;17,08;61,4;60,32
38026;Orotava, La;14,92;16,89;12,26;0,89;14519,0;40,17;44,3;8,85;15,9;2,42;14,49;29,05;57,66;17,48;21,53;28,88;16,19;60,78;57,8
38027;Paso, El;13,67;18,77;22,92;0,97;15406,0;41,18;41,51;10,4;23,7;9,76;13,36;29,31;54,35;13,15;31,33;27,82;16,94;59,02;55,77
38028;Puerto de la Cruz;11,26;24,74;29,56;0,78;16672,0;40,06;39,35;12,41;20,77;1,05;7,35;33,65;55,59;18,49;24,53;31,52;17,44;57,12;48,37
38029;Puntagorda;12,87;19,76;38,0;0,75;11914,0;44,84;41,03;9,12;28,72;11,44;19,43;23,93;59,95;18,74;22,98;32,06;16,01;54,25;48,97
38030;Puntallana;14,45;20,89;26,88;0,99;15062,0;38,11;44,66;9,02;19,43;8,88;13,32;29,1;56,45;20,13;21,92;32,07;12,16;61,98;54,63
38031;Realejos, Los;14,58;17,09;13,81;0,86;13480,0;38,95;45,08;9,74;15,53;3,03;14,82;24,73;60,02;17,86;22,0;25,03;17,45;59,88;57,98
38032;Rosario, El;14,41;14,64;15,18;0,86;21749,0;42,63;40,79;11,95;19,29;0,85;11,67;45,15;46,72;10,24;24,34;44,33;11,77;65,11;60,76
38033;San Andrés y Sauces;11,17;26,4;21,08;0,91;15342,0;39,55;43,31;7,1;28,99;13,94;13,26;26,52;57,56;24,77;18,55;26,07;11,86;70,61;55,76
38034;San Juan de la Rambla;14,41;18,93;11,14;1,1;13325,0;37,14;46,28;8,81;14,2;5,8;16,23;21,89;60,84;16,66;22,43;27,88;14,94;60,76;55,65
38035;San Miguel de Abona;17,33;12,18;47,06;0,97;13947,0;43,36;41,61;11,04;19,14;2,36;9,96;21,47;63,02;23,88;24,11;19,08;10,15;58,73;57,26
38036;San Sebastián de la Gomera;14,34;17,53;23,66;0,98;17730,0;42,46;41,62;9,86;13,17;2,88;11,81;31,17;53,05;18,5;22,87;35,42;11,03;64,68;57,4
38037;Santa Cruz de la Palma;12,0;20,73;21,14;0,74;17298,0;42,37;38,91;10,89;13,18;4,1;9,89;32,46;51,89;13,43;26,3;34,78;15,24;61,2;54,72
38038;Santa Cruz de Tenerife;13,4;18,55;18,82;0,78;18484,0;43,56;37,46;11,86;14,21;0,82;8,93;39,44;49,77;15,31;22,87;37,11;16,52;60,18;56,4
38039;Santa Úrsula;15,1;15,12;20,34;0,94;15155,0;38,93;45,7;10,04;18,9;1,42;14,16;29,77;58,62;12,74;24,21;32,18;16,93;59,78;59,49
38040;Santiago del Teide;15,65;16,24;52,09;0,98;13286,0;39,18;44,72;10,66;20,46;3,04;8,18;19,85;62,0;19,34;29,6;29,78;9,27;53,73;47,77
38041;Sauzal, El;14,34;16,91;12,56;0,88;17523,0;40,08;45,4;8,88;16,36;1,71;15,05;35,57;51,83;13,73;19,5;37,18;14,73;60,6;56,58
38042;Silos, Los;12,37;23,19;17,38;0,83;12621,0;38,79;44,9;7,76;17,16;18,89;9,54;24,54;48,52;22,01;18,84;24,56;19,23;55,3;49,88
38043;Tacoronte;15,04;16,38;9,53;0,9;16778,0;40,59;43,29;9,98;15,19;2,01;13,91;35,65;53,2;14,15;23,63;32,23;15,81;62,07;58,79
38044;Tanque, El;15,36;18,84;19,14;1,13;12429,0;34,71;46,98;10,37;12,06;7,27;14,55;17,05;52,92;23,61;20,22;14,85;18,67;58,5;55,08
38045;Tazacorte;10,82;21,36;20,77;0,73;13877,0;44,31;36,9;11,65;18,76;14,39;11,51;21,87;54,13;21,26;19,55;21,84;20,89;58,02;54,85
38046;Tegueste;14,4;17,36;8,78;0,81;18947,0;40,41;44,01;9,31;16,43;2,55;12,37;41,87;48,18;11,88;21,94;41,86;11,63;67,33;60,72
38047;Tijarafe;10,6;23,89;30,87;0,83;15358,0;43,03;37,88;10,03;30,72;13,88;15,22;26,74;53,38;20,78;19,59;35,04;14,68;58,53;49,65
38048;Valverde;13,39;20,01;25,2;0,9;18282,0;40,78;39,15;12,64;14,33;3,34;12,06;35,39;53,12;15,84;24,04;35,15;13,44;62,81;55,44
38049;Valle Gran Rey;10,56;21,82;43,79;0,71;14705,0;47,25;37,39;8,07;22,64;2,7;9,68;22,03;60,49;23,46;24,03;28,3;13,52;54,46;46,72
38050;Vallehermoso;7,94;29,74;19,91;0,58;14709,0;38,35;42,11;8,21;16,88;9,27;14,44;22,45;60,06;29,26;17,55;23,53;20,65;52,58;43,13
38051;Victoria de Acentejo, La;14,62;16,63;11,66;0,88;12711,0;40,98;44,02;8,42;14,06;1,8;19,53;22,59;64,37;20,57;19,47;25,15;18,52;58,51;58,14
38052;Vilaflor de Chasna;12,48;19,57;24,12;0,89;14940,0;39,75;44,4;8,81;20,2;3,71;11,51;21,35;61,94;22,87;22,63;21,99;12,54;63,07;56,09
38053;Villa de Mazo;13,17;18,87;23,11;0,87;15260,0;41,53;41,72;9,85;16,69;7,72;15,64;27,32;54,69;17,36;23,44;31,01;14,79;61,53;56,13
38901;Pinar de El Hierro, El;10,75;21,91;33,87;0,71;15389,0;39,9;41,74;10,47;20,16;10,4;12,87;29,3;55,57;19,55;22,83;33,28;13,74;58,03;49,76
39001;Alfoz de Lloredo;11,48;25,6;6,96;0,94;16183,0;33,09;50,23;8,46;26,33;5,42;25,46;26,98;60,71;11,97;20,72;29,28;9,27;64,53;49,58
39002;Ampuero;14,78;20,11;8,4;0,91;16279,0;34,2;51,0;6,89;18,51;3,1;34,48;22,48;64,09;10,28;23,98;29,12;11,67;61,32;53,65
39003;Anievas;8,4;32,53;2,14;0,54;15488,0;32,56;51,16;5,43;26,55;14,16;40,71;11,93;68,81;19,23;26,15;18,08;17,21;62,73;47,1
39004;Arenas de Iguña;12,25;26,17;6,68;1,26;15432,0;29,17;53,43;6,87;19,94;6,3;36,66;17,42;67,19;8,56;21,98;26,13;13,02;65,59;50,8
39005;Argoños;15,52;18,27;10,08;0,86;18230,0;32,31;54,81;7,98;25,26;2,47;24,61;31,94;59,4;9,06;25,55;36,31;10,41;62,39;53,75
39006;Arnuero;13,36;22,67;12,72;1,01;16927,0;35,28;48,22;7,55;34,88;7,02;22,62;29,12;61,83;12,69;24,05;27,79;10,54;58,54;47,61
39007;Arredondo;9,41;30,04;5,44;1,14;14213,0;38,57;42,03;6,93;40,43;19,15;24,47;14,05;74,59;27,89;17,91;16,1;15,57;63,25;48,29
39008;Astillero, El;15,93;17,71;12,97;0,89;17054,0;34,31;49,71;9,0;11,15;0,74;25,24;28,73;57,18;9,46;26,54;34,08;10,04;65,19;57,05
39009;Bárcena de Cicero;16,03;17,35;13,48;1,07;16930,0;35,1;48,53;9,53;19,89;3,05;26,45;27,87;59,25;9,04;27,08;31,16;13,02;59,48;55,9
39010;Bárcena de Pie de Concha;9,02;31,16;4,75;0,91;17786,0;31,48;50,9;4,73;13,71;4,44;36,29;18,83;64,44;7,7;28,89;26,16;13,47;65,73;47,98
39011;Bareyo;14,24;21,02;11,72;1,21;16193,0;33,82;49,47;8,22;31,24;9,78;22,81;25,03;63,67;11,06;22,44;32,8;11,6;65,43;55,12
39012;Cabezón de la Sal;15,26;21,04;5,63;1,03;16581,0;32,79;50,79;7,87;18,65;1,88;27,21;29,1;61,24;11,32;23,45;30,82;9,15;65,39;53,65
39013;Cabezón de Liébana;9,4;31,99;8,27;1,17;17360,0;39,41;47,38;6,71;39,38;15,04;23,45;26,03;63,93;15,48;24,4;23,02;6,06;70,68;46,57
39014;Cabuérniga;9,2;31,55;4,8;0,82;16398,0;37,38;42,12;8,6;32,83;12,37;24,49;21,49;66,05;19,44;19,33;24,84;11,7;67,19;47,39
39015;Camaleño;10,99;25,73;7,04;1,46;19027,0;40,33;45,1;6,53;44,23;14,0;18,18;30,69;60,87;16,55;22,18;26,24;7,14;69,57;50,62
39016;Camargo;14,7;19,97;11,31;0,81;17710,0;33,53;51,56;7,63;13,96;0,52;21,75;31,36;55,97;8,31;25,79;34,52;9,8;65,21;55,18
39017;Campoo de Yuso;15,02;26,94;5,86;1,51;16304,0;34,2;49,83;6,25;34,49;16,38;32,4;18,05;73,65;6,48;24,06;24,91;7,26;72,24;52,06
39018;Cartes;19,7;11,07;7,52;0,89;15590,0;33,41;53,12;9,27;12,73;1,11;26,18;25,4;62,2;5,79;23,31;33,58;11,28;66,1;65,64
39019;Castañeda;18,21;12,15;7,82;1,11;16667,0;34,69;50,69;9,97;14,82;1,23;29,77;23,82;60,36;9,9;27,37;34,02;9,24;68,89;65,41
39020;Castro-Urdiales;16,16;15,62;14,73;0,9;19491,0;34,56;48,91;10,13;19,41;0,56;22,67;34,85;55,49;8,79;26,2;39,53;11,54;63,61;58,52
39021;Cieza;12,37;29,6;2,47;1,42;15840,0;27,89;53,31;7,02;20,79;9,41;32,18;19,17;62,18;21,75;24,39;22,36;14,95;59,28;43,85
39022;Cillorigo de Liébana;11,93;23,65;19,67;0,79;15666,0;38,93;46,34;6,72;30,74;8,68;16,64;24,44;62,41;14,95;26,96;26,14;10,66;61,93;50,95
39023;Colindres;15,78;18,6;12,16;0,91;16616,0;34,29;50,61;7,99;16,48;1,72;30,28;27,99;59,35;13,36;22,54;32,36;11,65;61,03;54,15
39024;Comillas;11,62;27,6;11,64;0,89;17064,0;35,09;45,57;7,01;31,34;4,84;17,32;25,39;63,35;14,29;24,5;30,35;10,67;63,86;46,5
39025;Corrales de Buelna, Los;14,55;21,83;9,68;0,83;16111,0;31,45;51,92;7,85;14,21;2,23;32,27;24,15;63,52;12,55;23,63;29,74;12,03;59,26;50,67
39026;Corvera de Toranzo;12,67;22,49;11,04;0,96;15647,0;34,58;49,23;7,06;21,63;6,02;27,09;20,25;66,78;18,26;20,28;26,09;9,91;64,92;54,02
39027;Campoo de Enmedio;15,54;23,91;5,07;1,08;18073,0;31,44;53,37;6,3;16,83;2,61;38,94;22,91;65,81;13,12;23,78;30,78;8,12;68,33;52,21
39028;Entrambasaguas;20,23;12,76;10,51;1,16;17289,0;34,28;52,07;8,56;17,24;4,29;24,37;26,85;60,34;7,78;25,51;36,74;7,8;71,11;66,01
39029;Escalante;11,34;29,83;8,94;0,69;18808,0;35,19;50,0;5,86;30,43;6,88;27,54;34,21;55,64;12,3;27,26;33,78;12,21;62,59;45,56
39030;Guriezo;14,86;19,55;9,12;0,88;17430,0;34,21;51,41;7,15;22,37;4,92;26,04;27,34;60,54;12,24;25,31;31,55;11,46;64,93;56,79
39031;Hazas de Cesto;16,82;15,47;13,1;1,42;16588,0;35,05;49,52;8,75;22,03;6,13;23,9;26,06;60,98;8,82;23,98;32,55;12,03;63,14;59,94
39032;Hermandad de Campoo de Suso;12,08;24,31;3,21;1,63;21010,0;32,8;51,17;6,91;26,5;9,4;32,25;24,79;66,58;13,12;25,84;31,85;6,81;76,91;56,46
39033;Herrerías;7,31;34,83;5,45;1,01;16066,0;33,09;47,77;9,29;24,75;11,62;29,8;14,58;70,31;21,9;19,53;16,61;13,6;61,95;41,76
39034;Lamasón;6,08;37,55;2,11;0,64;13462,0;42,42;43,72;2,16;47,92;33,33;18,75;10,99;71,43;17,37;12,29;13,14;14,0;68,25;42,37
39035;Laredo;12,18;27,72;10,66;0,86;17096,0;34,63;46,41;8,83;23,22;1,16;24,46;30,4;57,68;9,49;36,02;33,29;13,35;60,79;46,38
39036;Liendo;14,83;24,12;6,08;0,84;21405,0;30,5;53,98;7,95;26,57;3,04;25,35;39,96;50,1;9,89;23,68;40,65;9,8;65,39;50,78
39037;Liérganes;12,5;23,72;9,09;0,81;17535,0;34,74;50,7;6,15;24,9;6,32;24,71;26,7;59,9;13,12;23,81;35,63;9,43;67,95;52,2
39038;Limpias;14,13;18,35;11,56;1,1;18065,0;35,31;47,44;10,18;16,02;1,88;25,67;29,76;59,76;9,81;27,27;38,04;12,91;63,29;56,65
39039;Luena;8,13;30,87;6,02;1,24;15341,0;41,12;41,12;5,8;39,11;21,78;26,67;17,19;66,52;15,38;19,14;18,25;12,36;64,49;46,5
39040;Marina de Cudeyo;12,99;23,23;7,25;0,79;19550,0;32,62;52,24;7,27;17,48;3,26;19,36;35,19;53,17;8,94;24,1;39,59;9,2;66,31;52,66
39041;Mazcuerras;14,04;20,29;3,97;0,97;19128,0;33,04;52,37;7,16;22,54;4,83;29,75;32,92;55,16;11,42;21,92;32,79;7,8;68,48;55,39
39042;Medio Cudeyo;15,0;19,88;12,48;0,83;17287,0;34,72;50,09;7,83;18,18;2,24;24,34;29,46;56,31;11,03;23,88;34,1;8,9;66,93;56,71
39043;Meruelo;17,4;16,32;13,32;1,07;14987,0;34,24;50,11;8,23;22,82;4,74;27,4;22,21;62,25;9,63;25,79;30,38;11,24;62,16;56,57
39044;Miengo;14,16;17,01;9,8;1,06;18546,0;35,4;49,08;9,15;16,09;1,01;23,42;33,76;55,77;9,91;20,65;41,47;11,32;67,19;60,5
39045;Miera;10,9;31,31;5,53;1,0;13373,0;42,09;42,09;7,06;31,65;12,23;26,62;22,79;62,5;6,04;18,96;20,88;13,45;65,49;47,63
39046;Molledo;10,47;31,74;5,88;1,0;15408,0;31,57;48,98;6,63;26,12;11,19;27,05;22,2;65,64;18,61;17,73;27,55;13,49;65,5;46,81
39047;Noja;13,61;19,17;16,67;0,97;16658,0;37,47;44,99;9,76;33,96;1,4;21,7;30,54;60,0;10,9;29,38;26,22;12,71;57,55;50,28
39048;Penagos;16,89;17,36;6,51;1,27;17882,0;32,22;54,68;5,97;19,35;4,19;26,6;28,21;56,21;12,72;26,32;36,66;8,96;70,8;60,98
39049;Peñarrubia;6,73;30,35;15,24;0,51;15820,0;35,92;44,72;9,51;27,01;13,87;16,06;21,21;59,09;16,03;22,76;25,32;9,79;66,49;45,83
39050;Pesaguero;11,05;30,91;4,36;0,7;14497,0;40,89;48,18;3,64;40,0;13,76;19,27;28,43;61,76;13,94;19,52;24,3;7,14;65,0;45,34
39052;Piélagos;19,56;13,7;9,24;1,12;19562,0;33,34;53,16;8,02;16,01;0,98;20,46;38,52;51,86;8,11;24,28;42,64;8,33;68,51;62,69
39053;Polaciones;7,52;25,24;4,29;1,22;14672,0;38,8;48,63;4,92;52,27;28,41;25,0;9,3;80,23;20,43;21,51;21,51;17,35;60,0;52,69
39054;Polanco;18,65;15,05;8,57;1,17;17328,0;30,83;54,63;7,69;13,84;0,97;26,14;30,72;56,85;6,35;23,95;36,41;9,45;66,6;60,78
39055;Potes;12,56;25,48;20,18;1,09;16378,0;39,84;41,82;7,77;31,84;0,39;16,02;25,1;62,15;16,29;27,05;25,89;8,26;64,84;48,74
39056;Puente Viesgo;16,66;20,8;4,98;0,81;16879,0;34,63;50,29;6,82;17,96;3,29;30,69;26,79;60,82;16,36;20,62;31,31;9,11;66,87;54,81
39057;Ramales de la Victoria;14,13;21,72;10,2;1,15;15180,0;35,9;44,97;9,06;22,7;3,29;29,44;22,51;63,89;14,68;22,78;27,39;14,42;60,88;53,14
39058;Rasines;10,6;25,39;7,63;1,16;16247,0;34,76;47,51;9,04;25,91;11,7;27,02;20,86;68,57;15,81;24,89;26,46;14,81;59,94;49,83
39059;Reinosa;11,98;29,99;11,13;0,91;18103,0;32,47;48,67;7,42;14,76;0,67;32,89;27,44;59,99;14,32;24,08;30,66;10,35;64,82;46,26
39060;Reocín;16,56;18,41;5,12;0,91;16706,0;31,62;54,16;7,32;14,43;1,4;27,35;28,05;59,85;11,04;22,13;32,5;9,84;65,82;56,42
39061;Ribamontán al Mar;14,15;21,22;12,56;1,07;19818,0;36,9;47,39;8,4;26,11;5,89;16,43;37,43;51,43;12,04;24,65;38,47;9,1;65,41;53,24
39062;Ribamontán al Monte;15,94;19,04;10,02;1,18;18012,0;35,13;50,17;7,57;22,97;5,9;22,79;28,72;58,36;15,83;24,85;33,83;9,11;68,78;57,52
39063;Rionansa;9,31;37,01;6,16;1,48;16718,0;37,2;45,25;5,96;26,84;8,42;30,79;17,66;69,84;27,58;14,81;20,17;10,33;68,99;42,92
39064;Riotuerto;14,0;23,26;9,3;1,08;15966,0;31,71;53,23;6,52;26,1;6,38;25,82;27,37;60,06;15,36;21,8;33,2;12,08;65,45;53,03
39065;Rozas de Valdearroyo, Las;10,23;26,12;5,81;1,11;17439,0;33,19;46,81;9,79;30,0;11,0;30,0;21,65;72,16;6,72;20,59;31,51;21,37;58,23;49,37
39066;Ruente;12,46;24,43;6,02;0,96;16245,0;35,02;50,91;6,98;21,93;6,84;22,41;23,96;61,61;12,17;23,92;26,97;12,48;65,0;53,44
39067;Ruesga;7,58;33,14;4,57;1,01;15053,0;36,6;48,28;4,77;41,69;22,15;24,43;20,53;67,22;20,95;20,31;19,02;12,54;66,74;45,29
39068;Ruiloba;11,32;22,6;10,65;1,68;18051,0;32,47;52,68;7,81;29,26;4,5;23,79;32,99;50,52;13,7;23,91;33,82;14,17;62,68;52,71
39069;San Felices de Buelna;15,57;21,09;4,16;0,93;15945,0;31,32;52,21;7,34;13,48;2,82;36,15;21,03;65,5;13,63;23,39;27,07;11,75;62,89;53,41
39070;San Miguel de Aguayo;11,15;27,52;3,64;1,08;15138,0;35,57;49,66;3,36;38,57;30,0;10,0;22,86;68,57;10,6;27,81;24,5;19,23;64,29;52,0
39071;San Pedro del Romeral;6,81;31,99;5,56;0,58;12929,0;35,22;47,29;6,4;40,99;29,19;23,6;12,58;69,81;30,66;15,82;12,41;15,08;59,61;43,77
39072;San Roque de Riomiera;6,63;21,45;4,22;0,8;14028,0;47,32;39,12;6,31;43,97;28,37;17,73;15,67;68,66;18,32;17,39;17,39;19,34;62,39;56,56
39073;Santa Cruz de Bezana;17,98;17,8;7,54;1,35;22490,0;33,14;53,8;7,72;17,86;0,7;17,14;45,36;46,93;7,02;24,23;47,39;8,25;70,16;59,01
39074;Santa María de Cayón;17,12;16,11;10,78;1,04;16511,0;34,12;49,65;8,81;14,58;2,71;29,55;22,75;60,34;11,01;23,5;30,53;9,66;63,49;57,88
39075;Santander;13,28;24,48;17,85;0,95;20273,0;37,05;45,08;8,54;14,3;0,39;13,84;41,36;47,02;10,49;24,06;40,85;12,28;61,74;49,87
39076;Santillana del Mar;14,4;20,85;5,28;0,97;18599,0;32,2;53,57;6,78;22,37;2,87;22,88;30,76;58,99;7,39;21,43;34,28;8,11;67,93;54,99
39077;Santiurde de Reinosa;7,91;35,42;5,93;1,63;20637,0;36,32;48,29;5,13;27,52;16,51;36,7;22,64;67,92;9,21;33,89;19,67;6,9;79,41;48,54
39078;Santiurde de Toranzo;14,65;24,53;5,05;1,54;16728,0;30,25;55,94;4,9;22,54;5,39;31,81;24,68;60,49;14,89;23,98;27,54;11,6;69,31;53,71
39079;Santoña;13,8;23,02;12,58;0,97;16105,0;34,59;46,99;8,95;16,9;2,01;30,44;24,31;64,28;15,45;24,59;23,07;14,18;56,07;46,83
39080;San Vicente de la Barquera;12,09;24,92;10,0;0,99;16343,0;33,09;50,33;7,28;31,42;7,16;17,38;26,02;63,96;14,17;24,49;25,5;10,26;58,89;45,74
39081;Saro;12,31;24,86;3,74;0,99;15252,0;35,25;50,78;4,43;33,79;20,09;24,66;17,45;67,92;19,74;18,0;26,25;14,0;70,26;54,95
39082;Selaya;13,3;23,98;6,62;1,32;15311,0;36,36;49,88;5,17;30,83;10,53;28,7;21,29;66,32;25,29;22,38;23,65;7,82;68,96;53,34
39083;Soba;8,51;29,65;2,94;1,15;15325,0;38,72;46,65;4,78;55,99;41,61;16,99;16,74;73,66;19,22;16,7;16,8;9,24;72,2;50,25
39084;Solórzano;13,13;21,52;15,5;1,0;15024,0;33,26;53,16;5,89;30,48;16,17;21,71;17,66;68,02;15,37;23,26;26,69;12,99;59,25;51,73
39085;Suances;15,16;20,28;7,37;0,9;18290,0;32,72;50,91;8,45;20,98;1,91;24,22;32,71;57,35;10,27;22,63;35,34;9,56;66,45;55,12
39086;Tojos, Los;7,62;31,68;6,22;1,4;15711,0;38,53;48,82;7,06;38,79;18,18;27,88;16,35;71,7;16,67;21,84;17,53;13,59;73,61;52,87
39087;Torrelavega;13,68;25,02;14,08;0,96;16149,0;32,9;48,68;8,46;14,73;0,88;21,58;30,37;57,38;10,36;21,53;30,73;14,31;59,5;48,52
39089;Tudanca;8,39;23,87;6,45;1,4;16684,0;50,35;39,01;4,26;35,94;17,19;31,25;6,45;75,81;12,24;17,01;14,97;11,69;66,67;53,1
39090;Udías;14,88;18,42;3,85;1,41;16272,0;32,59;52,91;6,94;23,11;4,96;27,42;22,79;65,44;10,17;19,61;32,08;11,22;68,61;60,12
39091;Valdáliga;11,75;25,86;5,57;1,03;16183,0;34,94;47,11;7,82;30,44;11,63;24,29;19,45;66,79;17,12;19,12;23,89;9,51;67,4;50,57
39092;Valdeolea;7,62;35,02;6,71;0,82;17949,0;38,24;41,71;7,67;25,97;12,34;32,79;22,9;57,58;22,28;23,23;19,4;14,83;62,21;41,4
39093;Valdeprado del Río;5,69;29,93;4,58;0,6;21472,0;32,77;54,39;4,39;17,02;9,93;28,37;20,0;65,71;13,62;24,58;36,21;11,56;70,27;48,84
39094;Valderredible;7,85;27,96;9,23;0,9;18199,0;36,53;45,32;8,43;33,73;16,99;22,73;23,5;64,75;16,17;25,63;31,44;10,93;66,84;50,29
39095;Val de San Vicente;14,85;22,4;7,47;1,08;15290,0;36,98;46,12;9,06;29,9;7,96;20,82;20,52;69,08;14,52;24,34;24,05;9,13;66,95;52,91
39096;Vega de Liébana;6,73;30,31;6,07;0,8;15107,0;40,79;41,57;5,35;44,36;23,64;19,64;20,99;65,27;21,56;21,25;22,17;7,74;69,76;47,62
39097;Vega de Pas;11,3;25,52;5,81;1,21;16449,0;39,7;44,36;4,96;33,33;16,12;25,27;16,1;70,79;33,19;17,1;18,84;11,68;61,97;48,62
39098;Villacarriedo;13,68;24,34;6,18;1,69;15256,0;36,3;48,7;5,96;36,25;18,34;24,96;18,9;67,15;16,4;23,52;25,34;6,96;70,3;52,54
39099;Villaescusa;15,44;18,99;5,62;0,87;19542,0;33,67;51,32;7,79;17,06;1,95;25,47;33,56;55,05;11,29;23,19;37,06;9,29;66,11;56,11
39100;Villafufre;12,22;23,61;5,69;1,01;15122,0;32,62;52,24;7,06;29,38;12,92;25,58;20,48;61,7;16,67;26,36;24,73;12,74;63,04;51,76
39101;Valle de Villaverde;8,67;26,43;9,24;0,21;16183,0;35,4;45,13;7,08;39,25;19,63;27,1;18,45;67,96;15,97;26,89;23,53;15,38;61,49;49,58
39102;Voto;13,53;21,05;8,51;0,96;16750,0;34,01;49,55;9,2;23,17;8,31;32,57;22,29;65,51;12,01;24,55;30,82;12,59;65,04;55,45
40001;Abades;15,94;24,27;7,31;0,85;16663,0;34,29;51,5;4,23;23,33;9,76;22,86;23,37;63,07;19,6;20,13;29,93;3,13;85,24;60,73
40003;Adrados;4,21;47,54;6,14;0,0;19559,0;33,33;40,17;7,69;46,34;9,76;26,83;28,95;65,79;20,66;11,57;23,14;4,17;85,19;40,0
40004;Aguilafuente;12,25;24,54;22,69;1,2;16719,0;37,37;44,35;5,34;26,23;22,54;13,11;17,18;63,44;17,37;22,59;23,55;6,2;70,99;53,41
40007;Aldealengua de Pedraza;1,52;40,51;6,33;0,0;20301,0;34,67;52,0;5,33;34,29;20,0;17,14;28,57;60,0;17,72;20,25;31,65;8,11;79,07;47,44
40008;Aldealengua de Santa María;12,31;35,0;15,38;0,0;19472,0;36,36;45,45;3,64;33,33;37,04;11,11;8,7;65,22;21,43;12,5;25,0;3,7;81,25;49,09
40010;Aldeanueva del Codonal;2,67;36,76;3,81;0,7;16215,0;33,02;48,11;0,0;39,22;45,1;17,65;11,36;70,45;20,75;14,15;21,7;7,84;77,05;48,11
40012;Aldea Real;11,39;28,39;10,95;0,78;15750,0;36,25;47,08;5,42;29,73;29,73;15,32;17,71;63,54;14,79;16,73;22,57;6,3;73,01;49,61
40013;Aldeasoña;0,0;51,15;0,0;0,0;19472,0;36,36;48,48;6,06;31,25;18,75;18,75;40,0;46,67;37,31;4,48;28,36;3,7;89,66;40,3
40014;Aldehorno;12,81;35,0;4,69;1,27;19472,0;34,55;45,45;7,27;41,67;41,67;29,17;27,27;68,18;34,55;16,36;34,55;7,14;83,87;50,91
40016;Aldeonte;6,55;36,0;0,0;1,56;19472,0;36,36;50,91;1,82;46,15;42,31;11,54;30,0;65,0;18,18;20,0;27,27;0,0;93,55;52,73
40017;Anaya;8,19;19,43;20,95;0,37;19751,0;27,55;56,12;7,14;20,63;14,29;25,4;21,67;68,33;17,92;21,7;36,79;5,88;82,05;65,38
40018;Añe;2,94;39,41;4,41;1,17;18778,0;21,88;54,69;4,69;6,67;10,0;10,0;39,29;57,14;17,19;21,88;42,19;3,33;80,56;46,88
40020;Arcones;6,26;34,97;11,73;0,78;18717,0;34,94;43,98;5,42;36,71;6,33;17,72;35,14;51,35;21,64;11,11;33,92;3,75;77,0;47,06
40022;Armuña;7,94;21,98;12,7;0,62;21015,0;33,48;49,78;6,61;26,61;20,97;21,77;31,58;54,39;18,61;22,08;39,39;5,93;71,75;59,21
40024;Ayllón;16,16;19,76;16,09;1,03;15850,0;39,32;46,99;6,13;34,15;11,51;23,02;21,04;68,54;18,48;17,86;35,31;3,64;72,9;57,96
40025;Barbolla;9,58;33,38;21,13;0,93;16452,0;35,07;53,73;2,99;38,81;31,34;19,4;20,0;64,62;18,38;19,12;22,79;6,25;75,95;47,06
40026;Basardilla;14,74;11,97;5,84;0,47;18549,0;39,5;48,74;7,56;22,78;5,06;15,19;51,28;42,31;4,88;24,39;46,34;3,95;70,19;63,33
40028;Bercial;4,2;37,0;11,0;0,58;18513,0;37,76;47,96;4,08;34,04;21,28;12,77;24,44;60,0;13,86;13,86;28,71;9,43;82,76;53,0
40030;Bernardos;9,52;32,68;8,66;1,02;18926,0;38,59;48,71;3,06;28,44;5,69;35,07;24,63;63,05;23,54;16,78;25,64;5,48;81,18;51,05
40031;Bernuy de Porreros;18,91;7,91;25,24;1,33;17129,0;43,7;43,09;9,96;10,39;2,73;24,36;25,63;59,21;10,37;27,66;36,26;6,3;70,9;72,02
40032;Boceguillas;20,62;13,19;38,2;1,75;14631,0;32,54;56,07;5,33;22,67;8,33;25,33;23,63;55,82;25,29;17,3;20,47;6,93;61,07;56,08
40033;Brieva;12,16;14,23;20,62;0,32;20301,0;34,67;54,67;8,0;31,11;6,67;6,67;30,23;48,84;8,75;22,5;45,0;4,35;62,86;57,5
40034;Caballar;5,9;31,79;7,69;1,75;20301,0;29,17;61,11;4,17;38,1;28,57;21,43;23,68;68,42;15,28;25,0;30,56;2,5;88,64;55,56
40035;Cabañas de Polendos;17,83;19,21;6,9;0,97;18231,0;28,75;50,0;14,38;20,65;4,35;21,74;29,55;60,23;13,94;24,85;38,79;6,45;69,05;57,41
40036;Cabezuela;16,12;22,63;14,81;1,01;16405,0;34,23;53,51;4,32;26,67;14,39;23,86;15,62;74,22;21,79;16,34;21,97;5,41;74,44;55,58
40039;Campo de San Pedro;14,84;20,47;22,27;2,33;17141,0;37,33;48,85;3,23;30,25;17,65;21,01;28,7;57,41;16,23;21,05;33,77;5,0;67,46;53,57
40040;Cantalejo;17,17;20,37;24,73;1,21;15504,0;30,45;55,06;5,24;28,22;10,48;21,5;20,79;64,19;25,46;19,68;21,93;7,46;65,34;53,33
40041;Cantimpalos;15,02;20,21;22,53;1,44;16541,0;33,25;52,77;4,96;23,63;11,09;39,55;20,1;59,97;15,65;19,94;26,05;8,66;64,17;56,5
40043;Carbonero el Mayor;15,99;21,87;18,2;1,27;16943,0;34,47;53,4;3,07;22,84;12,67;29,22;20,43;58,51;25,4;19,14;22,27;3,93;76,28;56,81
40044;Carrascal del Río;9,01;34,93;9,86;1,0;19263,0;39,2;48,0;2,4;29,17;6,25;25,0;31,11;57,78;33,33;20,93;22,48;12,28;64,94;44,53
40045;Casla;8,72;19,62;19,23;0,68;15925,0;38,69;43,07;11,68;45,0;3,75;31,25;23,08;65,38;17,01;21,77;25,85;8,54;66,37;55,78
40046;Castillejo de Mesleón;7,54;26,23;25,41;0,84;19061,0;33,33;50,98;7,84;32,08;9,43;15,09;28,3;60,38;13,89;27,78;29,63;10,17;67,95;55,14
40052;Cedillo de la Torre;6,75;33,25;11,25;0,88;19472,0;30,67;41,33;12,0;39,02;12,2;24,39;25,64;66,67;9,09;23,38;27,27;2,63;80,43;50,0
40053;Cerezo de Abajo;19,08;17,11;34,21;2,75;15702,0;35,24;51,43;6,67;32,08;9,43;22,64;20,75;60,38;24,19;10,48;30,65;14,71;58,59;55,74
40054;Cerezo de Arriba;9,08;23,87;16,81;0,74;19323,0;37,93;44,83;8,62;20,75;11,32;5,66;32,69;51,92;11,57;21,49;31,4;14,75;66,67;50,83
40057;Coca;11,85;25,06;12,98;0,82;15875,0;34,82;50,56;5,12;20,17;11,62;31,51;19,44;60,53;20,59;20,34;20,08;7,92;64,51;49,67
40058;Codorniz;5,03;39,93;2,04;0,65;14968,0;31,4;55,63;2,39;36,88;25,71;29,29;17,74;65,32;18,86;16,5;20,54;4,96;86,45;47,64
40059;Collado Hermoso;2,43;29,74;6,96;0,37;24854,0;38,6;42,11;9,65;28,57;4,76;9,52;37,5;60,71;9,4;29,06;39,32;3,33;75,32;51,72
40060;Condado de Castilnovo;6,85;40,27;10,96;0,78;19472,0;35,14;51,35;0,0;44,44;22,22;11,11;36,11;50,0;41,33;12,0;24,0;0,0;102,7;50,67
40061;Corral de Ayllón;6,13;37,07;13,33;1,4;19472,0;28,57;50,0;2,86;56,67;30,0;16,67;14,81;77,78;28,38;21,62;24,32;11,76;75,0;46,58
40062;Cubillo;4,05;38,92;22,97;0,0;20301,0;23,88;62,69;5,97;40,54;27,03;10,81;27,03;56,76;14,08;19,72;45,07;0,0;83,33;49,3
40063;Cuéllar;15,08;21,24;18,13;1,27;16111,0;36,1;50,71;5,24;20,73;12,62;25,26;23,22;58,5;20,73;20,21;24,85;7,76;68,39;54,58
40065;Chañe;9,71;20,23;38,77;1,0;18037,0;38,62;47,08;6,92;27,5;37,14;13,93;22,27;50,78;37,82;10,5;17,65;4,61;50,28;39,89
40069;Donhierro;6,58;32,88;10,96;1,17;18778,0;26,09;56,52;4,35;29,27;31,71;21,95;17,65;61,76;18,06;22,22;19,44;10,81;75,0;52,86
40070;Duruelo;9,77;26,16;20,93;0,54;23194,0;29,86;47,92;13,89;35,21;9,86;18,31;30,88;58,82;14,94;22,73;29,22;10,39;63,3;50,33
40072;Encinillas;28,21;5,18;5,79;2,19;18250,0;27,8;64,09;6,95;17,5;4,0;19,5;27,98;65,8;2,61;18,66;50,0;5,26;77,34;79,77
40073;Escalona del Prado;11,98;27,97;16,46;1,17;17176,0;30,15;55,64;4,17;32,37;39,81;14,56;17,19;66,15;16,23;15,75;24,58;9,95;71,33;53,25
40074;Escarabajosa de Cabezas;11,18;27,13;8,09;0,92;20788,0;31,98;55,87;0,81;43,18;29,77;30,53;19,05;67,46;13,39;19,69;22,44;3,57;82,32;55,34
40075;Escobar de Polendos;9,77;33,49;7,56;0,67;23731,0;34,0;50,0;6,67;28,95;22,37;7,89;29,17;61,11;10,97;21,29;38,06;2,5;81,25;51,95
40076;Espinar, El;17,76;15,46;19,95;1,21;16649,0;34,17;50,65;9,04;19,12;2,7;21,84;30,53;58,27;13,55;25,52;33,41;8,84;63,47;58,25
40077;Espirdo;21,64;8,05;15,97;1,21;17707,0;39,77;46,05;11,43;18,52;3,87;20,1;28,15;61,4;7,47;28,62;38,65;6,36;74,83;73,05
40078;Fresneda de Cuéllar;6,58;36,65;13,66;2,62;20578,0;39,47;45,39;4,61;44,12;38,24;23,53;22,41;58,62;22,93;12,74;15,92;6,76;82,14;47,13
40079;Fresno de Cantespino;9,93;26,9;10,69;0,93;21518,0;30,42;54,75;7,98;33,58;9,49;19,71;30,65;58,06;16,79;21,17;33,94;15,33;70,95;55,76
40080;Fresno de la Fuente;15,0;22,75;18,75;1,17;19472,0;31,94;50,0;5,56;34,29;11,43;28,57;19,35;70,97;15,28;25,0;22,22;5,0;80,85;55,56
40081;Frumales;4,13;43,8;3,31;4,0;18618,0;26,27;61,02;4,24;25,49;9,8;25,49;37,78;51,11;18,49;15,13;26,05;6,0;82,46;42,02
40082;Fuente de Santa Cruz;6,48;41,9;7,62;1,75;18778,0;28,72;59,57;3,19;56,41;46,15;12,82;32,0;60,0;25,0;16,67;20,83;5,0;73,08;41,67
40083;Fuente el Olmo de Fuentidueña;5,39;7,07;82,19;0,24;13507,0;43,97;39,22;10,78;11,93;75,23;6,42;8,51;23,4;48,42;18,68;6,58;2,42;46,67;43,65
40086;Fuentepelayo;11,38;25,03;11,4;0,73;18525,0;37,03;49,56;4,08;26,83;11,92;25,2;27,22;59,6;13,25;20,8;29,63;4,85;76,75;56,16
40087;Fuentepiñel;0,0;46,25;7,81;0,0;19472,0;38,81;41,79;4,48;36,11;22,22;13,89;34,38;59,38;31,34;13,43;35,82;6,06;96,88;49,25
40088;Fuenterrebollo;11,61;33,55;16,13;1,23;14545,0;33,1;52,26;4,18;35,34;15,65;20,0;27,68;65,18;12,0;18,33;21,67;6,99;80,12;48,31
40089;Fuentesaúco de Fuentidueña;6,76;39,73;8,22;1,08;18793,0;33,17;50,73;4,39;37,5;21,15;15,38;28,72;60,64;27,96;13,74;27,49;1,96;90,09;48,8
40091;Fuentesoto;5,42;41,25;6,25;1,4;18634,0;32,26;54,84;4,3;46,88;18,75;6,25;23,33;60,0;36,46;25,0;22,92;10,26;72,92;41,05
40092;Fuentidueña;9,68;33,49;18,25;1,17;18714,0;29,91;52,14;5,98;18,18;12,73;29,09;22,64;60,38;28,33;21,67;19,17;9,26;72,06;45,0
40093;Gallegos;10,21;23,96;15,62;0,47;20301,0;33,73;53,01;3,61;23,26;11,63;9,3;17,07;68,29;16,09;16,09;26,44;11,36;61,9;51,16
40094;Garcillán;18,28;11,93;14,42;1,69;18650,0;36,53;51,76;6,56;19,85;7,12;28,84;29,88;56,57;9,63;25,46;39,22;7,37;72,93;65,52
40095;Gomezserracín;11,91;21,41;25,37;0,88;18488,0;37,13;50,29;3,73;30,23;41,16;16,72;13,49;57,44;20,93;12,41;15,37;3,91;72,3;57,49
40097;Grajera;19,05;13,12;29,64;1,25;17566,0;42,64;41,12;12,69;25,98;6,3;26,77;18,4;72,0;13,74;22,75;31,28;6,47;73,45;66,51
40099;Honrubia de la Cuesta;1,22;31,02;12,24;0,0;19472,0;37,78;46,67;4,44;11,76;0,0;17,65;18,75;75,0;10,2;22,45;22,45;11,11;51,61;36,73
40100;Hontalbilla;10,8;34,64;7,61;0,9;15988,0;34,62;50,0;3,85;36,07;17,21;20,49;16,81;71,68;18,96;17,47;25,65;5,65;78,52;46,27
40101;Hontanares de Eresma;28,57;6,13;12,75;1,3;15165,0;34,87;56,16;6,79;12,78;2,63;23,68;25,52;58,68;6,72;27,29;37,57;5,87;73,22;73,1
40103;Huertos, Los;16,21;22,41;8,05;1,48;18071,0;28,06;52,52;8,63;22,58;10,75;23,66;17,24;71,26;13,19;29,17;29,86;4,44;80,37;62,5
40104;Ituero y Lama;12,6;17,48;22,36;0,92;18362,0;30,77;51,54;14,36;11,98;4,69;14,06;33,52;53,3;7,16;31,11;37,28;13,58;61,4;60,45
40106;Juarros de Voltoya;7,27;37,43;7,49;0,54;14931,0;30,46;57,47;1,72;40,0;18,57;27,14;15,15;71,21;21,02;21,02;18,18;7,59;72,28;44,89
40107;Labajos;7,81;35,05;29,52;0,44;15728,0;38,71;46,24;3,23;40,48;14,29;9,52;20,0;60,0;20,83;21,88;22,92;11,11;68,97;46,88
40108;Laguna de Contreras;2,0;48,55;0,91;0,0;16682,0;28,32;46,9;7,96;38,1;23,81;23,81;7,89;76,32;26,55;11,5;20,35;8,51;82,69;41,59
40109;Languilla;10,84;28,67;13,25;0,58;19472,0;29,41;47,06;8,82;36,36;33,33;12,12;24,14;65,52;26,67;14,67;32,0;10,26;74,47;52,0
40110;Lastras de Cuéllar;4,7;36,58;5,7;0,66;16154,0;40,07;40,07;2,09;28,89;20,0;31,11;14,29;66,67;28,52;13,09;20,13;6,9;77,14;48,99
40111;Lastras del Pozo;12,36;32,0;14,55;1,0;18778,0;27,27;47,27;10,91;35,71;28,57;17,86;28,0;64,0;26,32;15,79;31,58;3,45;93,33;50,88
40112;Lastrilla, La;21,43;11,21;15,01;1,34;20421,0;34,87;55,01;7,06;18,31;1,24;16,8;39,42;51,41;11,13;21,44;43,98;5,54;68,63;63,26
40113;Losa, La;19,11;19,41;8,87;1,06;19494,0;37,41;48,5;8,08;24,38;5,37;17,77;41,56;51,52;8,76;24,94;42,25;6,98;72,29;58,64
40115;Maderuelo;10,5;37,23;9,9;0,88;20916,0;29,55;50,0;9,09;37,78;18,18;18,18;35,0;55,0;24,18;14,29;47,25;4,76;81,63;46,15
40118;Marazuela;24,14;26,55;1,72;4,67;18778,0;47,5;35,0;12,5;50,0;25,0;18,75;35,71;50,0;21,95;21,95;43,9;0,0;77,78;51,22
40119;Martín Miguel;14,27;16,56;23,3;1,51;19070,0;37,61;51,38;5,5;24,6;20,63;15,87;26,67;52,5;16,31;21,03;36,48;7,48;70,47;63,64
40120;Martín Muñoz de la Dehesa;17,13;13,29;3,91;0,44;19999,0;29,12;59,0;6,9;28,48;10,91;32,73;26,11;55,41;9,47;25,38;33,71;7,39;75,46;67,43
40121;Martín Muñoz de las Posadas;5,95;37,76;9,27;1,17;15950,0;33,05;46,19;3,81;36,27;18,81;18,81;15,22;70,65;28,92;17,67;13,25;4,63;72,03;43,72
40122;Marugán;10,39;28,32;16,54;1,23;17771,0;26,24;55,96;10,11;28,72;6,76;13,18;28,16;58,48;14,35;20,95;39,74;14,86;64,78;50,87
40123;Matabuena;7,92;20,97;24,64;0,82;17124,0;41,57;39,89;10,11;36,36;10,1;33,33;17,53;70,1;19,29;22,34;23,35;6,54;70,42;54,31
40124;Mata de Cuéllar;10,42;26,05;6,9;1,33;16886,0;34,05;53,02;3,45;38,02;26,45;19,01;14,53;65,81;19,15;16,17;21,7;8,4;76,92;55,74
40125;Matilla, La;6,94;28,61;6,94;2,33;20301,0;42,86;38,57;10,0;44,44;13,89;30,56;40,0;60,0;18,57;11,43;41,43;2,44;85,11;58,57
40126;Melque de Cercos;6,32;38,95;3,51;0,0;18778,0;22,95;54,1;8,2;23,33;16,67;6,67;23,08;76,92;9,68;24,19;25,81;9,38;100,0;52,46
40128;Migueláñez;5,99;31,39;8,03;0,82;19681,0;39,68;38,89;10,32;29,82;14,04;21,05;30,77;59,62;12,98;19,08;37,4;4,62;74,7;50,0
40129;Montejo de Arévalo;9,55;43,31;5,73;2,23;17211,0;31,03;55,86;2,76;36,62;35,21;15,49;21,31;63,93;25,33;19,33;19,33;2,82;97,18;48,63
40130;Montejo de la Vega de la Serrezuela;10,33;37,87;3,28;0,78;18530,0;28,83;56,76;5,41;44,44;22,22;38,89;29,79;51,06;15,79;14,91;22,81;3,64;82,81;49,55
40131;Monterrubio;9,02;35,29;0,0;0,0;20301,0;26,0;58,0;8,0;40,0;36,0;8,0;31,82;63,64;9,8;11,76;31,37;4,0;88,89;50,0
40134;Mozoncillo;9,19;22,47;23,63;1,01;17009,0;37,25;50,38;2,88;23,64;36,64;17,26;17,28;54,97;27,59;16,65;21,05;2,97;68,28;52,34
40135;Muñopedro;8,51;35,14;11,49;1,14;14551,0;37,97;41,73;3,76;28,69;16,39;18,85;16,52;73,04;31,36;16,72;14,63;6,67;77,3;47,54
40136;Muñoveros;15,86;25,93;15,86;1,88;16156,0;34,62;46,15;6,92;32,14;42,86;16,07;17,65;62,75;20,15;17,91;31,34;13,64;68,67;50,0
40138;Nava de la Asunción;12,02;22,0;19,3;0,9;15840,0;37,11;49,07;5,56;21,81;12,0;30,37;21,37;60,99;24,91;18,8;22,91;8,57;67,06;54,64
40139;Navafría;6,08;36,75;13,78;0,5;17172,0;32,05;50,97;5,02;28,24;5,34;12,21;21,26;63,78;21,85;20,37;25,56;8,33;79,61;49,25
40140;Navalilla;8,0;34,89;23,33;1,4;19472,0;27,91;48,84;5,81;22,5;17,5;25,0;22,22;63,89;23,6;24,72;19,1;7,69;70,59;43,82
40141;Navalmanzano;13,62;22,18;12,89;1,82;15233,0;34,64;53,3;4,58;28,36;17,89;30,32;16,0;65,78;19,87;16,22;20,3;5,52;72,25;54,99
40142;Navares de Ayuso;11,29;20,65;9,68;2,33;19472,0;34,0;60,0;0,0;45,16;54,84;3,23;14,81;70,37;12,0;28,0;22,0;14,71;70,73;68,0
40143;Navares de Enmedio;8,0;42,67;5,56;2,33;19472,0;33,73;50,6;1,2;42,11;36,84;5,26;19,35;70,97;27,91;18,6;22,09;2,5;88,64;47,06
40145;Navas de Oro;12,12;27,24;10,75;0,93;16943,0;33,6;50,98;4,9;22,68;13,94;29,55;18,15;65,09;21,01;18,32;22,92;6,01;69,42;51,14
40146;Navas de San Antonio;19,64;20,73;20,26;2,13;15532,0;33,12;54,22;6,49;28,32;18,5;20,23;23,67;64,5;14,65;22,61;29,62;5,82;77,73;60,38
40148;Nieva;6,12;28,84;16,28;0,85;16890,0;32,92;47,74;6,58;16,98;14,15;23,58;27,27;53,54;10,44;17,67;31,33;8,4;64,5;47,98
40149;Olombrada;5,92;37,14;12,45;0,7;16379,0;32,61;49,78;2,83;47,0;27,0;22,5;19,89;66,3;26,3;16,08;24,84;3,2;80,0;45,72
40150;Orejana;0,98;38,36;4,92;0,0;20301,0;43,55;41,94;1,61;44,83;24,14;17,24;32,14;60,71;20,63;20,63;20,63;8,82;91,18;53,97
40152;Otero de Herreros;16,47;17,85;12,07;1,07;17234,0;33,95;52,22;8,27;17,66;4,42;22,52;33,72;54,13;9,82;22,16;34,25;7,29;67,84;58,11
40155;Palazuelos de Eresma;22,46;9,89;8,24;1,15;19797,0;34,13;54,97;8,03;14,23;0,53;17,84;37,31;53,85;7,42;23,42;45,78;5,1;71,46;68,48
40156;Pedraza;11,86;25,45;15,87;0,76;21488,0;36,18;44,71;10,92;30,94;3,31;20,44;20,12;58,54;17,68;20,26;30,55;2,34;80,68;55,7
40157;Pelayos del Arroyo;3,56;37,33;2,22;0,0;20301,0;39,13;41,3;4,35;47,37;10,53;26,32;31,58;52,63;12,77;17,02;44,68;4,76;83,33;44,68
40159;Pinarejos;13,07;21,76;41,95;0,78;15620,0;49,07;39,75;3,11;30,38;41,77;24,05;16,44;52,05;22,81;22,22;12,87;10,42;66,15;56,14
40160;Pinarnegrillo;2,68;47,01;3,09;2,33;18778,0;35,11;50,0;2,13;41,67;30,56;13,89;12,9;67,74;14,89;19,15;13,83;15,0;75,56;42,55
40161;Carabias;18,95;13,68;43,86;2,0;19472,0;27,91;55,81;9,3;14,71;35,29;17,65;24,24;54,55;16,67;33,33;22,92;3,23;76,92;64,58
40162;Prádena;13,93;25,17;16,88;0,97;17292,0;30,6;49,0;4,98;29,86;5,24;23,81;27,64;58,29;19,39;18,2;29,08;7,28;67,02;49,4
40164;Rapariegos;4,19;35,05;11,29;1,05;21547,0;34,25;42,54;7,18;49,51;30,1;20,39;18,89;70,0;25,26;20,53;22,11;5,61;91,82;56,91
40165;Rebollo;0,0;41,43;7,14;0,0;20301,0;40,28;36,11;2,78;29,41;14,71;14,71;32,26;51,61;21,92;8,22;35,62;6,45;74,36;42,47
40166;Remondo;14,37;29,17;14,98;1,28;16750,0;33,96;56,34;2,99;38,46;29,06;22,22;28,85;51,92;20,07;12,9;24,01;6,3;65,75;45,85
40170;Riaza;15,69;17,94;24,59;1,13;16979,0;35,39;49,61;7,22;23,05;5,89;19,28;24,49;61,11;18,78;22,5;28,36;8,61;71,61;60,73
40173;Roda de Eresma;18,46;10,69;21,15;1,52;15570,0;36,1;53,17;7,8;16,79;8,4;17,56;25,81;62,1;6,91;23,96;36,41;8,97;70,97;67,76
40174;Sacramenia;8,5;38,56;14,37;0,74;16757,0;32,36;48,22;2,91;34,9;18,12;18,12;18,98;67,88;35,31;15,0;18,44;5,56;78,61;45,28
40176;Samboal;11,42;27,58;16,78;0,74;16131,0;36,12;48,89;5,65;25,95;26,49;24,32;20,34;58,19;18,01;15,4;21,56;6,8;69,06;49,16
40177;San Cristóbal de Cuéllar;7,83;39,25;19,88;2,0;18512,0;31,25;52,78;4,17;28,33;31,67;11,67;25,0;50,0;23,13;12,93;25,17;3,08;77,78;44,22
40178;San Cristóbal de la Vega;7,9;31,85;2,47;0,0;18778,0;38,16;44,74;5,26;29,73;35,14;27,03;6,06;69,7;31,17;16,88;16,88;5,71;68,75;45,45
40179;Sanchonuño;15,64;18,05;29,73;1,07;15714,0;39,4;48,81;3,57;14,99;12,53;25,5;15,79;55,26;21,61;18,37;21,39;4,17;65,62;54,24
40180;Sangarcía;5,14;33,71;12,14;0,0;19602,0;35,63;52,11;2,3;38,28;24,22;21,88;30,08;57,72;21,93;17,1;29,37;5,22;76,51;50,0
40181;Real Sitio de San Ildefonso;14,64;21,38;9,35;0,99;19318,0;32,66;51,63;7,86;16,2;2,17;25,1;29,47;56,76;12,6;24,32;35,62;7,2;72,5;58,13
40182;San Martín y Mudrián;12,15;21,85;32,31;0,5;19057,0;38,18;43,18;5,45;18,56;20,62;30,93;15,73;60,67;27,75;12,78;22,03;7,55;56,65;47,32
40183;San Miguel de Bernuy;9,17;35,5;14,17;0,35;17157,0;31,86;44,25;7,08;29,09;14,55;14,55;12,96;72,22;27,2;20,0;17,6;8,62;79,1;47,15
40184;San Pedro de Gaíllos;10,06;31,21;12,1;1,09;18237,0;35,25;44,6;3,96;34,35;21,37;20,61;21,14;69,11;25,61;23,16;25,96;2,04;77,84;51,76
40185;Santa María la Real de Nieva;9,23;28,97;16,15;1,02;18833,0;33,75;51,12;5,38;32,24;21,23;19,81;23,54;58,99;21,17;20,33;28,95;7,78;74,51;54,28
40188;Santiuste de Pedraza;3,21;44,44;8,64;0,0;20301,0;22,5;56,25;11,25;53,33;20,0;20,0;44,44;51,85;19,28;9,64;34,94;9,09;73,17;39,76
40189;Santiuste de San Juan Bautista;10,75;33,82;7,68;1,04;17136,0;30,83;52,08;5,21;24,53;18,01;31,28;15,31;63,78;26,9;15,2;20,53;6,96;74,56;47,62
40190;Santo Domingo de Pirón;10,2;25,1;5,88;0,0;20301,0;30,43;52,17;13,04;29,17;8,33;8,33;54,17;37,5;10,64;23,4;48,94;0,0;78,79;56,52
40191;Santo Tomé del Puerto;8,36;29,14;12,93;0,27;16500,0;34,26;48,15;7,87;34,21;9,65;22,81;14,29;73,33;27,6;22,17;24,89;8,47;76,06;53,64
40192;Sauquillo de Cabezas;8,66;23,88;5,97;0,74;15970,0;37,98;37,98;6,98;36,92;15,38;29,23;20,0;68,33;11,54;21,54;23,08;4,84;65,56;48,06
40193;Sebúlcor;11,32;16,28;11,98;0,57;15266,0;38,14;49,77;5,58;33,08;16,92;17,69;26,19;61,9;4,95;28,83;34,68;11,19;71,75;64,71
40194;Segovia;14,99;22,61;19,97;1,2;18975,0;36,93;47,73;6,72;14,12;1,63;14,17;36,81;50,07;15,04;23,3;37,54;8,24;65,63;52,12
40195;Sepúlveda;11,63;26,55;13,82;1,23;18314,0;35,94;49,31;5,18;30,32;9,28;17,42;26,13;62,47;19,42;21,53;31,19;7,25;74,92;54,33
40199;Sotosalbos;14,46;19,54;6,15;0,88;26560,0;32,2;50,0;9,32;24,59;8,2;18,03;52,63;38,6;10,4;14,4;52,8;2,86;78,16;56,91
40200;Tabanera la Luenga;11,27;32,73;21,82;2,33;18778,0;30,0;52,0;4,0;20,0;8,0;24,0;8,33;75,0;26,92;13,46;11,54;7,69;80,0;50,0
40202;Torreadrada;3,77;43,02;7,55;1,17;19472,0;26,09;58,7;4,35;47,37;21,05;21,05;0,0;73,68;29,17;12,5;10,42;16,67;80,0;50,0
40203;Torrecaballeros;17,58;12,49;11,56;0,95;20430,0;37,73;49,15;10,12;20,24;4,76;14,42;36,46;54,97;8,44;20,55;45,08;5,95;73,11;66,91
40204;Torrecilla del Pinar;7,79;32,0;25,26;0,91;17364,0;33,54;47,83;6,21;32,81;42,19;21,88;17,54;63,16;18,6;23,26;26,74;8,33;58,93;42,35
40205;Torreiglesias;7,63;31,98;14,01;1,33;17699,0;38,72;45,96;3,4;35,71;23,02;11,9;23,08;66,67;26,23;15,98;34,84;6,57;84,21;56,38
40206;Torre Val de San Pedro;7,03;29,7;4,24;1,87;18355,0;37,42;48,47;7,36;36,9;9,52;20,24;35,0;55,0;7,14;21,43;39,88;6,9;81,0;52,41
40207;Trescasas;20,34;10,81;3,82;1,14;22014,0;35,94;52,34;7,03;19,53;1,85;16,5;44,66;48,16;5,31;22,64;51,35;3,55;73,74;68,58
40208;Turégano;11,96;26,55;26,57;1,39;16844,0;35,47;51,13;4,51;30,27;20,63;17,26;22,9;58,64;27,25;17,69;24,95;8,69;75,21;54,7
40210;Urueñas;5,33;46,29;0,95;1,4;19472,0;37,63;46,24;4,3;43,75;29,17;22,92;18,6;74,42;33,33;17,2;21,51;0,0;95,74;48,39
40211;Valdeprados;4,76;33,97;12,7;3,5;20301,0;29,31;56,9;5,17;34,48;17,86;10,71;42,31;50,0;13,79;27,59;50,0;9,68;75,68;53,45
40213;Valdevacas y Guijar;6,19;37,38;19,05;3,0;20301,0;37,66;35,06;12,99;37,84;27,03;16,22;22,86;57,14;21,52;13,92;40,51;8,11;72,34;46,84
40214;Valseca;7,12;29,33;12,02;0,24;19618,0;34,31;49,51;3,92;28,83;12,61;18,02;27,72;57,43;7,32;19,02;27,32;6,9;81,2;56,86
40215;Valtiendas;5,87;41,33;8,0;1,17;19472,0;40,0;36,0;2,67;56,76;43,24;13,51;32,26;64,52;30,26;15,79;30,26;2,94;86,84;44,74
40216;Valverde del Majano;17,95;15,31;11,99;0,9;18121,0;36,98;50,33;7,16;15,06;4,04;23,33;26,68;58,98;9,96;22,43;38,36;4,45;76,22;64,44
40218;Valle de Tabladillo;6,33;31,65;3,8;1,4;19472,0;44,29;47,14;2,86;44,74;15,79;31,58;14,71;70,59;30,0;12,86;20,0;5,56;75,56;51,43
40219;Vallelado;11,36;25,74;18,12;1,24;15624,0;38,1;47,59;4,66;32,68;23,86;30,07;25,52;57,93;13,81;17,12;21,77;4,33;66,74;48,79
40220;Valleruela de Pedraza;3,61;38,69;1,64;0,0;20301,0;30,65;46,77;6,45;32,43;13,51;5,41;37,14;51,43;22,22;25,4;23,81;3,23;88,24;49,21
40221;Valleruela de Sepúlveda;3,33;38,33;2,08;0,0;20301,0;28,0;60,0;4,0;43,75;12,5;31,25;30,77;61,54;34,0;22,0;28,0;15,0;62,96;40,0
40222;Veganzones;6,64;28,25;22,27;0,4;16022,0;36,65;49,74;2,09;30,39;34,31;14,71;12,9;65,59;24,38;16,42;16,92;6,42;73,38;55,05
40223;Vegas de Matute;10,08;23,32;21,18;1,28;20333,0;37,67;41,67;11,67;20,67;2,0;18,0;37,67;52,05;9,52;26,03;42,54;8,38;68,62;57,19
40225;Villacastín;16,04;19,62;19,82;1,32;14926,0;33,17;51,15;6,97;17,04;12,82;25,92;14,66;67,34;21,56;18,75;19,51;7,84;70,01;58,58
40228;Villaverde de Íscar;11,85;26,32;10,36;1,4;13227,0;34,21;55,45;2,63;21,76;12,55;38,49;17,54;67,11;26,54;14,77;13,64;9,02;68,36;49,81
40230;Villeguillo;16,43;20,62;11,63;0,81;13316,0;34,31;46,08;9,8;20,75;24,53;35,85;14,0;54,0;23,15;20,37;12,04;7,55;58,33;50,96
40231;Yanguas de Eresma;7,78;27,46;14,29;0,47;18260,0;35,4;50,44;7,08;22,03;11,86;18,64;25,0;58,93;14,91;18,42;30,7;8,06;72,15;54,39
40233;Zarzuela del Monte;10,77;25,25;12,82;0,93;15994,0;32,5;53,86;5,0;22,6;6,25;24,04;18,46;65,13;22,88;20,48;22,88;6,87;66,98;51,32
40234;Zarzuela del Pinar;10,98;30,83;4,41;1,19;14226,0;37,64;51,92;2,75;24,2;17,2;28,66;26,71;60,27;17,47;12,1;23,92;9,55;66,53;48,5
40901;Ortigosa del Monte;15,73;19,57;6,73;0,64;19835,0;39,31;43,35;9,27;19,41;3,3;22,71;36,61;54,33;9,88;20,74;45,54;6,6;65,61;56,69
40902;Cozuelos de Fuentidueña;5,69;40,2;6,86;0,0;16545,0;33,01;44,66;4,85;41,86;30,23;18,6;16,22;67,57;34,62;25,0;13,46;8,7;76,36;44,23
40903;Marazoleja;7,42;27,22;17,53;0,0;18778,0;31,82;53,41;3,41;24,49;12,77;27,66;25,0;65,91;18,89;17,78;35,56;10,53;83,61;64,04
40904;Navas de Riofrío;13,61;28,55;5,98;1,26;29260,0;35,16;48,63;9,89;25,88;2,35;11,76;56,36;38,18;6,44;25,0;60,82;7,91;65,99;45,97
40905;Cuevas de Provanco;6,31;44,46;3,85;1,5;14063,0;29,84;52,42;4,84;46,67;35,56;20,0;7,89;81,58;30,16;17,46;14,29;5,56;82,26;43,2
40906;San Cristóbal de Segovia;17,8;8,31;10,88;0,82;18088,0;39,58;50,93;7,34;14,75;1,09;18,87;33,69;54,35;10,17;25,77;42,11;4,89;71,35;68,55
41001;Aguadulce;19,19;17,65;8,12;1,45;11746,0;32,95;51,26;7,2;17,35;24,03;18,4;23,1;50,13;19,05;13,49;22,52;13,91;60,43;55,66
41002;Alanís;13,85;20,1;2,5;0,93;11530,0;36,78;48,17;6,21;21,97;27,51;24,88;21,13;51,94;19,72;14,67;16,55;23,03;53,52;51,95
41003;Albaida del Aljarafe;20,76;11,24;3,26;1,09;11898,0;36,56;52,63;6,56;18,81;5,73;18,59;24,39;61,75;13,55;20,75;22,99;18,25;58,51;62,63
41004;Alcalá de Guadaíra;19,06;14,43;5,43;1,08;14815,0;36,11;49,21;8,5;14,31;0,96;20,59;30,21;56,99;12,73;20,07;25,76;20,2;56,54;59,38
41005;Alcalá del Río;20,18;14,27;4,24;1,28;12936,0;32,67;53,67;7,46;14,88;10,15;16,32;24,9;58,19;14,54;19,31;23,2;19,09;56,05;57,45
41006;Alcolea del Río;17,51;16,9;1,5;1,24;11081,0;35,24;51,92;5,25;13,95;36,94;11,09;15,31;50,32;23,93;17,51;14,95;16,33;52,98;50,23
41007;Algaba, La;20,02;14,25;4,99;1,15;12757,0;33,18;53,46;6,85;12,45;2,83;17,3;26,14;57,67;15,39;20,39;22,15;21,11;56,53;59,52
41008;Algámitas;16,84;19,11;6,11;1,78;11443,0;32,7;53,35;5,45;25,92;27,63;18,5;17,68;55,45;21,05;13,48;14,59;18,49;55,84;52,15
41009;Almadén de la Plata;11,92;23,6;4,44;1,15;12684,0;34,34;48,4;6,64;17,11;18,57;16,94;17,89;60,21;23,24;17,1;18,01;18,35;57,78;50,67
41010;Almensilla;20,58;11,49;5,82;1,23;14589,0;35,76;52,56;7,59;14,59;1,97;14,99;31,63;58,48;7,81;26,96;30,76;16,98;60,01;62,58
41011;Arahal;18,72;15,79;2,65;1,25;12645,0;32,66;55,73;4,52;16,61;11,53;24,23;25,99;57,2;21,52;16,0;20,92;15,79;55,25;53,35
41012;Aznalcázar;19,59;15,03;9,21;1,34;12400,0;37,71;47,92;8,67;16,89;13,3;15,58;23,85;57,32;16,77;24,85;22,46;21,3;52,29;54,25
41013;Aznalcóllar;18,39;16,04;3,39;1,38;12197,0;35,92;50,05;7,01;12,81;9,25;31,47;16,21;63,7;21,9;17,66;13,57;24,52;49,24;52,04
41014;Badolatosa;17,85;14,83;3,12;1,46;10281,0;33,1;54,25;6,15;15,71;42,54;21,31;12,51;49,09;21,43;11,48;13,53;11,79;57,94;53,52
41015;Benacazón;21,42;12,89;3,77;1,22;12152,0;34,41;53,4;6,57;14,52;10,01;18,43;24,07;59,3;15,17;19,21;23,05;19,12;54,88;57,46
41016;Bollullos de la Mitación;20,97;11,87;6,86;1,02;15561,0;34,64;52,6;7,7;16,27;3,58;12,48;35,0;55,46;10,86;22,19;33,96;14,83;59,54;61,75
41017;Bormujos;21,46;10,1;7,19;1,04;18213,0;35,9;51,77;8,41;15,58;0,61;12,13;43,65;47,92;6,94;23,17;42,09;13,7;61,56;63,76
41018;Brenes;18,5;14,46;11,03;1,3;11969,0;34,48;51,79;6,92;14,22;24,12;16,99;19,74;53,1;15,38;21,72;17,54;16,32;53,63;53,06
41019;Burguillos;21,0;10,53;8,57;1,23;11269,0;35,79;50,17;9,22;13,13;15,42;15,03;21,54;57,28;11,9;23,43;20,55;19,9;52,17;58,35
41020;Cabezas de San Juan, Las;17,74;14,69;2,46;1,24;10972,0;33,21;53,72;5,89;18,67;10,54;29,3;17,58;69,62;22,53;13,68;14,24;24,63;47,25;51,67
41021;Camas;17,47;16,11;9,24;1,2;14058,0;37,55;45,79;9,49;12,49;0,96;13,32;28,38;58,22;14,83;20,62;26,9;20,2;58,04;59,52
41022;Campana, La;15,89;18,67;4,04;1,2;11143,0;30,78;56,35;4,68;17,36;32,25;17,8;15,97;54,31;29,22;14,72;13,96;14,51;54,93;49,54
41023;Cantillana;18,79;14,93;8,62;1,45;11685,0;35,02;51,61;5,61;16,09;26,56;16,92;20,75;51,36;21,21;17,52;17,41;19,25;52,79;53,62
41024;Carmona;16,87;16,41;6,05;1,28;13705,0;33,73;52,5;7,02;17,81;9,48;22,25;28,11;56,6;18,77;19,29;24,85;18,96;55,89;55,76
41025;Carrión de los Céspedes;17,32;17,59;5,61;1,36;12885,0;35,48;48,4;8,72;14,1;7,16;16,05;26,29;59,56;14,84;19,42;24,53;18,81;55,29;53,6
41026;Casariche;16,71;17,32;5,79;1,19;11493,0;32,26;54,81;6,11;20,3;29,56;27,29;18,55;50,91;20,02;12,85;17,27;13,03;60,97;55,09
41027;Castilblanco de los Arroyos;15,52;19,21;6,28;1,2;11995,0;33,29;49,99;8,43;21,37;14,29;17,9;22,27;59,0;14,88;18,82;24,84;23,42;53,31;53,12
41028;Castilleja de Guzmán;17,96;9,07;4,88;1,22;18208,0;38,53;49,07;8,56;14,41;0,62;10,55;51,13;41,82;6,09;26,07;46,62;14,17;61,07;63,08
41029;Castilleja de la Cuesta;17,48;17,08;8,51;1,08;14875,0;36,19;47,79;9,45;11,77;0,77;12,91;33,93;54,1;11,47;24,3;31,65;16,94;62,34;59,01
41030;Castilleja del Campo;13,03;20,42;6,68;0,83;13835,0;36,05;49,15;7,21;16,06;11,06;22,12;29,33;54,81;16,39;22,47;21,92;16,03;58,35;53,64
41031;Castillo de las Guardas, El;11,52;23,75;6,25;0,87;13396,0;35,03;48,32;8,74;20,45;16,23;16,79;25,0;55,96;17,63;23,08;21,55;19,62;58,2;50,77
41032;Cazalla de la Sierra;14,36;20,25;3,92;0,88;12948,0;35,69;49,71;6,45;22,84;18,92;19,99;26,41;51,21;18,7;20,96;22,91;20,93;55,5;52,85
41033;Constantina;14,03;19,68;3,21;1,12;12039,0;34,34;50,83;5,77;19,19;24,94;14,68;21,35;53,25;23,2;16,87;17,75;17,4;54,53;50,4
41034;Coria del Río;18,92;14,41;6,96;1,16;12219,0;36,7;48,63;8,22;14,92;3,6;18,16;23,39;60,27;18,59;19,52;20,91;20,99;54,91;57,71
41035;Coripe;13,57;23,4;5,74;0,95;12952,0;31,63;51,25;5,48;22,8;27,2;20,47;19,18;56,71;28,2;17,07;14,94;17,79;51,34;46,0
41036;Coronil, El;15,44;19,23;4,41;1,16;12029,0;33,16;51,85;6,19;16,83;22,54;14,6;21,06;55,89;21,89;15,32;19,29;18,44;53,77;50,05
41037;Corrales, Los;17,39;17,39;4,89;1,57;11939,0;29,65;58,99;4,21;21,4;28,14;24,69;16,02;54,89;22,41;13,49;16,78;12,79;60,26;54,34
41038;Dos Hermanas;19,57;13,56;5,41;1,23;16191,0;35,79;50,26;8,53;12,87;0,64;15,22;34,94;53,15;10,27;28,89;33,45;17,1;60,02;61,37
41039;Écija;18,17;16,47;4,4;1,27;13078,0;33,25;52,73;7,15;17,83;13,32;21,01;26,72;56,87;19,62;16,96;24,23;19,79;57,58;57,28
41040;Espartinas;22,23;10,1;7,45;1,18;20026,0;34,75;53,05;8,08;17,67;1,02;11,69;51,5;42,84;6,26;25,31;48,3;12,34;62,26;63,03
41041;Estepa;18,15;14,83;5,84;1,37;13022,0;32,22;55,32;5,96;19,14;19,69;29,55;23,1;56,26;15,86;16,18;23,13;11,11;61,84;56,7
41042;Fuentes de Andalucía;15,88;19,68;4,61;1,28;12506,0;30,63;56,89;4,92;21,81;21,47;18,32;25,55;55,08;23,75;15,68;22,56;14,91;58,8;52,28
41043;Garrobo, El;13,57;16,88;3,12;0,82;13224,0;37,16;47,23;7,23;16,61;8,47;23,78;20,2;62,29;17,99;16,46;20,22;21,01;55,71;55,63
41044;Gelves;18,3;11,9;6,11;1,25;17601,0;37,94;48,61;8,99;15,84;0,94;12,3;42,57;48,59;7,55;23,99;40,93;14,62;61,15;61,58
41045;Gerena;19,09;15,1;5,21;1,03;14344,0;33,78;52,31;7,17;14,71;4,5;18,69;27,13;60,16;14,88;20,95;25,88;19,13;58,65;59,57
41046;Gilena;16,18;16,8;4,13;1,06;13359,0;33,17;53,58;5,34;17,63;29,04;21,4;24,2;46,93;19,41;13,72;23,29;11,02;62,54;55,67
41047;Gines;18,1;14,8;6,22;1,09;18571,0;36,83;49,69;8,52;16,24;0,7;13,33;45,7;47,4;8,12;23,95;45,31;13,0;62,0;58,87
41048;Guadalcanal;13,71;21,77;3,96;0,97;11647,0;36,74;49,3;4,16;25,5;31,13;16,63;20,73;53,25;23,88;16,14;18,31;16,76;59,52;53,28
41049;Guillena;20,25;11,92;8,5;1,26;13496,0;34,8;51,81;7,55;15,04;5,0;19,11;30,09;55,77;15,39;18,22;24,73;21,4;53,65;59,21
41050;Herrera;17,6;17,41;4,27;1,48;12825,0;30,77;55,36;6,35;26,11;26,01;22,42;22,93;54,69;17,15;16,85;22,25;12,51;63,25;56,73
41051;Huévar del Aljarafe;17,16;13,9;5,23;0,97;13288,0;35,57;49,98;8,92;10,48;7,06;19,59;21,72;59,82;15,46;22,17;22,66;17,95;57,51;59,7
41052;Lantejuela;18,73;14,96;2,23;1,41;11281,0;35,4;52,54;5,03;18,1;21,54;39,57;14,22;63,73;19,36;12,92;12,06;13,22;58,11;54,62
41053;Lebrija;18,39;14,62;3,65;1,31;12485,0;34,84;52,72;6,13;22,27;12,97;17,98;26,78;61,7;18,53;16,59;22,83;19,88;54,75;56,46
41054;Lora de Estepa;11,38;19,01;7,09;0,76;13624,0;33,71;50,06;7,92;22,45;33,16;17,86;20,53;53,16;17,82;14,6;21,53;9,84;63,45;54,56
41055;Lora del Río;17,73;16,96;3,04;1,2;12174,0;34,06;51,57;6,58;16,34;24,47;15,97;21,5;53,06;22,76;15,75;22,08;18,11;55,41;53,49
41056;Luisiana, La;17,73;16,8;3,05;1,47;12578,0;31,24;56,7;4,73;20,54;14,52;37,58;19,56;63,71;22,48;15,03;17,0;15,89;59,55;55,54
41057;Madroño, El;10,35;33,61;3,12;1,5;14964,0;37,45;48,36;3,64;17,17;26,53;21,43;16,49;69,07;20,36;19,64;19,64;22,83;63,23;45,85
41058;Mairena del Alcor;20,17;13,35;5,01;1,23;14133,0;33,11;54,19;7,04;16,3;3,3;22,08;30,03;59,3;11,52;28,37;30,53;16,31;61,1;61,43
41059;Mairena del Aljarafe;19,64;14,55;7,86;1,27;19104,0;35,81;49,81;9,15;14,94;0,58;11,53;49,84;42,91;8,48;21,44;45,29;13,8;63,15;60,0
41060;Marchena;18,91;16,6;4,92;1,34;12952,0;31,97;54,52;6,31;18,84;9,59;30,07;27,45;56,6;23,91;16,87;25,11;17,99;57,49;56,0
41061;Marinaleda;16,53;16,87;2,02;1,39;10389,0;34,87;51,7;6,76;15,81;50,44;12,29;11,41;42,36;23,15;14,18;12,88;11,2;60,26;53,95
41062;Martín de la Jara;15,95;17,66;4,37;1,19;11159,0;30,93;56,7;3,87;27,49;36,14;15,54;15,92;52,43;21,19;12,98;15,85;8,95;60,75;51,63
41063;Molares, Los;19,26;13,27;3,46;1,25;11449,0;35,16;53,9;4,75;17,13;12,02;20,88;23,14;58,78;17,61;15,56;16,7;22,19;50,33;54,43
41064;Montellano;18,14;16,1;2,43;1,3;11103,0;35,41;50,62;6,14;20,29;19,45;24,95;18,34;59,71;25,7;15,5;15,28;19,81;50,83;50,53
41065;Morón de la Frontera;16,2;18,65;3,62;1,13;13050,0;32,99;51,95;7,09;16,47;8,26;30,35;23,45;59,63;20,46;17,75;20,08;19,12;55,71;53,2
41066;Navas de la Concepción, Las;15,69;20,95;1,6;1,51;11846,0;34,64;49,69;5,07;21,72;34,62;20,33;15,97;47,15;23,39;15,22;13,7;15,9;57,59;50,04
41067;Olivares;17,74;14,43;5,77;1,23;12062,0;36,44;51,03;6,62;16,91;4,08;18,41;27,24;59,86;16,75;20,78;24,02;21,61;53,94;56,9
41068;Osuna;17,8;16,42;3,69;1,35;12926,0;35,45;51,13;6,07;16,43;17,81;15,96;26,14;50,11;17,05;17,73;24,19;18,89;58,73;57,92
41069;Palacios y Villafranca, Los;19,98;14,27;2,41;1,41;11400,0;33,61;54,19;5,94;20,44;10,15;22,65;22,24;62,41;26,78;15,06;17,81;21,48;51,07;53,7
41070;Palomares del Río;21,87;11,56;5,56;1,1;17812,0;33,84;52,69;8,42;17,28;0,76;13,03;43,84;48,44;7,64;23,83;43,39;12,83;62,71;63,51
41071;Paradas;16,71;18,38;2,87;1,16;12029,0;32,52;54,29;5,46;22,86;16,6;24,3;24,63;54,29;25,37;15,59;18,25;17,21;55,06;51,71
41072;Pedrera;18,15;15,36;4,88;1,27;12144,0;34,17;52,23;5,53;20,58;29,8;20,83;18,41;50,25;18,03;14,25;17,89;13,08;59,32;54,76
41073;Pedroso, El;12,99;20,96;5,34;0,97;12735,0;34,57;49,03;7,59;18,47;22,4;15,62;17,27;57,35;17,98;19,65;20,29;21,98;57,09;54,46
41074;Peñaflor;16,85;19,03;2,65;1,48;11927,0;31,16;55,36;4,76;17,33;38,92;10,34;19,26;50,57;21,26;17,36;18,44;14,49;57,08;50,23
41075;Pilas;18,86;13,78;8,78;1,18;11590,0;35,77;49,69;8,0;19,08;12,78;23,89;21,3;60,76;18,7;18,29;17,8;19,2;52,04;54,3
41076;Pruna;14,31;20,11;4,86;1,21;10178,0;36,71;49,49;4,69;23,34;40,7;15,76;13,17;46,91;35,12;11,77;11,41;17,89;50,76;45,71
41077;Puebla de Cazalla, La;18,52;17,07;3,77;1,33;11823,0;33,4;52,68;5,67;20,89;25,15;21,09;20,64;57,33;20,81;15,72;18,41;16,27;56,63;53,47
41078;Puebla de los Infantes, La;16,7;20,82;3,33;1,65;11359,0;35,22;48,28;5,98;18,31;36,82;8,26;17,45;47,55;22,67;18,72;14,85;14,42;50,16;43,61
41079;Puebla del Río, La;17,94;15,6;5,32;1,07;12138,0;34,42;51,34;7,35;15,91;5,18;20,17;22,5;61,11;19,4;17,82;17,32;23,21;53,15;56,43
41080;Real de la Jara, El;15,09;20,5;3,17;1,43;11728,0;35,5;50,42;5,9;25,62;23,67;18,33;21,51;60,59;21,86;15,24;19,33;22,01;61,25;57,61
41081;Rinconada, La;18,44;12,85;6,14;1,08;13788,0;35,27;50,93;7,97;13,57;5,54;18,94;26,49;57,85;12,64;21,15;24,92;17,76;57,61;60,22
41082;Roda de Andalucía, La;17,14;17,88;4,58;1,34;12461,0;32,72;53,79;5,71;18,69;25,01;33,66;13,59;54,89;20,83;13,96;14,4;12,96;62,14;55,27
41083;Ronquillo, El;14,25;21,97;4,33;0,83;13638,0;34,82;47,45;9,07;20,07;8,47;18,42;26,57;56,74;18,82;18,58;19,45;19,35;59,2;54,43
41084;Rubio, El;15,33;18,33;3,88;1,33;11994,0;33,5;52,81;6,49;21,24;30,89;20,96;21,98;48,82;22,06;13,79;19,96;12,98;60,36;53,19
41085;Salteras;18,06;13,8;5,93;0,89;16276,0;35,12;50,96;8,98;17,4;1,67;13,3;38,52;53,02;11,04;23,0;34,69;14,38;62,04;61,04
41086;San Juan de Aznalfarache;18,95;14,76;17,48;1,28;13116,0;38,97;43,27;10,05;11,45;1,15;12,32;30,51;54,3;15,78;23,01;25,73;22,7;52,85;56,93
41087;Sanlúcar la Mayor;18,33;14,81;7,8;1,08;13377,0;36,22;48,24;9,04;17,03;2,85;16,27;30,68;59,29;14,74;21,84;27,53;19,35;55,69;57,44
41088;San Nicolás del Puerto;12,06;18,74;2,33;0,8;12012,0;39,51;46,5;6,81;22,46;18,72;14,44;27,22;52,78;16,04;20,15;18,28;25,38;47,9;48,87
41089;Santiponce;18,46;15,14;5,59;0,98;13251,0;34,18;51,08;7,93;14,21;1,49;15,96;26,72;59,77;14,78;21,05;24,84;19,05;58,02;58,85
41090;Saucejo, El;16,17;19,08;4,36;1,29;11527,0;33,19;51,9;5,6;28,49;28,44;18,29;19,59;54,62;23,07;13,91;17,06;13,42;60,46;53,28
41091;Sevilla;16,26;18,63;11,73;1,15;18433,0;38,42;45,61;8,3;13,95;1,29;10,28;43,83;45,48;12,95;21,39;38,05;17,11;59,8;55,95
41092;Tocina;17,06;16,89;4,37;1,17;12187,0;32,32;53,62;6,57;17,75;23,59;16,32;18,47;56,73;23,18;17,91;17,34;16,37;54,0;51,62
41093;Tomares;20,28;14,6;7,17;1,06;21786,0;35,0;50,92;9,13;16,74;0,7;10,77;56,52;37,93;5,64;25,13;51,38;11,84;64,42;60,16
41094;Umbrete;21,7;11,87;5,73;1,26;13539,0;34,62;52,12;8,15;15,39;3,24;15,21;31,07;57,81;11,61;22,88;29,69;15,87;58,87;60,75
41095;Utrera;18,34;15,48;5,03;1,27;13294,0;33,63;52,02;7,61;15,55;4,76;20,48;29,08;59,68;15,81;19,32;23,62;23,57;52,88;56,12
41096;Valencina de la Concepción;15,95;17,06;6,04;0,83;18533,0;35,08;50,81;7,8;19,48;0,87;13,58;43,31;47,31;10,12;22,59;40,69;16,63;59,45;56,61
41097;Villamanrique de la Condesa;19,27;15,11;12,85;1,23;11058,0;35,67;50,23;6,98;17,27;36,84;13,71;16,58;55,64;23,1;16,75;14,01;17,25;48,85;48,81
41098;Villanueva del Ariscal;18,29;14,4;5,1;1,11;12816,0;35,47;49,83;8,45;17,32;1,29;14,33;31,55;58,62;12,68;22,21;29,05;20,05;56,36;58,37
41099;Villanueva del Río y Minas;16,23;19,5;4,92;1,22;11412,0;37,13;45,17;9,09;11,86;25,51;17,6;15,2;54,83;22,24;17,21;13,98;22,07;49,23;48,12
41100;Villanueva de San Juan;11,29;22,41;2,14;0,75;10996,0;32,29;51,62;6,26;34,76;37,23;20,0;16,13;61,29;20,85;10,81;13,54;20,0;55,4;50,22
41101;Villaverde del Río;18,63;14,65;5,64;1,44;11311,0;33,69;53,75;5,51;17,37;20,97;24,07;19,25;54,61;19,16;19,25;16,7;17,19;53,25;53,17
41102;Viso del Alcor, El;20,12;14,59;5,06;1,3;12767,0;32,9;55,26;5,19;20,25;5,75;26,5;24,53;64,36;17,54;17,53;21,02;17,66;59,53;60,06
41901;Cañada Rosal;18,62;16,59;1,29;1,4;12318,0;29,36;57,62;5,65;23,15;20,31;33,93;21,67;59,71;22,62;12,66;17,54;12,28;59,1;54,62
41902;Isla Mayor;17,11;16,05;3,87;1,0;10087,0;37,57;48,46;5,99;22,29;32,45;21,37;14,13;55,07;24,75;12,66;9,23;24,55;44,74;47,68
41903;Cuervo de Sevilla, El;17,9;14,41;4,56;1,24;10735,0;33,8;54,41;5,66;22,82;13,04;22,88;18,21;67,64;22,64;14,78;14,07;23,28;52,65;56,63
41904;Palmar de Troya, El;16,87;17,61;7,14;1,29;9429,0;37,82;48,48;5,62;17,5;20,62;22,53;13,3;59,93;29,01;13,13;8,52;22,91;42,28;42,37
42001;Abejar;9,68;29,75;21,4;0,76;18774,0;40,38;42,31;6,92;29,75;11,57;21,49;26,5;58,97;24,63;21,66;16,32;16,33;73,65;44,14
42003;Adradas;3,38;27,89;1,41;0,0;22370,0;46,77;41,94;0,0;51,28;51,28;2,56;19,35;64,52;7,94;17,46;44,44;0,0;81,25;61,9
42004;Ágreda;16,92;23,4;21,37;1,34;18093,0;34,41;52,96;4,34;18,23;6,5;43,57;22,0;59,46;21,09;18,91;25,47;5,5;72,62;55,05
42006;Alconaba;9,85;26,8;6,6;0,3;22353,0;32,2;58,19;4,52;26,21;8,74;22,33;35,11;48,94;14,75;21,86;33,88;3,74;82,4;58,79
42007;Alcubilla de Avellaneda;7,72;43,33;18,42;3,5;17700,0;37,25;40,2;8,82;32,5;47,5;15,0;16,67;58,33;27,88;23,08;15,38;4,44;79,63;43,27
42008;Alcubilla de las Peñas;8,85;28,85;14,75;0,0;16357,0;37,04;46,3;3,7;60,71;39,29;21,43;17,39;78,26;12,73;30,91;21,82;10,0;67,5;55,56
42009;Aldealafuente;8,57;32,14;9,52;1,08;22404,0;32,47;53,25;3,9;40,43;36,17;6,38;43,59;56,41;3,66;19,51;42,68;2,08;100,0;59,26
42014;Aldehuelas, Las;1,02;34,92;6,78;0,0;22042,0;53,45;34,48;0,0;47,22;38,89;13,89;22,86;62,86;6,56;44,26;24,59;2,63;102,78;63,33
42017;Almajano;11,8;23,26;15,73;0,85;19287,0;39,62;45,91;5,03;27,91;4,65;23,26;23,75;65,0;8,59;22,7;36,2;6,12;79,31;60,87
42018;Almaluez;3,16;46,32;5,26;1,27;16412,0;35,25;45,9;4,92;60,71;50,0;17,86;40,0;51,43;27,05;10,66;30,33;3,23;109,09;50,82
42019;Almarza;10,6;27,81;10,47;1,14;20479,0;36,5;49,27;6,2;28,57;10,45;24,04;27,11;63,74;14,64;23,81;36,16;5,88;79,56;54,26
42020;Almazán;16,32;22,5;19,05;1,4;17511,0;35,84;49,46;6,26;16,67;6,42;32,99;24,17;60,89;18,45;26,1;26,27;6,88;71,5;55,82
42021;Almazul;0,0;45,9;3,28;0,0;22404,0;27,87;47,54;6,56;60,61;51,52;21,21;18,52;70,37;32,79;16,39;31,15;9,38;100,0;52,46
42022;Almenar de Soria;7,81;28,41;11,59;1,09;21516,0;32,67;49,5;6,93;39,62;32,08;15,09;34,15;54,88;13,59;23,3;31,07;7,89;69,54;56,16
42023;Alpanseque;0,0;41,15;0,0;0,0;16357,0;41,18;39,22;5,88;73,08;53,85;23,08;16,67;72,22;15,69;11,76;13,73;0,0;96,3;50,98
42024;Arancón;0,82;42,47;0,0;0,0;22404,0;36,84;50,0;6,58;48,84;34,88;6,98;37,5;53,12;14,47;21,05;30,26;2,38;107,89;55,26
42025;Arcos de Jalón;12,57;26,96;20,47;1,16;15603,0;32,86;49,49;6,56;25,2;9,76;22,11;21,81;66,27;26,52;18,3;26,89;8,05;69,64;51,48
42027;Arévalo de la Sierra;1,69;32,68;0,0;0,0;22042,0;32,86;51,43;10,0;38,89;33,33;22,22;24,24;69,7;5,71;14,29;32,86;5,0;84,44;57,14
42028;Ausejo de la Sierra;21,74;17,39;8,7;1,94;15729,0;34,44;56,67;5,56;36,36;16,36;20,0;45,1;49,02;10,87;8,7;52,17;3,17;85,92;68,48
42029;Baraona;3,45;37,24;7,76;0,0;14728,0;43,97;40,52;2,59;55,93;30,51;11,86;25,93;62,96;19,33;23,53;23,53;1,72;86,36;48,74
42030;Barca;11,55;33,79;12,93;1,17;22507,0;30,53;53,68;5,26;40,82;30,61;32,65;36,59;46,34;20,0;18,0;25,0;2,13;69,7;47,47
42032;Bayubas de Abajo;4,67;47,2;17,33;0,47;19111,0;36,64;46,56;3,05;15,22;13,04;15,22;37,78;51,11;15,0;9,29;27,86;4,17;68,66;34,29
42033;Bayubas de Arriba;10,71;44,29;0,0;4,2;18554,0;30,19;54,72;3,77;40,91;31,82;13,64;20,0;75,0;20,37;14,81;29,63;0,0;108,33;48,15
42035;Berlanga de Duero;10,1;31,5;14,66;0,72;17186,0;37,47;46,32;4,36;34,08;17,46;19,72;26,22;60,06;24,58;20,0;24,05;6,86;74,79;49,93
42039;Borobia;8,48;34,19;7,37;1,45;18239,0;42,58;40,67;5,74;27,84;20,62;23,71;20,65;58,7;18,78;15,49;23,94;7,89;86,07;53,52
42042;Buitrago;13,24;19,41;4,41;0,0;22404,0;46,77;38,71;4,84;40,0;30,0;15,0;33,33;60,0;9,23;18,46;41,54;5,13;77,08;62,9
42043;Burgo de Osma-Ciudad de Osma;14,35;23,49;18,56;1,15;17617,0;37,19;49,15;4,94;17,27;10,1;30,12;25,0;55,89;22,97;20,97;27,14;7,43;65,08;51,27
42045;Cabrejas del Pinar;8,55;32,21;12,76;0,52;18852,0;36,57;45,15;5,22;17,54;7,02;34,21;22,73;60,91;13,09;17,82;17,82;15,83;71,78;51,29
42048;Caltojar;0,0;36,6;5,66;0,0;22370,0;58,0;28,0;2,0;62,5;45,83;12,5;15,0;75,0;11,76;17,65;25,49;8,0;71,88;49,02
42049;Candilichera;0,0;40,61;7,07;0,0;25747,0;30,69;55,45;2,97;40,0;40,0;12,5;29,03;67,74;29,81;17,31;23,08;9,8;85,19;49,04
42055;Casarejos;4,69;36,14;2,76;0,78;16330,0;38,41;39,86;5,8;29,63;3,7;42,59;14,81;61,11;13,57;24,29;15,71;14,49;73,75;49,64
42057;Castilruiz;9,41;34,35;24,71;1,05;18906,0;35,51;48,55;2,9;36,36;22,73;30,3;21,67;50,0;31,03;17,24;22,07;2,9;70,53;47,92
42058;Castillejo de Robledo;10,3;41,19;2,97;2,0;17200,0;37,5;50,0;4,55;47,5;42,5;12,5;12,12;78,79;7,87;11,24;26,97;9,76;78,72;46,07
42061;Cidones;9,58;29,2;5,43;2,08;22759,0;37,94;43,97;9,93;27,46;9,15;21,83;41,18;48,53;15,86;22,07;38,97;8,05;74,86;51,92
42064;Ciria;1,47;43,24;2,94;1,75;22404,0;37,68;50,72;2,9;41,38;34,48;17,24;16,0;60,0;11,43;28,57;27,14;18,75;76,47;45,71
42068;Coscurita;0,0;43,19;4,35;0,0;22370,0;40,3;56,72;1,49;57,14;51,43;5,71;30,43;60,87;14,71;20,59;39,71;0,0;108,33;57,35
42069;Covaleda;8,77;32,55;2,37;0,97;16340,0;39,42;45,42;5,03;21,9;5,51;28,48;26,56;61,44;21,79;19,01;25,12;10,0;71,76;49,42
42071;Cubo de la Solana;9,4;35,52;18,58;1,52;20642,0;32,03;52,29;5,88;36,0;28,0;17,33;38,46;46,15;25,97;22,73;31,82;5,63;66,34;46,1
42073;Cueva de Ágreda;2,99;49,55;1,49;0,0;22404,0;42,42;43,94;1,52;22,22;7,41;37,04;29,17;50,0;4,48;26,87;16,42;3,85;86,21;38,81
42075;Dévanos;5,83;45,56;5,56;0,0;22404,0;30,43;49,28;5,8;26,92;19,23;34,62;52,17;47,83;21,43;14,29;28,57;11,54;69,7;37,14
42076;Deza;2,21;44,42;7,36;0,5;16057,0;40,99;47,2;1,86;52,31;46,15;10,77;24,49;61,22;25,0;13,41;24,39;8,57;80,0;42,68
42078;Duruelo de la Sierra;6,66;32,61;3,57;0,9;18577,0;37,71;48,14;4,75;22,03;2,75;34,53;30,62;60,35;23,27;20,41;30,71;5,65;76,1;50,82
42080;Espeja de San Marcelino;6,54;36,42;8,02;0,27;18652,0;37,06;48,25;3,5;46,55;22,41;36,21;20,0;72,73;28,57;18,37;24,49;8,45;72,22;48,63
42081;Espejón;13,54;30,71;2,36;0,37;12777,0;33,33;42,74;7,69;30,36;5,36;57,14;11,54;63,46;19,33;15,13;14,29;6,9;73,97;49,15
42085;Fuentearmegil;1,08;57,3;4,05;0,0;16729,0;31,76;50,68;4,73;42,86;28,57;30,95;24,32;59,46;12,75;20,13;15,44;4,55;79,25;29,53
42087;Fuentecantos;8,31;21,23;6,15;0,47;22404,0;40,98;49,18;8,2;34,29;2,86;31,43;51,52;33,33;3,17;22,22;42,86;9,76;78,72;66,13
42088;Fuentelmonge;1,03;48,28;3,45;0,0;22404,0;40,68;50,85;3,39;58,06;38,71;16,13;31,82;40,91;10,0;21,67;28,33;0,0;103,57;48,33
42089;Fuentelsaz de Soria;7,88;28,79;3,03;2,62;22404,0;21,67;60,0;5,0;40,0;23,33;26,67;33,33;59,26;8,06;17,74;38,71;9,38;70,73;51,61
42090;Fuentepinilla;1,37;41,92;6,85;0,0;18554,0;36,84;48,68;2,63;47,06;41,18;20,59;12,0;76,0;25,97;14,29;18,18;12,82;87,18;50,65
42092;Fuentes de Magaña;5,96;37,87;6,38;2,33;22042,0;33,33;56,25;4,17;65,0;40,0;15,0;16,67;66,67;25,49;15,69;17,65;14,29;66,67;42,86
42094;Garray;18,11;16,8;7,19;1,46;24493,0;34,98;54,24;6,16;21,73;3,7;22,72;38,21;52,05;7,41;24,36;44,78;3,73;79,27;65,7
42095;Golmayo;23,0;9,83;12,49;1,38;19363,0;36,76;52,6;7,07;17,45;3,25;25,48;32,57;56,07;7,98;25,84;42,86;5,46;70,22;66,71
42096;Gómara;10,07;26,55;24,48;2,47;16575,0;41,31;44,4;4,63;29,13;27,56;14,17;20,35;55,75;10,41;20,82;26,39;2,16;75,56;51,67
42103;Langa de Duero;11,02;29,44;18,13;1,03;17226,0;36,57;49,68;3,88;31,05;25,16;35,29;16,79;61,07;29,8;17,2;18,13;9,25;73,79;51,86
42107;Magaña;6,0;32,67;5,0;2,0;22042,0;37,93;43,1;12,07;42,86;25,71;25,71;41,18;55,88;8,62;20,69;37,93;3,12;88,57;55,17
42110;Matalebreras;9,16;27,47;19,28;1,0;22404,0;33,8;57,75;4,23;43,9;14,63;36,59;17,95;69,23;5,19;23,38;36,36;4,88;78,0;53,25
42111;Matamala de Almazán;5,95;40,16;6,75;0,91;16839,0;36,99;41,46;8,13;31,63;15,31;29,59;20,21;62,77;21,86;18,62;19,03;5,77;73,13;42,11
42113;Medinaceli;13,09;25,74;26,94;1,03;19239,0;38,15;41,53;9,09;31,39;6,8;16,5;21,18;63,89;24,11;22,6;26,98;4,69;73,85;54,51
42115;Miño de Medinaceli;3,01;31,23;4,11;0,0;16357,0;44,59;40,54;9,46;47,5;27,5;7,5;33,33;58,33;15,79;27,63;31,58;6,98;86,96;56,58
42117;Molinos de Duero;13,21;26,67;14,2;0,58;22254,0;35,29;49,26;7,35;22,67;4,0;33,33;24,66;52,05;7,69;27,97;23,78;3,8;81,72;55,63
42119;Monteagudo de las Vicarías;14,82;34,47;18,82;3,08;16668,0;41,22;37,16;6,08;40,68;28,81;22,03;19,61;62,75;30,32;17,42;15,48;9,38;65,91;41,29
42120;Montejo de Tiermes;9,41;33,53;11,76;3,18;21200,0;33,07;48,82;7,87;46,03;36,51;17,46;28,3;60,38;21,97;21,21;23,48;2,82;94,52;54,2
42121;Montenegro de Cameros;6,51;43,72;2,33;1,4;17502,0;36,36;45,45;2,27;52,94;35,29;29,41;23,53;64,71;15,91;6,82;25,0;0,0;77,27;38,64
42123;Morón de Almazán;8,45;32,68;12,37;0,3;20664,0;35,48;45,7;5,38;29,21;25,0;23,86;33,33;56,79;19,47;19,47;33,16;9,89;71,93;48,4
42124;Muriel de la Fuente;7,17;37,74;3,77;1,4;17502,0;42,31;38,46;3,85;28,57;9,52;23,81;19,05;71,43;17,31;17,31;19,23;0,0;75,86;42,31
42125;Muriel Viejo;6,3;29,04;8,22;1,17;17502,0;48,57;31,43;11,43;18,42;10,53;26,32;22,22;61,11;8,45;19,72;29,58;4,76;88,89;59,15
42129;Navaleno;8,57;26,45;7,16;0,67;18892,0;35,46;50,0;4,45;21,69;3,38;29,58;29,23;55,59;13,93;18,72;30,62;6,03;76,22;53,36
42130;Nepas;0,0;50,61;0,0;0,0;22370,0;24,0;66,0;4,0;54,17;58,33;16,67;33,33;61,11;28,0;16,0;32,0;0,0;108,7;50,0
42131;Nolay;2,67;55,56;0,0;0,0;22370,0;35,42;47,92;0,0;55,56;44,44;11,11;26,67;73,33;22,92;18,75;22,92;5,88;88,89;35,42
42132;Noviercas;6,49;31,04;7,79;0,37;16430,0;43,42;44,08;3,95;49,3;35,21;11,27;34,43;50,82;18,06;23,23;29,68;7,87;87,23;57,79
42134;Ólvega;15,06;17,84;25,15;1,14;18557,0;34,68;52,2;6,16;11,77;3,75;46,33;16,15;58,07;21,87;19,55;22,05;4,94;75,71;61,3
42135;Oncala;1,64;46,56;3,28;1,4;22042,0;40,0;31,67;10,0;31,25;28,12;21,88;18,75;65,62;14,75;9,84;39,34;0,0;114,29;52,46
42141;Póveda de Soria, La;6,67;34,07;1,85;2,33;17757,0;38,0;45,0;4,0;39,58;29,17;22,92;16,67;72,92;14,71;15,69;28,43;9,43;80,0;52,48
42142;Pozalmuro;4,49;33,06;10,2;0,0;22404,0;33,33;60,0;0,0;23,08;15,38;11,54;43,48;52,17;26,67;22,22;35,56;0,0;87,1;60,0
42144;Quintana Redonda;13,24;31,07;14,49;1,75;17288,0;37,12;49,42;4,18;25,68;24,32;19,82;21,61;62,81;18,94;22,91;28,19;7,42;76,81;51,12
42145;Quintanas de Gormaz;4,07;32,03;15,45;0,7;15043,0;36,97;44,54;5,88;29,03;25,81;38,71;13,56;57,63;20,83;14,17;14,17;7,69;80,0;54,17
42149;Rábanos, Los;10,13;27,43;9,49;0,58;19865,0;36,77;51,99;5,39;21,52;11,66;24,66;27,54;55,56;12,87;21,84;28,74;6,53;77,89;56,58
42152;Recuerda;5,71;27,62;11,11;1,0;17200,0;45,76;40,68;8,47;56,67;56,67;13,33;7,69;80,77;18,33;23,33;16,67;6,25;73,17;53,33
42154;Renieblas;4,3;28,97;10,28;1,17;21102,0;33,0;56,0;6,0;21,05;12,28;19,3;21,82;72,73;14,02;23,36;29,91;3,28;86,76;57,01
42155;Retortillo de Soria;1,24;52,71;7,75;0,0;19276,0;38,58;37,8;7,87;58,82;56,86;9,8;12,5;77,5;26,36;16,28;19,38;8,62;106,0;44,96
42158;Rioseco de Soria;12,26;30,0;14,52;1,75;20658,0;29,73;55,86;3,6;27,78;9,26;16,67;51,06;34,04;21,24;23,89;37,17;11,32;66,2;46,9
42160;Royo, El;4,82;35,26;2,41;0,22;21102,0;38,72;44,68;8,09;37,93;8,7;16,52;38,39;43,75;10,0;23,75;43,33;3,42;80,14;48,75
42161;Salduero;5,27;36,22;5,41;0,78;18589,0;41,3;46,38;1,45;26,32;1,75;31,58;30,36;58,93;13,29;19,58;23,08;6,15;74,39;45,45
42162;San Esteban de Gormaz;13,17;24,21;21,57;1,45;17610,0;38,21;49,25;3,53;24,33;14,59;29,81;24,0;57,61;20,05;16,91;23,71;6,37;68,42;51,49
42163;San Felices;8,36;24,0;3,64;1,75;22042,0;45,28;39,62;3,77;12,5;16,67;20,83;9,52;47,62;9,26;29,63;31,48;22,22;56,76;50,0
42164;San Leonardo de Yagüe;12,17;25,15;16,93;0,77;16534,0;37,2;50,26;4,57;18,89;3,62;40,62;23,4;56,05;18,06;21,69;23,33;10,64;64,71;50,17
42165;San Pedro Manrique;14,12;19,42;32,15;0,98;16036,0;36,91;50,98;4,69;16,22;13,18;47,64;17,73;53,55;29,89;16,79;15,68;7,37;68,97;58,1
42166;Santa Cruz de Yanguas;7,5;34,64;0,0;2,8;22042,0;46,3;35,19;3,7;41,38;17,24;10,34;31,03;58,62;9,09;14,55;32,73;6,9;90,0;53,7
42167;Santa María de Huerta;7,2;37,74;8,79;0,28;15572,0;36,41;46,54;1,38;31,37;12,75;28,43;19,15;64,89;24,34;18,58;22,57;12,62;72,58;45,58
42168;Santa María de las Hoyas;6,02;43,72;4,42;4,0;18096,0;38,89;40,74;9,26;41,03;20,51;25,64;30,56;61,11;17,43;15,6;17,43;20,0;72,73;45,87
42171;Serón de Nágima;8,84;40,93;24,81;1,56;17646,0;29,63;50,0;6,48;51,16;18,6;23,26;23,68;68,42;22,41;21,55;18,1;4,65;64,06;37,07
42173;Soria;16,91;19,96;20,76;1,23;19572,0;38,81;46,72;6,51;11,45;2,34;20,72;37,03;49,18;14,35;21,11;39,16;6,65;69,5;56,54
42174;Sotillo del Rincón;4,86;28,32;10,4;0,28;25245,0;32,14;52,98;6,55;24,44;8,89;20,0;38,1;53,57;5,23;26,74;47,09;8,33;78,57;55,81
42177;Tajueco;4,92;41,31;16,39;1,0;18554,0;41,82;45,45;3,64;36,0;28,0;32,0;39,13;52,17;16,07;16,07;17,86;3,45;87,5;51,79
42178;Talveila;1,7;46,42;2,83;0,0;21920,0;45,1;32,35;4,9;28,57;7,14;21,43;21,74;60,87;21,15;21,15;29,81;20,0;56,0;33,98
42181;Tardelcuende;10,43;37,74;10,58;0,93;17173,0;31,48;51,32;2,91;22,35;14,71;27,06;22,42;63,64;21,45;15,5;20,16;6,21;78,67;46,09
42183;Tejado;3,56;44,36;15,84;0,64;22404,0;21,98;64,84;2,2;60,47;46,51;9,3;26,67;60,0;25,0;19,79;28,12;0,0;92,0;47,92
42184;Torlengua;0,0;44,19;0,0;0,0;22404,0;31,11;60,0;0,0;43,48;30,43;21,74;38,89;61,11;17,78;22,22;20,0;4,17;104,55;53,33
42187;Torrubia de Soria;0,0;40,0;5,77;0,0;22404,0;43,64;43,64;1,82;67,65;57,58;18,18;11,11;81,48;19,64;26,79;12,5;0,0;126,67;67,86
42189;Ucero;10,62;23,95;16,05;0,5;17200,0;43,06;43,06;4,17;28,95;2,63;21,05;18,92;75,68;12,66;30,38;27,85;7,89;70,0;48,1
42190;Vadillo;1,23;37,28;1,23;1,0;17502,0;56,63;27,71;4,82;23,33;3,33;50,0;16,67;66,67;11,9;23,81;20,24;17,14;64,44;41,67
42191;Valdeavellano de Tera;11,71;31,53;5,86;1,68;22570,0;39,39;38,89;6,57;39,77;3,41;20,45;31,03;59,77;9,36;17,24;37,44;5,94;78,51;50,0
42194;Valdemaluque;3,6;44,32;8,63;0,7;16929,0;41,86;33,33;4,65;35,85;22,64;24,53;21,28;68,09;21,97;27,27;18,94;5,56;79,69;40,91
42195;Valdenebro;7,59;37,24;18,39;3,18;18554,0;43,9;39,02;6,1;13,79;34,48;13,79;22,22;51,85;26,14;19,32;27,27;14,29;66,67;39,77
42197;Valderrodilla;1,69;47,12;1,69;1,75;18554,0;36,07;50,82;3,28;51,72;37,93;20,69;13,64;72,73;21,31;22,95;18,03;3,33;100,0;49,18
42200;Velamazán;3,03;45,15;0,0;7,0;22370,0;46,15;35,38;7,69;57,14;60,0;14,29;20,83;66,67;33,33;30,3;18,18;0,0;116,13;54,55
42205;Villaciervos;1,16;44,88;0,0;0,0;18554,0;32,14;53,57;4,76;28,57;5,71;34,29;23,53;64,71;14,12;14,12;30,59;7,5;84,09;47,06
42209;Villar del Río;6,33;35,44;6,96;1,75;18788,0;44,9;39,46;8,84;38,24;23,53;20,59;25,86;65,52;20,81;19,46;28,19;9,59;78,57;48,99
42211;Villares de Soria, Los;5,0;35,56;0,0;0,0;22404,0;37,5;48,61;2,78;34,88;18,6;20,93;36,84;57,89;15,07;13,7;42,47;0,0;102,44;57,53
42212;Villasayas;10,51;35,59;1,69;1,4;16357,0;43,4;47,17;0,0;65,85;60,98;17,07;15,38;73,08;20,0;10,91;34,55;0,0;122,58;70,37
42215;Vinuesa;10,93;26,52;8,0;1,04;16201,0;36,61;48,22;4,92;28,83;11,43;22,34;19,4;69,4;16,58;19,63;26,39;4,93;76,28;54,28
42218;Yanguas;17,52;20,19;25,71;2,47;17023,0;37,08;49,44;8,99;28,89;15,56;35,56;27,91;53,49;16,67;13,33;31,11;13,64;55,88;48,89
43001;Aiguamúrcia;14,99;21,54;15,07;1,29;17218,0;34,33;48,63;9,33;30,62;17,04;22,72;27,54;56,15;12,07;24,5;31,83;10,44;63,67;53,83
43002;Albinyana;16,68;18,25;12,18;1,14;15764,0;34,26;47,76;10,49;16,46;1,96;27,78;21,94;62,25;10,79;25,97;22,61;13,49;60,72;55,12
43003;Albiol, L';23,38;12,84;10,61;1,23;19986,0;30,0;55,85;9,76;19,59;1,63;27,76;42,54;46,05;4,87;28,07;44,78;8,76;62,23;59,48
43004;Alcanar;16,35;19,54;22,57;1,16;15079,0;31,25;51,0;9,83;24,61;19,29;17,11;27,16;55,08;15,92;23,59;26,88;8,64;62,89;53,13
43005;Alcover;18,06;17,02;13,35;1,31;18374,0;32,94;52,77;7,28;17,24;3,34;37,31;29,05;57,27;11,98;22,6;29,52;8,87;69,28;60,31
43006;Aldover;13,38;26,31;15,38;0,79;16029,0;33,73;48,56;8,66;21,11;10,31;20,61;35,1;52,21;21,64;20,25;24,91;10,77;62,59;49,56
43007;Aleixar, L';18,71;13,82;15,01;1,48;18173,0;34,67;53,82;5,63;20,75;3,73;21,21;35,52;52,07;11,81;21,84;34,96;9,05;63,66;60,83
43008;Alfara de Carles;10,25;26,37;11,83;0,52;15730,0;32,48;48,23;8,68;30,38;18,35;24,05;19,08;68,42;11,59;24,39;26,22;8,24;74,89;56,0
43009;Alforja;15,73;18,64;11,13;1,34;17830,0;36,18;46,14;10,61;16,44;2,02;26,2;33,18;57,24;12,03;24,01;31,13;11,22;65,87;56,51
43010;Alió;21,84;20,52;9,62;1,8;15921,0;24,18;60,45;10,58;22,58;12,9;24,42;32,32;54,55;6,37;25,0;32,35;9,47;76,92;60,45
43011;Almoster;16,25;14,2;8,03;0,84;28439,0;33,95;53,39;8,0;23,05;2,16;23,34;52,88;43,18;4,82;23,3;49,44;5,33;71,22;63,82
43012;Altafulla;19,24;18,2;16,43;1,31;24506,0;32,67;50,86;10,57;21,15;0,63;15,23;54,48;39,74;8,25;20,27;50,53;7,11;66,35;55,78
43013;Ametlla de Mar, L';15,15;22,89;27,42;1,19;17582,0;32,02;49,81;9,91;27,58;8,71;15,86;28,38;62,19;20,37;23,4;25,22;9,61;55,34;44,64
43014;Amposta;18,34;16,95;27,31;1,21;14904,0;33,43;49,57;10,1;18,54;8,08;23,45;26,19;57,43;16,21;22,69;26,19;10,5;59,6;53,91
43015;Arbolí;10,58;18,26;13,04;1,88;19751,0;39,82;39,82;12,39;29,41;8,82;17,65;43,08;52,31;6,84;28,21;53,85;7,46;64,58;57,26
43016;Arboç, L';20,73;14,94;26,49;1,33;15727,0;33,94;50,44;8,35;11,89;2,38;33,89;22,43;58,69;17,47;23,47;19,66;14,22;60,15;56,88
43017;Argentera, L';6,76;24,32;6,47;0,88;31897,0;34,71;49,59;7,44;15,15;3,03;24,24;47,62;41,27;7,26;21,77;50,81;7,04;70,97;57,26
43018;Arnes;12,48;33,26;8,48;1,1;15911,0;27,18;58,85;4,49;36,16;14,69;15,82;28,48;56,36;17,15;19,32;26,57;7,1;70,25;44,74
43019;Ascó;14,32;24,4;14,62;1,09;22841,0;35,84;49,22;6,77;16,57;4,04;22,8;37,54;44,68;18,74;18,67;32,25;7,31;67,52;50,89
43020;Banyeres del Penedès;17,99;15,04;12,12;1,17;18588,0;33,67;51,16;8,64;14,63;2,16;32,66;27,74;58,53;11,21;26,01;27,97;10,22;64,67;60,0
43021;Barberà de la Conca;13,13;20,49;15,02;0,88;18412,0;35,28;47,2;7,79;20,67;10,1;29,33;32,83;53,03;10,49;23,31;35,9;7,63;66,46;55,66
43022;Batea;15,24;27,69;13,88;1,17;13401,0;30,77;53,68;5,58;43,93;31,07;20,84;22,77;63,21;25,02;17,33;19,59;5,98;72,71;51,41
43023;Bellmunt del Priorat;10,97;27,5;13,89;1,19;15786,0;34,0;48,4;5,6;18,02;18,92;32,43;25,47;47,17;20,3;18,8;25,19;7,44;64,74;45,83
43024;Bellvei;17,96;15,62;18,55;1,04;16214,0;34,67;49,14;9,61;16,7;2,71;28,71;25,83;60,15;13,59;23,26;25,15;13,3;58,64;56,36
43025;Benifallet;9,07;30,62;17,8;0,98;16661,0;32,24;49,45;6,73;31,88;13,41;20,65;26,46;61,48;22,62;17,56;26,04;6,69;68,05;44,76
43026;Benissanet;13,43;21,58;27,29;1,18;15755,0;31,28;53,72;7,02;25,31;22,45;18,98;30,57;50,87;19,03;20,36;25,12;5,03;62,95;49,57
43027;Bisbal de Montsant, La;10,19;33,36;14,02;0,28;12509,0;28,8;59,78;1,09;45,88;44,71;15,29;33,33;44,44;15,54;19,17;24,35;5,56;70,25;46,88
43028;Bisbal del Penedès, La;16,67;17,8;12,95;1,43;15886,0;33,79;48,79;10,69;15,97;2,5;25,09;24,6;58,59;13,22;25,66;21,67;13,79;60,3;55,47
43029;Blancafort;13,27;21,99;11,22;1,25;18905,0;37,69;44,51;8,01;15,34;7,94;38,1;25,82;54,4;3,97;26,35;36,26;6,12;73,9;55,84
43030;Bonastre;17,81;16,45;16,45;1,3;15916,0;33,44;49,84;11,8;21,63;6,74;21,28;29,81;58,11;11,11;24,1;30,67;17,09;56,73;55,54
43031;Borges del Camp, Les;18,56;17,23;15,74;1,3;17249,0;33,22;48,5;10,39;16,26;3,06;27,67;28,28;60,04;13,32;22,25;27,93;10,39;63,5;57,74
43032;Bot;10,61;32,73;12,11;1,23;15143,0;28,31;55,37;4,34;36,24;22,48;27,06;29,06;59,11;22,98;18,35;21,17;4,72;73,75;47,17
43033;Botarell;17,04;15,93;12,54;0,7;19501,0;36,72;47,7;10,56;19,89;5,07;23,26;33,93;56,89;9,96;26,99;33,17;9,75;68,06;60,22
43034;Bràfim;19,4;20,26;17,02;1,14;18335,0;28,34;55,6;8,3;21,07;11,04;29,43;30,25;53,02;14,09;21,31;31,79;5,06;73,33;58,03
43035;Cabacés;9,9;27,32;11,53;0,13;15418,0;36,19;47,39;4,85;33,06;32,23;18,18;28,83;59,46;11,03;16,01;24,56;7,52;64,74;48,01
43036;Cabra del Camp;16,12;15,01;16,94;1,43;16003,0;34,17;50,28;10,65;13,35;4,39;35,65;17,86;63,29;13,47;25,54;26,59;12,39;59,79;57,87
43037;Calafell;16,43;18,77;29,54;1,21;17184,0;33,63;46,39;12,9;17,85;0,42;19,12;30,69;57,92;12,55;26,65;32,01;12,31;55,98;50,42
43038;Cambrils;18,4;16,42;26,21;1,14;19902,0;34,65;48,34;10,67;18,88;1,87;18,45;37,94;52,98;10,38;29,16;33,74;9,56;57,95;51,85
43039;Capafonts;3,17;27,13;1,98;0,0;21259,0;41,35;48,08;4,81;17,86;8,93;14,29;30,36;62,5;3,85;25,0;48,08;13,56;72,86;56,73
43040;Capçanes;15,02;26,41;8,74;1,81;17848,0;32,68;52,23;7,54;26,82;12,29;25,7;30,86;58,02;8,58;21,18;42,36;6,22;69,62;52,16
43041;Caseres;11,12;34,48;11,2;1,54;14146,0;32,7;57,35;3,79;36,59;24,39;17,07;22,08;72,73;15,07;17,35;23,29;12,37;64,39;44,5
43042;Castellvell del Camp;18,02;15,41;7,66;1,35;26640,0;32,61;56,96;6,2;21,77;1,8;22,05;45,95;48,87;5,66;23,87;44,23;6,15;71,29;61,9
43043;Catllar, El;20,49;14,04;12,05;1,51;22773,0;32,15;53,33;8,97;18,48;0,72;21,99;41,16;51,54;7,41;24,87;41,14;6,43;67,22;61,18
43044;Sénia, La;15,95;20,17;21,21;0,99;14490,0;31,59;52,23;8,23;21,49;7,03;37,52;26,94;59,94;14,71;23,71;21,82;10,64;61,74;51,84
43045;Colldejou;11,46;27,13;10,19;0,58;17542,0;40,0;43,45;7,59;19,74;6,58;26,32;36,49;54,05;4,79;23,97;26,71;5,06;80,65;54,48
43046;Conesa;9,03;27,61;15,04;0,93;18115,0;36,36;44,44;11,11;33,33;2,22;26,67;45,24;45,24;11,88;33,66;27,72;15,79;70,59;56,44
43047;Constantí;21,61;13,31;26,14;1,63;14364,0;35,02;49,57;8,95;9,27;0,98;24,98;21,35;63,03;18,06;21,06;20,18;15,35;54,09;55,14
43048;Corbera d'Ebre;11,76;25,88;19,53;1,0;14862,0;33,41;52,45;4,79;30,17;15,68;26,84;19,89;63,66;17,32;19,05;19,37;6,55;64,69;48,42
43049;Cornudella de Montsant;11,89;21,24;15,78;1,23;17731,0;39,93;45,22;7,02;28,05;7,07;18,2;29,16;57,63;10,44;24,76;33,69;7,68;71,58;56,63
43050;Creixell;16,92;22,1;20,12;1,4;17445,0;30,86;50,0;11,93;19,54;1,63;22,42;30,96;58,7;15,49;25,03;29,01;11,68;60,87;50,7
43051;Cunit;16,2;19,64;26,23;1,14;16783,0;32,59;48,3;11,93;16,11;0,19;19,73;26,08;60,42;15,38;24,42;30,14;13,24;55,62;50,53
43052;Xerta;12,78;25,45;14,17;1,19;16305,0;33,0;47,47;10,32;23,76;6,35;20,71;35,71;55,42;14,63;25,02;29,26;12,88;58,2;47,52
43053;Duesaigües;9,04;26,58;17,35;0,2;18740,0;35,53;42,64;11,17;19,05;5,95;22,62;30,86;58,02;5,97;30,85;30,85;11,76;66,67;50,75
43054;Espluga de Francolí, L';15,41;20,89;15,54;1,32;17905,0;32,06;51,36;7,93;16,54;3,82;37,01;26,57;57,98;13,79;22,04;28,3;8,47;67,86;55,47
43055;Falset;16,73;21,01;20,5;1,33;18322,0;34,1;49,78;7,99;17,75;7,6;21,88;36,11;47,77;16,49;19,38;30,52;8,03;63,97;52,43
43056;Fatarella, La;10,2;33,6;6,54;0,95;17787,0;30,39;53,9;3,9;33,62;14,41;25,42;33,86;56,01;26,24;14,83;22,56;6,4;76,64;47,83
43058;Figuera, La;7,41;37,93;7,76;1,91;14778,0;30,19;52,83;6,6;38,46;17,95;17,95;32,35;58,82;15,93;27,43;30,97;8,89;68,33;40,18
43059;Figuerola del Camp;14,69;20,35;7,87;1,38;22792,0;33,55;45,85;11,63;16,25;5,62;34,38;31,79;51,66;5,79;24,76;40,84;9,2;69,91;56,68
43060;Flix;13,1;27,4;17,35;1,01;21136,0;29,28;53,9;7,26;16,46;4,59;29,84;33,99;54,65;19,85;21,52;30,89;12,56;59,19;44,59
43062;Freginals;13,66;24,27;29,21;1,53;16381,0;28,78;56,98;7,27;22,15;13,42;13,42;31,43;52,14;16,1;16,1;34,55;11,24;53,38;44,36
43063;Galera, La;13,3;24,05;18,74;1,12;13694,0;35,71;48,7;7,95;33,33;26,42;16,72;27,84;55,31;22,64;18,6;23,88;9,01;64,74;52,36
43064;Gandesa;16,81;20,56;25,48;1,17;16064,0;31,66;52,19;7,18;22,21;6,83;32,41;25,96;64,26;17,14;22,13;21,91;8,68;66,83;55,1
43065;Garcia;14,05;25,15;20,18;0,96;16479,0;30,77;50,68;9,05;22,28;7,61;26,63;26,86;56,0;18,05;22,41;29,25;9,8;55,09;43,13
43066;Garidells, Els;13,18;17,63;9,48;0,78;21105,0;42,29;39,43;10,29;18,56;7,22;23,71;30,85;56,38;5,98;26,09;38,59;7,48;69,72;59,12
43067;Ginestar;11,11;29,11;24,66;1,11;16338,0;31,04;55,22;4,48;30,93;12,41;25,86;26,59;60,3;20,36;21,32;26,82;9,45;63,73;45,43
43068;Godall;11,77;27,57;13,17;1,68;14959,0;33,82;49,63;7,17;33,76;26,5;20,09;28,05;57,92;13,98;18,23;20,71;10,83;68,42;49,29
43069;Gratallops;11,28;28,99;11,45;2,33;18597,0;31,66;52,76;7,04;31,82;17,43;26,61;31,07;51,46;11,32;21,7;33,96;9,17;81,34;56,87
43070;Guiamets, Els;7,51;29,25;3,95;0,39;19193,0;31,49;46,81;8,51;31,3;20,0;12,17;39,6;51,49;7,92;20,42;41,25;4,13;74,36;50,84
43071;Horta de Sant Joan;12,87;26,68;15,83;0,94;14695,0;34,32;50,82;5,43;35,98;17,22;20,75;27,86;62,86;15,33;18,97;24,71;6,4;66,67;48,64
43072;Lloar, El;14,2;19,6;8,0;0,41;17639,0;26,74;60,47;10,47;32,65;10,2;30,61;33,33;60,0;8,79;27,47;28,57;4,17;67,65;53,93
43073;Llorac;9,52;25,9;16,19;0,47;21601,0;27,27;53,41;12,5;31,91;10,64;19,15;46,51;51,16;9,68;25,81;41,94;8,0;69,7;54,35
43074;Llorenç del Penedès;16,48;20,12;9,4;1,12;19221,0;34,69;48,59;8,96;19,19;4,63;26,13;37,26;51,07;12,4;23,75;29,57;11,09;67,78;57,66
43075;Margalef;4,18;33,09;20,0;0,47;16454,0;35,42;41,67;10,42;43,24;13,51;10,81;50,0;35,29;17,14;11,43;38,1;7,32;59,38;39,05
43076;Marçà;15,99;20,1;18,91;1,09;17371,0;38,11;42,63;9,43;22,82;12,45;20,75;38,6;51,75;14,2;20,83;35,23;10,75;62,09;53,45
43077;Mas de Barberans;9,83;29,87;14,02;0,72;15087,0;28,15;51,05;7,14;36,12;23,79;17,18;25,96;57,21;14,14;17,93;25,1;6,53;72,7;49,3
43078;Masdenverge;15,0;21,55;16,24;1,4;15625,0;31,4;53,07;8,14;21,7;8,96;20,28;33,25;53,94;19,09;23,03;24,7;10,98;63,11;51,9
43079;Masllorenç;13,35;18,7;18,31;1,15;16361,0;35,49;43,01;14,41;16,32;8,37;27,2;27,8;58,3;7,27;30,06;28,09;10,22;63,73;54,91
43080;Masó, La;17,08;22,4;10,39;1,31;19546,0;31,51;52,94;8,82;30,43;4,35;24,64;45,8;48,09;6,0;23,6;41,2;7,48;70,83;60,25
43081;Maspujols;20,48;11,23;9,81;1,11;20087,0;36,36;50,71;7,81;15,19;3,74;25,7;39,85;54,28;5,59;24,39;45,5;10,0;69,98;68,87
43082;Masroig, El;12,12;24,4;21,17;1,14;15605,0;40,94;44,67;6,7;30,16;22,22;25,4;30,36;47,02;23,61;22,69;24,54;8,87;61,26;47,43
43083;Milà, El;18,45;18,97;6,19;1,94;17164,0;29,81;50,31;14,29;28,92;7,23;34,94;28,57;59,74;7,88;16,97;37,58;8,42;70,73;57,58
43084;Miravet;15,15;26,82;16,26;1,22;16387,0;32,69;51,57;6,82;30,34;17,23;19,1;32,39;53,04;9,18;23,04;29,05;6,94;65,69;48,57
43085;Molar, El;11,3;31,23;13,29;1,4;17176,0;32,33;50,0;7,14;18,11;10,24;23,62;35,59;49,15;9,82;21,45;32,73;7,64;77,78;52,36
43086;Montblanc;16,76;18,78;16,86;1,31;19736,0;33,44;50,88;8,23;14,33;2,32;39,54;30,33;53,89;14,55;22,71;29,88;7,55;68,12;56,78
43088;Montbrió del Camp;20,43;14,9;14,21;1,26;17766,0;34,81;47,95;11,76;15,3;3,64;21,62;34,65;55,79;7,54;23,93;35,51;9,84;66,13;60,58
43089;Montferri;19,29;14,89;12,97;1,5;16606,0;37,66;44,16;10,65;19,68;8,51;25,0;27,53;53,93;11,52;25,25;25,98;11,06;60,4;58,75
43090;Montmell, El;17,13;16,59;13,52;1,35;14339,0;36,73;44,87;12,4;17,97;2,03;28,26;22,46;59,69;11,29;26,94;23,36;19,46;52,64;52,59
43091;Mont-ral;14,89;20,11;21,59;0,48;17425,0;40,67;44,67;10,0;28,38;6,76;20,27;53,52;43,66;3,75;23,75;50,0;8,33;69,37;52,83
43092;Mont-roig del Camp;17,19;17,23;32,55;1,38;16802,0;33,48;50,18;10,58;20,79;4,58;22,52;29,27;58,4;14,39;23,74;30,65;11,61;53,91;49,25
43093;Móra d'Ebre;17,27;18,64;23,66;1,32;17912,0;31,79;51,97;7,56;17,74;5,79;22,42;31,9;53,75;14,86;20,83;30,59;10,8;59,24;51,61
43094;Móra la Nova;17,02;18,92;24,52;1,38;16476,0;31,53;53,22;7,12;16,72;6,13;21,58;30,81;53,9;15,77;21,52;26,32;11,24;57,91;50,68
43095;Morell, El;19,43;12,88;16,61;1,15;18787,0;36,19;49,4;8,86;10,64;1,52;30,94;28,81;59,17;10,11;25,02;33,04;7,52;69,79;62,93
43096;Morera de Montsant, La;11,3;17,79;33,77;0,62;17158,0;37,1;50,81;6,45;28,77;16,44;17,81;28,99;50,72;10,85;24,81;41,09;10,39;65,09;59,69
43097;Nou de Gaià, La;22,56;14,58;11,63;0,92;18564,0;35,85;48,64;9,85;21,18;5,88;19,61;41,56;47,33;6,88;22,87;44,13;11,63;67,34;61,68
43098;Nulles;22,88;17,52;11,15;1,44;17880,0;32,94;51,87;9,35;18,6;6,98;28,68;34,3;53,72;5,64;30,7;41,08;7,14;77,15;63,78
43099;Palma d'Ebre, La;7,92;34,56;19,94;0,74;14629,0;28,28;49,31;6,21;40,16;38,52;12,3;22,12;59,62;20,45;21,73;23,96;10,61;62,77;42,44
43100;Pallaresos, Els;20,76;11,03;6,37;1,01;22658,0;33,85;54,1;7,82;13,24;0,21;23,22;39,5;54,14;6,09;24,87;42,99;7,37;69,0;65,52
43101;Passanant i Belltall;3,76;38,26;4,7;1,0;24655,0;32,24;37,5;16,45;39,44;16,9;21,13;34,38;57,81;9,03;23,87;34,19;10,96;80,25;47,1
43102;Paüls;13,75;30,72;10,11;1,29;15571,0;27,9;56,44;3,86;24,43;9,5;23,53;33,82;54,11;16,01;15,38;25,16;5,24;70,45;47,91
43103;Perafort;21,09;10,76;11,6;0,83;20728,0;36,24;47,36;12,18;10,99;1,51;26,51;33,23;56,8;7,16;27,72;40,58;6,01;71,37;67,84
43104;Perelló, El;16,36;22,58;28,82;1,44;15442,0;29,3;54,29;7,54;34,76;10,1;21,98;27,96;58,58;23,9;17,51;26,66;7,22;62,69;49,74
43105;Piles, Les;23,42;18,6;10,96;2,39;20315,0;30,34;56,18;10,67;27,52;13,76;23,85;37,37;55,56;5,41;32,43;39,46;5,77;74,24;56,83
43106;Pinell de Brai, El;14,24;26,03;11,92;1,58;15430,0;31,33;49,16;6,99;28,54;7,89;37,12;26,67;61,07;18,89;27,0;22,6;6,94;71,15;50,41
43107;Pira;17,81;17,27;10,35;1,18;17406,0;32,45;54,24;5,33;19,01;4,55;44,63;21,65;58,44;14,72;23,83;27,8;6,67;70,41;60,86
43108;Pla de Santa Maria, El;17,05;19,11;12,19;1,62;17243,0;33,08;49,26;9,27;15,79;3,41;35,48;27,9;54,44;14,15;21,9;27,57;11,47;64,23;56,23
43109;Pobla de Mafumet, La;24,07;8,27;13,59;1,36;17402,0;38,69;45,17;11,77;9,18;0,44;27,6;23,78;61,74;9,23;27,19;29,55;8,68;71,63;71,13
43110;Pobla de Massaluca, La;13,43;29,88;22,67;1,4;14037,0;34,07;48,89;5,19;38,94;21,24;23,01;28,85;59,62;22,62;20,0;21,64;8,7;55,85;38,21
43111;Pobla de Montornès, La;17,31;17,22;17,41;1,2;16659,0;37,22;44,44;12,18;16,86;1,25;27,54;29,7;59,24;11,99;27,01;29,42;12,46;59,85;55,98
43112;Poboleda;13,51;26,2;12,17;0,88;16761,0;32,99;52,23;6,19;28,37;21,28;23,4;23,91;52,9;10,47;19,59;27,03;6,37;72,06;53,77
43113;Pont d'Armentera, El;13,33;27,61;11,64;1,92;15842,0;32,79;47,81;8,08;18,56;7,22;42,78;20,44;61,33;20,22;20,9;22,7;14,95;61,69;48,31
43114;Porrera;11,84;19,95;8,35;1,48;17518,0;34,68;47,85;8,6;37,56;21,13;22,07;26,63;59,3;11,08;18,47;37,73;6,25;77,21;59,57
43115;Pradell de la Teixeta;11,43;25,71;13,74;1,13;19173,0;36,54;46,15;10,26;30,43;14,49;11,59;44,78;47,76;1,84;19,63;42,33;5,95;70,54;51,85
43116;Prades;13,48;22,24;13,98;1,27;18501,0;32,27;49,47;9,4;32,52;3,85;16,43;33,58;52,61;9,36;27,76;31,77;7,35;70,05;52,78
43117;Prat de Comte;15,22;27,22;14,44;3,5;15740,0;32,24;53,95;5,92;17,33;16,0;13,33;31,51;56,16;16,36;21,82;23,64;8,05;76,19;53,7
43118;Pratdip;13,34;22,73;31,51;1,18;18492,0;32,61;53,34;7,53;25,37;4,41;20,22;35,5;51,53;17,45;23,9;36,07;11,95;56,11;47,25
43119;Puigpelat;19,74;12,05;9,06;1,3;19039,0;33,37;51,44;9,75;11,31;4,49;34,78;30,2;53,64;7,39;25,62;33,69;8,05;68,75;65,06
43120;Querol;11,11;22,35;14,98;0,8;17773,0;31,27;50,19;10,04;25,71;9,05;25,24;30,3;57,58;7,93;25,09;33,21;20,77;51,63;48,33
43121;Rasquera;12,87;27,99;21,32;1,21;15506,0;30,05;53,11;7,13;30,38;14,68;21,5;32,97;58,24;21,41;16,76;27,32;7,55;63,5;45,23
43122;Renau;25,09;7,39;7,88;0,58;25057,0;35,04;55,56;3,42;18,07;0,0;20,48;52,5;42,5;1,68;25,21;62,18;1,16;76,58;72,88
43123;Reus;18,69;17,03;24,08;1,19;17490,0;34,77;48,55;9,42;12,69;1,64;22,13;32,65;54,61;15,28;21,99;29,26;11,15;59,33;53,82
43124;Riba, La;13,66;24,98;13,94;1,7;39532,0;31,87;53,04;7,55;13,73;2,58;49,36;29,3;58,14;15,05;24,95;27,92;12,24;61,6;48,9
43125;Riba-roja d'Ebre;10,88;30,35;16,68;0,78;19390,0;29,18;53,58;8,41;18,49;3,91;31,51;32,43;53,78;22,57;17,12;28,7;11,85;58,22;41,29
43126;Riera de Gaià, La;21,56;13,86;11,8;1,27;18710,0;34,93;50,81;9,14;17,68;2,37;24,28;37,1;55,85;9,58;24,14;36,48;5,73;68,16;61,08
43127;Riudecanyes;18,42;14,71;16,97;1,84;17000,0;37,28;49,59;8,08;20,39;6,43;20,9;40,6;49,83;11,58;25,76;35,78;8,16;67,02;60,02
43128;Riudecols;15,81;17,0;14,84;1,37;18288,0;33,33;51,71;9,24;14,34;2,6;39,27;32,2;56,17;10,02;24,82;30,51;10,05;65,86;59,2
43129;Riudoms;18,22;18,04;14,38;1,26;17523,0;31,87;52,17;8,18;19,65;5,69;23,54;31,16;57,69;16,64;22,47;28,82;8,08;68,35;57,75
43130;Rocafort de Queralt;16,26;27,4;19,51;1,59;15985,0;32,84;50,75;6,47;29,67;18,68;31,87;22,22;64,2;15,02;23,0;30,99;8,33;63,31;45,28
43131;Roda de Berà;16,74;19,81;20,9;1,34;18578,0;31,53;48,65;12,4;22,16;0,95;24,59;32,09;56,11;14,35;27,25;30,05;10,45;59,78;51,63
43132;Rodonyà;14,02;18,73;15,83;1,64;16427,0;34,68;48,42;8,78;21,92;10,5;25,11;23,79;59,22;11,85;24,78;29,96;11,83;65,62;57,33
43133;Roquetes;18,45;16,16;21,91;1,3;15982,0;32,13;51,82;9,22;16,59;6,91;23,03;30,59;54,55;15,24;23,11;28,94;8,83;62,85;56,58
43134;Rourell, El;15,48;15,79;9,87;1,15;17500,0;38,14;47,45;8,11;15,96;7,45;26,06;28,89;54,44;7,74;26,65;30,37;9,81;71,22;62,03
43135;Salomó;18,13;17,94;23,43;1,16;16420,0;34,42;48,84;8,6;22,65;8,55;35,04;30,73;56,42;16,11;21,85;29,14;6,58;65,8;54,73
43136;Ràpita, La;14,94;20,96;23,58;1,14;15994,0;31,88;49,35;10,42;20,39;5,99;18,8;29,78;59,4;14,82;23,31;29,92;10,08;59,43;50,66
43137;Sant Jaume dels Domenys;19,21;16,23;10,25;1,13;17404,0;34,04;49,3;9,74;17,65;3,64;29,07;27,59;56,73;11,71;25,5;25,5;7,51;67,79;58,91
43138;Santa Bàrbara;16,85;19,91;20,25;1,3;14723,0;32,87;49,62;9,32;23,65;14,82;22,94;27,18;55,44;17,23;18,04;22,62;9,99;64,04;54,44
43139;Santa Coloma de Queralt;17,08;21,16;15,78;1,34;18197,0;33,33;50,07;7,45;24,13;7,24;29,67;34,69;53,46;12,09;25,62;31,91;6,78;70,24;56,06
43140;Santa Oliva;19,51;16,53;15,74;1,21;15252,0;33,36;50,85;8,8;14,15;1,56;26,96;24,18;60,57;14,61;25,77;20,55;12,86;59,6;54,95
43141;Pontils;19,51;20,81;7,32;2,23;16115,0;30,93;57,73;7,22;34,0;20,0;28,0;31,11;57,78;10,89;22,77;31,68;12,73;69,57;54,46
43142;Sarral;16,92;18,74;21,68;1,16;16903,0;32,02;54,29;6,11;20,03;6,43;44,88;21,0;62,99;16,96;20,25;27,56;6,63;63,59;54,86
43144;Secuita, La;18,59;14,63;12,93;1,25;21231,0;35,16;50,24;8,92;16,42;3,53;22,35;36,25;54,5;7,92;24,01;39,13;7,14;70,46;62,86
43145;Selva del Camp, La;17,68;16,47;10,19;1,08;19559,0;37,23;47,54;8,9;16,23;2,94;30,82;35,73;52,41;8,53;22,68;34,86;6,6;70,95;59,76
43147;Solivella;14,05;25,04;10,8;1,52;20199,0;33,33;52,62;4,49;25,09;15,41;37,99;30,15;54,2;17,2;22,4;33,69;5,12;70,92;52,98
43148;Tarragona;17,31;17,42;27,26;1,18;19751,0;36,35;47,09;9,35;11,3;0,84;19,23;38,24;50,19;12,94;22,04;36,84;10,26;59,31;52,88
43149;Tivenys;11,51;25,92;23,32;1,23;15452,0;30,91;53,38;5,62;31,09;12,89;19,33;30,93;56,46;19,17;19,05;22,96;7,62;63,41;48,63
43150;Tivissa;13,22;24,19;18,65;1,08;17510,0;34,35;48,58;6,63;25,26;12,93;17,14;34,78;50,16;13,75;18,24;31,44;8,94;62,09;49,27
43151;Torre de Fontaubella, La;14,33;26,17;14,17;0,35;20010,0;26,0;41,0;21,0;17,39;6,52;21,74;29,27;63,41;16,19;20,95;34,29;8,93;68,92;54,37
43152;Torre de l'Espanyol, La;15,26;25,08;23,52;1,75;15323,0;29,22;54,71;5,29;24,3;24,3;18,69;25,85;50,73;15,3;16,76;24,77;9,27;58,9;45,5
43153;Torredembarra;16,07;19,33;25,96;1,14;17549,0;33,63;47,26;11,99;17,28;0,97;17,57;32,84;56,15;13,36;25,29;33,97;11,69;59,31;51,85
43154;Torroja del Priorat;7,97;27,81;10,16;0,37;16779,0;34,96;45,53;8,94;30,3;28,79;15,15;30,0;55,0;3,17;22,22;41,27;5,71;81,48;55,56
43155;Tortosa;17,86;18,5;27,97;1,38;16905,0;33,59;49,36;9,11;15,52;7,63;19,41;33,57;49,87;16,99;19,95;28,26;10,05;59,74;52,25
43156;Ulldecona;16,46;19,05;30,33;1,18;14076,0;31,83;53,42;7,11;20,96;8,18;29,77;24,78;57,61;20,74;18,13;20,69;10,72;56,85;50,66
43157;Ulldemolins;8,15;35,38;8,21;0,44;17550,0;32,32;49,72;6,08;27,32;15,85;20,77;32,35;54,71;21,3;22,6;27,27;5,98;81,22;48,29
43160;Vallmoll;18,67;16,28;13,67;1,22;20162,0;34,02;50,96;9,44;17,09;1,96;33,03;30,89;56,04;8,33;25,41;32,39;8,11;65,64;59,04
43161;Valls;17,69;17,38;22,39;1,22;17859,0;33,82;49,12;9,33;13,54;2,4;30,47;31,8;51,11;14,75;20,6;28,89;10,09;61,59;54,83
43162;Vandellòs i l'Hospitalet de l'Infant;18,21;17,56;22,44;1,16;21081,0;33,93;50,53;8,86;16,09;1,43;23,26;35,49;54,64;10,58;25,04;35,43;7,51;62,57;53,93
43163;Vendrell, El;17,53;17,95;23,48;1,2;16905,0;34,04;47,04;11,82;15,96;0,97;21,84;29,95;56,4;13,3;24,22;30,57;13,8;57,76;53,24
43164;Vespella de Gaià;14,82;21,67;18,13;0,8;18424,0;33,18;49,29;11,85;20,33;4,4;26,92;26,86;60,57;10,02;26,42;34,85;11,32;58,93;48,74
43165;Vilabella;13,9;24,21;11,76;1,15;18329,0;31,91;52,96;5,92;19,87;10,09;27,44;32,19;51,37;15,07;20,88;35,95;7,88;67,71;52,46
43166;Vilallonga del Camp;21,93;13,15;12,19;1,13;18437,0;34,24;50,03;9,65;13,15;2,27;32,43;30,89;55,55;9,41;23,62;35,59;7,87;70,61;65,36
43167;Vilanova d'Escornalbou;15,64;17,76;16,1;0,89;18108,0;33,66;49,11;8,71;25,0;9,17;16,25;38,26;49,13;10,51;30,02;32,83;11,11;64,92;58,06
43168;Vilanova de Prades;8,18;21,09;11,82;0,27;18336,0;37,37;47,47;11,11;37,93;12,07;18,97;17,31;69,23;7,77;29,13;34,95;5,77;64,47;50,98
43169;Vilaplana;13,12;22,54;10,39;1,21;21381,0;36,31;47,72;7,26;17,02;6,74;19,5;45,9;40,3;10,53;21,46;42,71;5,02;80,68;60,9
43170;Vila-rodona;18,52;18,79;17,15;1,43;16849,0;34,71;50,31;7,09;19,86;16,95;28,42;27,97;54,48;13,99;18,94;30,55;10,3;67,6;58,26
43171;Vila-seca;19,52;14,1;22,6;1,1;16972,0;35,85;47,58;10,57;12,0;0,9;24,23;26,22;61,51;12,17;25,0;28,43;8,8;58,94;53,87
43172;Vilaverd;13,2;16,6;16,6;0,73;17792,0;36,48;47,96;9,44;9,17;2,29;35,32;20,77;62,8;11,06;25,88;24,24;6,09;61,19;55,29
43173;Vilella Alta, La;16,15;23,54;12,31;0,91;19127,0;42,73;45,45;0,91;22,22;9,26;24,07;32,69;63,46;2,65;25,66;27,43;5,17;67,07;51,33
43174;Vilella Baixa, La;11,19;23,47;18,81;0,78;16895,0;30,11;56,25;6,82;30,59;17,65;20,0;46,15;39,74;6,52;21,2;39,67;8,0;69,17;54,64
43175;Vilalba dels Arcs;13,96;27,99;5,87;1,6;14842,0;33,77;51,03;4,5;40,44;25,74;19,49;29,39;63,67;23,96;18,51;23,77;6,42;76,52;54,21
43176;Vimbodí i Poblet;13,12;26,12;8,55;1,37;19041,0;32,28;48,16;8,14;23,14;4,68;34,99;29,15;57,43;7,33;24,1;30,19;9,48;67,1;50,63
43177;Vinebre;15,14;24,39;20,56;0,63;19566,0;34,76;47,29;7,69;21,66;13,38;21,02;26,32;54,61;15,05;23,12;21,77;10,99;63,28;49,19
43178;Vinyols i els Arcs;19,51;14,12;19,72;1,24;21295,0;35,69;49,25;9,75;18,86;6,92;20,28;35,96;52,75;13,21;21,99;37,9;7,26;65,26;58,9
43901;Deltebre;15,7;20,37;14,55;1,13;15058,0;31,18;49,77;10,71;23,54;7,35;27,98;23,83;63,43;12,79;33,75;20,64;11,01;62,14;52,87
43902;Sant Jaume d'Enveja;15,17;22,06;13,06;1,03;14338,0;28,73;52,63;10,13;21,12;9,08;30,71;20,45;62,42;17,69;16,74;18,58;12,18;58,91;50,62
43903;Camarles;15,05;21,55;19,83;1,27;14805,0;30,31;52,16;8,06;24,15;11,25;28,02;22,43;63,17;19,32;19,45;20,12;10,07;61,4;51,45
43904;Aldea, L';17,16;17,95;27,51;1,71;14146,0;31,46;53,08;8,07;19,85;15,28;23,16;21,59;57,16;19,71;17,74;20,4;8,83;61,77;54,53
43905;Salou;17,66;13,1;42,74;1,13;17427,0;37,98;45,28;11,46;19,17;1,44;17,22;31,94;58,01;11,13;26,85;34,93;9,01;48,06;45,12
43906;Ampolla, L';13,03;24,8;29,12;1,19;18977,0;31,37;48,35;13,09;28,78;5,65;16,58;37,4;50,87;17,63;22,92;30,4;8,85;61,07;48,2
43907;Canonja, La;18,92;15,33;11,68;1,05;17662,0;34,3;50,2;8,81;10,99;0,38;27,97;24,91;61,01;11,77;22,64;28,51;8,29;67,22;59,96
44001;Ababuj;10,54;26,22;6,76;0,0;15860,0;35,29;51,47;2,94;41,18;38,24;32,35;25,81;67,74;20,29;18,84;28,99;5,13;78,72;56,52
44002;Abejuela;10,79;27,62;22,22;2,33;17981,0;25,0;63,46;7,69;39,13;17,39;17,39;26,09;65,22;14,81;18,52;25,93;22,22;53,85;50,0
44004;Aguaviva;15,74;20,32;19,36;1,92;15442,0;30,43;53,7;6,74;24,22;17,49;28,7;24,88;61,03;7,77;22,69;21,22;7,38;63,13;51,91
44005;Aguilar del Alfambra;15,0;23,81;21,43;2,69;15860,0;28,36;56,72;5,97;26,47;23,53;17,65;46,88;46,88;22,22;11,11;25,0;8,11;68,0;51,39
44006;Alacón;2,25;48,14;8,33;0,32;16492,0;25,64;56,41;1,54;42,11;29,33;18,67;26,76;61,97;31,0;9,0;20,0;5,26;77,42;38,19
44007;Alba;7,54;37,16;10,93;1,47;17374,0;29,59;56,8;4,73;24,24;28,79;19,7;20,97;61,29;25,86;20,11;25,29;2,6;78,95;44,51
44008;Albalate del Arzobispo;13,98;24,16;15,71;1,13;15934,0;30,69;53,12;5,64;24,21;12,04;41,75;17,85;62,18;28,45;14,14;14,54;9,65;64,16;50,18
44009;Albarracín;12,65;21,34;17,28;0,8;18336,0;32,98;52,14;6,19;31,08;3,98;19,52;31,76;53,28;9,21;24,75;32,3;2,57;74,55;56,93
44010;Albentosa;16,38;15,33;32,06;0,7;16037,0;33,33;54,98;4,33;32,84;14,18;38,06;16,92;66,15;20,39;23,92;19,61;6,67;68,63;60,48
44012;Alcalá de la Selva;11,23;25,72;8,4;0,75;17398,0;40,24;45,86;5,33;32,2;7,39;26,7;24,85;63,03;13,08;20,93;27,91;8,7;80,08;60,35
44013;Alcañiz;18,91;17,87;17,91;1,32;16762,0;31,22;54,69;6,57;19,65;5,92;22,4;30,89;58,13;18,42;20,51;28,16;8,29;65,7;56,52
44014;Alcorisa;17,43;20,06;13,79;1,17;16265,0;31,73;54,21;5,48;21,49;5,69;28,6;26,84;61,66;7,16;19,64;25,61;6,76;65,65;53,29
44016;Alfambra;10,97;33,11;12,58;1,26;17953,0;27,46;54,46;4,35;30,26;17,53;25,26;23,2;58,01;22,32;19,2;27,46;6,67;73,96;47,51
44017;Aliaga;11,55;26,36;10,5;1,31;20139,0;37,74;46,77;6,77;30,07;16,34;23,53;27,78;59,72;12,34;20,89;31,65;7,55;70,67;50,64
44019;Alobras;1,9;24,44;6,35;0,0;19810,0;37,88;48,48;12,12;30,56;16,67;27,78;8,33;69,44;7,25;21,74;30,43;2,7;81,82;54,41
44021;Allepuz;10,24;30,73;8,94;0,0;15557,0;36,36;52,73;2,73;42,55;23,4;19,15;17,39;73,91;27,19;21,05;24,56;1,82;73,97;49,11
44022;Alloza;12,3;30,5;8,81;1,33;16261,0;28,34;56,47;4,11;40,0;14,74;33,16;22,67;66,28;29,38;18,51;20,32;8,15;68,15;47,36
44025;Andorra;15,0;19,99;12,29;0,93;18977,0;30,61;54,99;6,65;19,51;3,38;32,92;27,32;62,27;18,27;21,97;26,08;10,26;58,73;49,01
44026;Arcos de las Salinas;13,9;21,52;6,67;1,4;15061,0;40,43;39,36;9,57;43,18;15,91;18,18;21,43;71,43;11,34;24,74;20,62;11,11;69,57;56,84
44027;Arens de Lledó;7,55;38,09;21,28;0,52;10775,0;31,79;56,07;5,78;53,12;25,0;29,69;23,64;65,45;18,62;18,62;20,74;2,9;68,37;37,1
44028;Argente;13,92;34,12;12,25;1,69;14467,0;27,59;58,05;3,45;39,74;35,9;16,67;19,7;66,67;26,67;12,22;30,56;5,49;84,31;50,84
44029;Ariño;10,36;25,16;8,88;0,55;19264,0;32,35;48,27;6,23;15,2;2,94;36,76;19,7;64,14;18,95;24,53;20,81;12,61;52,21;39,25
44031;Azaila;9,15;35,74;11,7;0,88;18360,0;25,0;47,62;10,71;58,54;36,59;19,51;22,86;74,29;30,59;24,71;14,12;11,9;74,0;49,41
44033;Báguena;8,09;34,44;15,16;0,8;16870,0;35,11;45,8;4,58;27,0;26,0;19,0;18,56;57,73;23,64;18,18;21,09;11,11;74,67;45,82
44034;Bañón;9,87;28,16;9,21;0,88;14432,0;32,09;50,75;5,22;45,21;34,25;13,7;25,0;65,0;16,43;25,71;28,57;5,41;74,47;52,86
44035;Barrachina;10,09;32,57;11,5;1,4;20310,0;33,96;47,17;4,72;38,18;18,18;25,45;32,0;56,0;15,89;22,43;28,04;3,39;89,06;55,14
44037;Beceite;11,29;25,4;10,45;0,72;16258,0;37,3;49,4;5,24;37,6;10,8;20,4;23,08;67,61;16,83;17,22;27,4;4,67;67,49;51,09
44038;Belmonte de San José;6,84;41,75;9,65;0,47;15016,0;29,91;52,99;7,69;40,54;27,78;13,89;26,47;64,71;18,85;20,49;29,51;13,04;68,97;38,02
44039;Bello;7,78;35,47;11,33;1,48;19813,0;35,05;45,88;2,58;49,02;25,49;17,65;27,06;58,82;19,6;17,59;33,67;3,48;100,0;58,08
44040;Berge;13,09;22,91;13,18;0,81;15941,0;37,31;51,3;2,59;24,24;18,18;22,22;19,39;72,45;18,04;20,62;25,77;8,33;70,71;55,67
44041;Bezas;9,32;21,64;6,85;2,1;19810,0;37,1;54,84;1,61;18,75;3,12;25,0;25,0;57,14;11,11;30,16;33,33;2,78;74,47;57,14
44042;Blancas;9,24;32,73;12,88;2,88;14233,0;32,77;50,42;6,72;56,14;38,6;21,05;21,28;57,45;14,63;18,7;30,08;3,33;79,45;48,78
44043;Blesa;0,0;43,51;2,7;0,0;18360,0;19,74;69,74;6,58;31,43;20,0;37,14;12,9;77,42;11,84;17,11;13,16;5,41;89,74;48,68
44044;Bordón;16,21;23,79;14,66;1,75;15812,0;33,68;47,37;10,53;45,1;23,53;33,33;15,69;74,51;20,62;23,71;20,62;7,14;75,36;58,33
44045;Bronchales;13,56;20,34;14,53;1,2;19668,0;34,77;50,51;6,6;27,51;9,17;33,19;19,09;54,09;16,71;19,61;32,93;5,91;72,4;58,09
44046;Bueña;17,85;33,85;27,69;3,5;20178,0;24,44;57,78;2,22;36,84;21,05;15,79;26,32;57,89;14,29;16,33;18,37;5,0;63,33;40,82
44047;Burbáguena;15,77;28,11;44,84;1,51;16763,0;34,21;39,04;5,7;27,71;8,43;27,71;26,25;56,25;27,01;11,9;17,36;10,84;33,18;27,12
44048;Cabra de Mora;6,97;19,7;4,55;1,56;15860,0;22,22;58,73;7,94;39,02;9,76;17,07;35,0;47,5;14,06;20,31;28,12;2,7;80,0;57,81
44049;Calaceite;14,01;30,74;12,07;1,47;14573,0;28,96;55,34;3,68;41,15;22,94;23,19;23,91;64,67;24,64;17,77;21,8;3,1;78,72;49,94
44050;Calamocha;17,39;18,45;23,73;1,29;16532,0;32,67;53,51;5,94;22,18;7,36;32,55;27,41;54,6;18,77;22,61;28,17;5,65;68,58;57,24
44051;Calanda;16,71;20,11;24,32;1,33;15009,0;30,25;55,53;4,87;27,26;14,82;31,2;23,67;63,28;27,71;18,02;19,99;7,38;60,12;49,73
44052;Calomarde;0,79;36,58;6,58;0,0;19810,0;43,06;36,11;11,11;20,0;4,0;20,0;30,43;52,17;15,07;20,55;30,14;15,62;60,0;43,84
44053;Camañas;16,62;22,5;22,79;2,69;12139,0;33,33;53,92;3,92;46,43;55,36;14,29;12,77;59,57;18,58;20,35;23,89;3,28;70,24;53,98
44054;Camarena de la Sierra;15,68;20,14;15,11;1,46;20197,0;32,48;47,86;14,53;34,29;5,71;30,0;21,74;69,57;4,92;18,03;31,97;8,0;76,67;62,5
44055;Camarillas;10,4;21,4;15,0;0,54;17944,0;35,19;54,63;5,56;29,41;21,57;7,84;20,83;70,83;16,51;22,02;30,28;4,92;84,06;55,96
44056;Caminreal;15,39;24,77;25,16;2,0;17420,0;30,52;55,28;3,26;32,69;18,08;33,08;22,22;61,32;27,41;18,15;19,44;3,16;76,88;53,27
44059;Cantavieja;15,08;24,46;11,14;1,22;16462,0;35,48;49,34;2,97;34,84;15,3;17,28;27,27;61,0;16,67;16,19;25,64;3,25;80,41;59,61
44061;Cañada de Verich, La;3,89;29,72;11,11;0,0;18360,0;33,77;41,56;11,69;20,0;7,5;27,5;22,22;63,89;13,92;17,72;34,18;6,82;85,42;56,41
44063;Cañizar del Olivar;22,5;21,79;32,14;2,72;15765,0;34,88;51,16;6,98;11,76;14,71;50,0;12,12;66,67;32,22;20,0;20,0;21,05;50,0;42,22
44064;Cascante del Río;5,21;35,34;17,81;0,0;17981,0;25,4;42,86;19,05;41,67;12,5;37,5;8,33;83,33;18,46;20,0;16,92;13,79;56,82;46,03
44065;Castejón de Tornos;6,36;36,67;3,03;0,0;20178,0;18,75;68,75;1,56;37,93;17,24;37,93;27,27;63,64;23,44;18,75;28,12;6,25;83,33;50,0
44066;Castel de Cabra;9,87;29,87;0,0;0,78;19120,0;24,0;48,0;9,33;40,62;21,88;21,88;15,62;65,62;12,99;6,49;20,78;9,68;59,57;40,79
44067;Castelnou;5,87;28,48;4,35;0,54;14548,0;33,33;47,78;8,89;21,43;21,43;21,43;12,5;62,5;19,15;20,21;19,15;14,0;71,67;53,76
44068;Castelserás;15,15;27,64;8,21;0,92;15944,0;33,04;52,46;5,22;31,75;14,54;24,04;25,62;63,89;22,98;14,61;27,09;7,24;72,23;51,58
44070;Castellar, El;0,0;30,0;5,56;0,0;15860,0;42,59;35,19;11,11;44,0;28,0;24,0;20,0;72,0;14,29;12,5;28,57;3,33;82,86;53,57
44071;Castellote;9,76;31,29;8,71;1,17;16407,0;31,32;50,08;8,71;30,42;15,59;24,33;28,17;62,7;18,73;19,54;25,24;8,03;65,28;44,99
44074;Cedrillas;16,74;21,34;24,09;1,59;19006,0;33,71;53,86;5,27;30,92;11,18;36,51;24,07;61,36;12,01;15,59;24,73;5,4;72,68;56,86
44075;Celadas;6,09;26,87;7,16;0,74;17417,0;30,16;54,6;4,76;32,76;20,69;25,86;21,74;67,08;16,3;21,63;28,84;5,98;79,36;58,23
44076;Cella;15,26;24,6;16,15;1,14;16963,0;30,58;55,83;4,75;20,02;6,38;33,0;24,15;62,97;18,39;23,07;28,22;6,81;68,96;52,36
44077;Cerollera, La;6,92;23,59;12,82;0,64;18360,0;40,28;45,83;8,33;14,29;2,86;28,57;23,53;58,82;14,67;16,0;44,0;17,07;64,15;55,41
44080;Codoñera, La;12,91;22,17;15,65;0,89;16189,0;29,17;52,65;6,06;43,48;35,51;20,29;24,19;65,32;19,59;19,59;23,71;7,1;68,57;54,58
44082;Corbalán;16,95;14,92;5,93;1,75;18842,0;27,0;53,0;11,0;16,98;13,21;30,19;22,0;66,0;10,78;24,51;37,25;4,92;71,6;61,0
44084;Cortes de Aragón;7,42;31,29;11,29;0,0;19120,0;18,33;65,0;5,0;25,0;12,5;28,12;31,25;53,12;16,39;21,31;27,87;2,86;91,89;57,38
44085;Cosa;4,13;24,13;4,76;0,0;19120,0;32,2;50,85;6,78;47,06;32,35;14,71;25,0;67,86;13,56;27,12;32,2;2,7;80,0;62,71
44086;Cretas;15,2;26,24;15,41;1,07;14088,0;30,84;53,96;6,0;36,4;18,42;21,93;21,43;68,1;20,0;21,6;21,0;8,68;66,37;49,19
44087;Crivillén;9,67;29,89;17,58;0,58;19120,0;36,59;53,66;1,22;18,92;13,51;37,84;14,71;67,65;19,05;15,48;15,48;5,0;70,37;48,19
44089;Cubla;9,82;10,18;7,02;2,1;17981,0;37,74;52,83;5,66;20,51;5,13;28,21;16,22;78,38;5,66;22,64;35,85;2,56;84,44;73,58
44090;Cucalón;6,41;33,08;6,41;0,0;19120,0;28,77;49,32;9,59;30,3;18,18;48,48;23,33;63,33;16,0;16,0;38,67;0,0;73,47;48,65
44092;Cuervo, El;6,9;40,92;11,49;0,58;19810,0;27,91;51,16;8,14;41,67;8,33;29,17;34,78;65,22;10,99;20,88;16,48;9,68;60,87;34,07
44093;Cuevas de Almudén;15,97;22,52;15,13;2,1;19218,0;28,57;58,16;5,1;30,19;26,42;26,42;32,0;56,0;18,0;14,0;25,0;3,77;71,83;53,54
44094;Cuevas Labradas;6,03;40,16;2,38;0,41;17828,0;29,37;50,79;9,52;23,08;13,46;23,08;32,69;53,85;18,32;21,37;20,61;9,09;74,63;42,64
44096;Ejulve;9,6;29,72;12,43;1,03;17762,0;35,67;50,32;1,91;33,82;11,76;36,76;30,51;54,24;18,24;22,01;30,19;9,33;65,38;47,47
44097;Escorihuela;7,23;34,31;7,69;1,24;15073,0;35,43;40,94;7,09;32,14;14,29;30,36;18,18;65,45;25,0;18,18;17,42;15,62;72,97;49,23
44099;Escucha;17,47;16,19;19,32;1,9;17183,0;32,57;52,75;6,12;11,65;4,85;47,57;17,39;65,55;19,7;17,14;15,19;15,1;56,76;53,1
44100;Estercuel;8,66;23,38;10,95;1,2;20343,0;32,96;55,87;3,91;14,1;5,13;38,46;15,58;64,94;22,04;17,74;26,34;5,75;61,65;47,03
44101;Ferreruela de Huerva;17,22;22,78;18,99;2,69;19120,0;36,92;53,85;4,62;30,3;30,3;9,09;36,0;44,0;13,43;20,9;44,78;12,82;73,91;58,21
44103;Formiche Alto;10,25;24,05;10,76;1,4;19481,0;34,97;53,85;3,5;28,95;23,68;32,89;17,14;60,0;9,03;22,22;25,69;7,23;76,24;57,64
44105;Fórnoles;4,0;40,0;5,33;0,7;18360,0;35,29;50,0;5,88;34,48;13,79;13,79;30,77;57,69;18,84;27,54;20,29;3,57;67,5;40,58
44106;Fortanete;15,77;20,52;14,43;1,4;15617,0;41,82;43,64;4,85;35,37;17,07;29,27;30,77;55,13;21,58;14,21;32,11;3,16;72,44;51,08
44107;Foz-Calanda;14,93;20,21;21,07;1,07;13903,0;35,27;49,55;7,14;35,04;38,46;26,5;11,93;65,14;18,85;25,41;16,8;6,77;69,66;55,42
44108;Fresneda, La;12,09;25,57;24,57;1,07;14881,0;31,62;52,96;6,94;43,6;11,63;24,42;26,19;60,71;16,5;24,27;24,51;7,8;66,78;50,25
44109;Frías de Albarracín;12,11;29,91;7,34;2,8;15033,0;34,02;54,64;5,15;37,78;22,22;15,56;26,67;64,44;10,0;19,0;18,0;9,43;80,0;53,0
44111;Fuentes Calientes;9,21;33,48;11,24;1,4;19120,0;30,0;53,75;5,0;47,5;33,33;7,69;25,71;68,57;19,51;15,85;26,83;4,35;86,27;56,79
44112;Fuentes Claras;9,7;35,32;6,56;2,1;16710,0;29,87;54,55;3,9;35,06;15,52;31,61;29,52;59,64;11,96;19,08;22,9;3,74;79,3;47,83
44113;Fuentes de Rubielos;21,23;11,78;19,18;1,31;10320,0;47,71;32,11;13,76;34,04;6,38;25,53;26,67;53,33;9,76;25,2;34,96;32,35;45,54;56,2
44114;Fuentespalda;9,74;30,33;13,73;1,62;15636,0;32,57;55,17;3,45;44,74;21,93;17,54;27,62;61,9;23,62;20,66;29,89;5,6;66,67;46,13
44115;Galve;14,46;19,59;8,78;1,4;14425,0;42,06;45,24;4,76;36,23;37,68;14,49;12,12;68,18;18,46;25,38;23,85;5,41;69,31;58,73
44116;Gargallo;6,67;33,33;11,49;0,0;19120,0;33,33;54,32;1,23;25,81;12,9;19,35;24,14;72,41;17,07;21,95;17,07;5,26;69,23;46,34
44117;Gea de Albarracín;7,73;31,14;13,32;0,89;19188,0;34,46;46,27;6,02;18,62;5,85;22,87;24,86;64,09;19,68;21,06;29,63;8,26;73,26;50,82
44118;Ginebrosa, La;13,19;28,4;10,64;1,21;13070,0;29,27;58,54;4,88;58,57;55,71;28,57;6,25;84,38;15,88;22,94;12,94;9,89;75,23;53,85
44119;Griegos;11,97;33,03;12,5;1,4;16247,0;40,15;49,24;5,3;26,53;12,24;34,69;25,53;61,7;11,94;19,4;23,13;10,17;66,25;44,03
44120;Guadalaviar;9,75;23,33;2,08;1,11;15773,0;34,08;55,16;4,48;30,25;30,25;22,69;22,81;57,02;12,11;16,14;28,25;7,35;81,29;60,99
44121;Gúdar;20,82;19,45;5,48;1,62;15860,0;45,76;45,76;1,69;44,12;35,29;17,65;27,27;54,55;27,87;16,39;19,67;0,0;81,82;60,0
44122;Híjar;15,57;23,15;19,99;1,41;15545,0;28,64;57,14;3,85;23,0;14,43;30,17;25,35;59,91;23,93;18,52;21,56;8,51;62,45;49,47
44123;Hinojosa de Jarque;2,88;40,58;7,69;1,27;19120,0;39,36;54,26;0,0;38,46;17,95;35,9;29,73;64,86;14,43;23,71;23,71;0,0;67,86;39,18
44124;Hoz de la Vieja, La;11,29;33,88;3,53;2,0;19120,0;27,63;63,16;3,95;32,26;16,13;22,58;38,46;46,15;15,38;16,67;24,36;5,88;72,73;43,59
44125;Huesa del Común;0,0;43,27;10,91;0,0;19120,0;19,64;58,93;7,14;28,57;10,71;21,43;58,33;37,5;21,05;19,3;29,82;3,7;86,67;47,37
44126;Iglesuela del Cid, La;12,02;26,24;14,61;0,79;13554,0;37,39;48,63;2,74;25,95;8,86;39,87;19,87;64,74;18,08;14,58;24,2;19,19;63,47;50,74
44127;Jabaloyas;2,42;29,7;9,09;0,78;19810,0;27,87;63,93;4,92;30,77;28,21;23,08;22,22;63,89;8,06;22,58;29,03;5,71;76,74;57,38
44128;Jarque de la Val;8,18;33,64;13,64;1,75;19120,0;28,57;44,64;8,93;33,33;16,67;5,56;22,22;50,0;15,0;18,33;23,33;0,0;57,89;36,67
44132;Lagueruela;6,2;34,65;8,45;0,0;19120,0;30,16;58,73;3,17;34,29;29,41;14,71;24,24;69,7;28,12;12,5;29,69;0,0;72,73;50,79
44135;Libros;5,49;26,47;1,96;0,82;16524,0;44,9;35,71;10,2;28,89;0,0;35,56;24,39;70,73;18,37;27,55;24,49;7,69;72,73;53,06
44136;Lidón;0,0;36,07;3,57;0,0;17981,0;30,36;55,36;3,57;39,13;30,43;13,04;23,81;57,14;12,5;16,07;35,71;13,33;74,29;53,57
44137;Linares de Mora;11,69;23,7;23,46;2,03;13874,0;36,5;50,0;5,0;41,0;15,0;27,0;16,84;74,74;20,0;19,52;17,14;8,0;58,97;47,62
44138;Loscos;3,31;36,69;15,7;2,1;19350,0;31,37;56,86;3,92;38,3;27,66;14,89;23,81;57,14;9,09;28,18;20,91;3,7;77,61;49,09
44141;Lledó;10,12;31,46;25,0;0,75;15698,0;28,36;58,21;3,73;45,1;31,37;19,61;27,08;60,42;16,33;12,93;32,65;9,23;63,44;45,14
44143;Manzanera;14,3;19,51;22,83;1,13;14729,0;32,29;51,35;9,42;31,8;15,9;28,87;13,3;72,1;13,5;24,26;22,78;10,94;64,96;54,35
44144;Martín del Río;11,88;26,21;14,44;0,91;18388,0;30,67;56,13;3,37;15,44;2,94;36,76;33,08;51,54;16,22;9,01;36,94;4,03;63,27;45,02
44145;Mas de las Matas;12,53;27,5;14,52;0,84;16588,0;31,2;52,78;5,18;28,4;8,2;31,2;27,59;58,92;19,16;21,16;25,07;6,69;70,2;50,73
44146;Mata de los Olmos, La;16,09;19,92;35,63;0,86;17254,0;34,74;54,93;2,82;24,79;14,53;31,62;22,02;55,96;30,13;14,23;21,34;6,3;69,19;53,59
44147;Mazaleón;12,58;26,36;13,14;1,62;13839,0;35,02;51,93;2,9;38,71;33,64;21,66;23,66;56,45;25,58;14,19;20,7;5,19;76,57;54,61
44148;Mezquita de Jarque;11,57;27,95;8,43;1,0;19120,0;36,62;49,3;2,82;32,43;24,32;24,32;21,21;57,58;12,5;16,67;29,17;5,26;75,0;52,78
44149;Mirambel;16,73;23,64;3,64;3,29;17556,0;34,07;53,85;1,1;49,02;35,29;19,61;22,0;70,0;15,79;18,95;25,26;1,92;82,26;56,52
44151;Molinos;10,21;31,67;20,17;1,35;15697,0;33,82;50,49;6,37;32,5;28,75;27,5;12,99;71,43;21,9;19,05;24,76;12,9;61,83;44,5
44152;Monforte de Moyuela;13,25;29,16;14,46;6,0;19120,0;23,61;65,28;5,56;39,47;26,32;21,05;22,22;66,67;13,89;15,28;26,39;0,0;82,22;51,39
44153;Monreal del Campo;20,36;18,34;19,3;1,64;16071,0;31,75;53,86;4,75;21,12;6,36;33,75;23,32;59,26;18,8;18,7;28,58;7,35;65,9;55,24
44154;Monroyo;15,6;21,53;17,74;1,11;14747,0;28,96;58,3;3,47;32,89;28,95;16,45;20,83;63,19;18,18;17,82;25,09;3,07;75,24;60,37
44155;Montalbán;11,51;27,17;3,88;1,2;19395,0;33,17;50,63;5,56;18,4;3,33;36,36;27,19;58,76;19,22;19,03;22,82;7,34;63,78;45,91
44156;Monteagudo del Castillo;3,81;27,14;4,76;1,17;15860,0;33,33;54,76;2,38;45,0;30,0;15,0;26,32;68,42;14,29;19,05;30,95;9,52;67,86;50,0
44157;Monterde de Albarracín;3,23;38,39;3,23;1,4;19810,0;24,56;50,88;12,28;39,13;13,04;17,39;42,11;57,89;19,3;19,3;24,56;10,34;74,29;50,88
44158;Mora de Rubielos;16,59;16,02;22,79;1,38;17230,0;35,33;51,8;5,76;20,45;6,07;28,63;24,31;61,13;17,43;18,51;28,62;5,35;64,65;59,99
44159;Moscardón;15,24;18,1;3,17;0,0;19810,0;33,96;43,4;13,21;45,45;9,09;31,82;19,05;80,95;12,07;29,31;20,69;0,0;51,06;45,28
44160;Mosqueruela;16,44;26,19;10,14;1,94;14772,0;37,74;47,72;2,6;36,99;21,46;22,83;22,44;62,93;23,77;15,85;21,2;7,54;71,47;54,19
44161;Muniesa;14,9;30,03;19,66;1,2;15391,0;32,99;51,02;4,3;31,94;14,95;22,9;16,08;62,31;32,35;16,37;14,79;8,66;66,14;46,02
44163;Noguera de Albarracín;16,49;21,37;13,74;1,17;17438,0;40,71;46,9;5,31;29,63;16,67;24,07;26,42;62,26;14,17;21,67;22,5;14,04;58,33;48,31
44165;Nogueruelas;15,11;31,28;13,83;1,35;13924,0;32,93;45,12;7,32;33,78;12,16;27,03;22,86;65,71;20,59;25,29;24,71;9,64;74,26;49,7
44168;Odón;10,82;38,97;8,25;1,45;14448,0;26,78;56,83;4,37;51,22;45,12;10,98;29,51;59,02;18,82;17,74;20,97;8,24;81,25;45,95
44169;Ojos Negros;12,71;30,9;6,85;1,27;15881,0;32,31;53,4;3,4;43,08;33,08;26,92;23,58;65,04;21,48;23,15;23,49;5,71;70,97;47,3
44171;Olba;20,28;17,06;14,34;1,65;13280,0;42,04;42,48;9,29;30,86;7,41;13,58;40,26;50,65;8,09;22,55;43,4;32,26;47,73;52,99
44172;Oliete;8,81;35,14;12,71;1,06;16978,0;31,89;48,3;7,43;35,43;19,69;25,98;18,49;63,87;22,78;17,75;28,4;8,72;71,2;44,21
44173;Olmos, Los;11,33;27,79;19,47;0,0;13678,0;33,0;45,0;7,0;37,78;26,67;33,33;11,9;76,19;24,77;15,6;13,76;12,5;73,13;51,85
44174;Orihuela del Tremedal;10,18;24,0;12,67;1,78;17288,0;35,28;50,12;6,33;23,32;7,62;34,53;21,6;54,93;12,11;16,63;29,22;9,02;77,35;58,1
44175;Orrios;2,81;33,68;10,53;0,47;19962,0;35,34;49,14;2,59;31,67;18,33;26,67;29,31;60,34;11,67;15,0;30,83;3,12;88,57;53,33
44176;Palomar de Arroyos;6,39;31,08;6,63;0,7;19704,0;36,67;50,67;4,67;16,44;15,07;27,4;13,43;61,19;15,23;15,23;22,52;1,45;69,39;45,7
44177;Pancrudo;9,49;26,44;7,63;0,78;17815,0;36,89;48,54;7,77;44,0;22,0;12,0;31,11;60,0;17,92;23,58;28,3;7,27;66,23;52,38
44178;Parras de Castellote, Las;1,05;32,63;8,77;0,0;18360,0;32,69;44,23;17,31;51,72;20,69;37,93;10,71;71,43;5,45;34,55;16,36;13,79;69,44;52,73
44179;Peñarroya de Tastavins;16,34;24,0;23,62;1,89;14437,0;30,69;58,2;2,91;32,6;34,81;19,34;21,76;62,35;30,3;15,4;23,23;4,95;68,33;51,79
44180;Peracense;4,78;35,52;4,48;0,0;19810,0;26,87;55,22;7,46;21,21;12,12;30,3;25,0;64,29;14,71;20,59;36,76;8,57;80,0;52,24
44181;Peralejos;7,25;30,99;12,09;0,93;17981,0;33,77;49,35;9,09;27,27;6,06;36,36;12,9;70,97;16,67;39,74;21,79;5,88;59,26;44,16
44182;Perales del Alfambra;16,29;20,96;25,43;2,02;15718,0;31,72;53,3;5,29;31,09;44,54;8,4;26,13;46,85;9,66;21,01;32,35;5,93;70,56;57,2
44183;Pitarque;2,62;36,07;0,0;0,0;15860,0;35,59;47,46;5,08;32,14;22,22;18,52;20,0;68,0;20,0;15,0;16,67;10,0;79,41;50,0
44185;Pobo, El;10,52;26,8;10,31;0,93;15860,0;25,84;61,8;4,49;32,61;28,26;28,26;15,0;67,5;14,13;20,65;28,26;7,69;76,19;57,78
44187;Portellada, La;14,8;35,68;8,8;1,2;15174,0;24,64;64,73;3,38;48,48;35,35;15,15;28,09;60,67;17,92;15,57;25,94;4,76;82,64;49,76
44190;Pozuel del Campo;2,11;41,05;3,95;0,0;20178,0;35,48;38,71;4,84;11,54;19,23;19,23;16,0;64,0;17,46;15,87;42,86;6,9;65,85;46,03
44191;Puebla de Híjar, La;15,44;23,36;12,42;0,98;15900,0;29,86;52,73;7,5;22,85;15,05;41,13;26,04;59,28;20,32;18,48;20,69;11,16;65,75;53,35
44192;Puebla de Valverde, La;14,08;18,96;18,01;1,26;18218,0;36,34;50,13;4,76;28,45;16,74;25,1;21,49;67,54;15,24;23,1;31,19;6,61;74,3;61,63
44193;Puertomingalvo;18,37;23,26;25,19;2,0;13500,0;34,91;55,66;2,83;30,0;13,33;26,67;17,24;55,17;17,24;22,41;27,59;10,29;79,22;59,13
44194;Ráfales;16,46;34,42;20,41;2,06;13461,0;22,5;65,0;3,33;31,25;16,67;16,67;28,57;52,38;23,48;18,18;24,24;3,7;74,29;42,19
44195;Rillo;4,47;19,36;5,32;0,0;20954,0;44,57;38,04;7,61;36,07;26,23;16,39;31,03;62,07;6,45;22,58;46,24;3,03;91,43;70,97
44196;Riodeva;6,55;37,52;7,08;0,39;15555,0;23,21;55,36;7,14;30,0;7,5;32,5;13,16;81,58;24,14;16,38;19,83;19,61;64,06;44,35
44197;Ródenas;5,26;35,79;3,51;0,0;19810,0;40,35;45,61;1,75;44,0;28,0;36,0;8,7;69,57;24,14;22,41;22,41;3,7;81,25;46,55
44198;Royuela;8,6;24,39;8,77;0,66;17168,0;38,31;48,26;3,48;24,04;10,58;37,5;14,14;66,67;17,87;21,74;17,87;8,77;66,24;55,61
44201;Rubielos de Mora;13,31;17,57;14,92;0,98;17366,0;38,19;51,04;4,73;29,97;6,51;33,55;26,1;61,69;14,96;26,28;30,66;8,87;71,63;59,78
44205;Samper de Calanda;9,66;28,49;9,41;0,91;17618,0;33,08;50,6;5,89;25,57;17,7;27,54;24,5;61,41;23,24;20,44;23,38;6,91;67,69;49,33
44206;San Agustín;7,02;28,4;5,34;0,78;16722,0;44,44;42,86;7,94;44,26;21,31;24,59;29,31;63,79;17,97;17,97;37,5;9,52;70,37;49,22
44207;San Martín del Río;6,86;43,07;9,49;0,82;19016,0;25,4;53,17;6,35;23,4;4,26;36,17;30,23;62,79;16,41;21,09;28,91;7,69;71,64;40,62
44209;Santa Eulalia;11,93;25,78;17,93;1,3;16693,0;33,6;52,13;3,37;27,7;11,74;27,7;22,17;60,96;25,9;20,87;23,93;7,43;70,1;51,76
44210;Sarrión;21,49;18,56;23,49;1,9;14647,0;32,37;53,84;5,39;21,44;19,1;31,19;17,21;61,13;22,76;15,51;23,16;4,62;66,84;55,2
44213;Singra;0,79;27,63;18,42;0,0;20178,0;33,78;51,35;4,05;25,0;33,33;16,67;24,24;60,61;17,57;22,97;39,19;5,41;66,04;50,0
44215;Terriente;8,45;32,47;5,67;1,0;18944,0;34,59;50,81;4,32;27,91;18,6;22,09;24,05;63,29;15,03;19,17;24,35;11,9;64,91;43,98
44216;Teruel;17,25;18,99;16,26;1,36;19996,0;33,94;51,58;6,45;12,52;1,82;19,32;36,24;51,5;12,71;22,19;39,06;6,48;70,71;57,76
44219;Tornos;8,28;38,62;8,05;0,95;18328,0;32,14;49,4;4,76;34,52;21,43;20,24;30,14;57,53;16,47;14,71;30,0;7,59;81,11;46,75
44220;Torralba de los Sisones;8,28;24,28;15,17;0,5;13389,0;31,06;56,06;7,58;50,0;46,88;6,25;20,37;64,81;14,6;24,82;21,9;2,9;68,37;50,74
44221;Torrecilla de Alcañiz;10,82;32,41;8,18;1,75;14272,0;27,44;58,97;3,08;48,35;35,71;18,13;23,31;66,26;22,19;17,71;23,69;7,14;69,83;45,84
44222;Torrecilla del Rebollar;3,65;44,17;0,87;1,17;21233,0;30,7;58,77;4,39;42,31;25,0;32,69;29,27;58,54;10,53;21,05;22,81;0,0;87,5;42,98
44223;Torre de Arcas;4,47;30,26;14,47;0,0;18360,0;34,62;58,97;2,56;45,71;37,14;20,0;29,03;61,29;20,0;10,0;30,0;7,14;78,0;52,5
44225;Torre del Compte;8,64;41,86;15,25;0,93;18760,0;26,85;55,56;9,26;55,26;18,42;15,79;38,89;50,0;9,82;12,5;34,82;6,67;80,77;40,18
44226;Torrelacárcel;5,54;38,62;13,85;0,0;19285,0;31,15;48,36;10,66;27,27;20,0;29,09;22,22;62,96;21,6;20,8;22,4;9,38;84,06;51,2
44227;Torre los Negros;4,94;38,44;15,58;0,64;19120,0;33,33;58,67;1,33;46,43;53,57;10,71;21,74;60,87;21,79;21,79;20,51;16,13;60,47;40,26
44228;Torremocha de Jiloca;9,23;31,45;22,22;1,31;16239,0;31,91;58,51;1,06;31,58;21,05;21,05;25,0;63,89;18,75;22,92;22,92;9,3;57,35;45,26
44229;Torres de Albarracín;13,48;23,8;23,91;2,06;15575,0;37,66;53,25;3,9;20,0;24,0;21,33;27,27;59,09;22,16;19,76;33,53;3,7;66,67;49,09
44230;Torrevelilla;13,29;29,07;14,29;0,95;14161,0;31,37;43,14;9,8;28,57;26,79;12,5;26,42;54,72;16,56;21,02;35,03;17,33;68,89;48,08
44232;Torrijo del Campo;14,15;28,17;27,5;1,41;14956,0;32,78;52,87;3,59;22,73;25,25;31,31;18,65;62,18;20,97;24,65;20,74;4,23;70,83;49,31
44234;Tramacastiel;0,97;38,06;1,61;0,0;17981,0;36,84;45,61;3,51;28,57;5,0;30,0;41,18;47,06;13,79;17,24;32,76;13,64;52,78;38,6
44235;Tramacastilla;13,58;27,16;17,91;1,81;13173,0;39,64;39,64;9,91;52,63;21,05;31,58;15,79;71,05;21,37;17,09;22,22;3,85;62,5;44,44
44236;Tronchón;2,14;40,0;3,57;0,0;15860,0;43,1;48,28;1,72;46,15;26,92;26,92;23,08;69,23;8,62;15,52;15,52;12,5;87,5;55,17
44237;Urrea de Gaén;11,24;32,65;13,72;1,31;17812,0;28,06;56,89;4,34;28,66;14,65;33,76;19,74;60,53;28,75;14,75;21,25;11,46;68,0;48,36
44238;Utrillas;15,5;19,12;15,82;1,42;17597,0;31,62;53,04;7,36;10,33;2,46;41,66;19,37;56,95;22,87;17,59;15,58;10,04;58,13;48,81
44240;Valbona;8,24;34,65;18,18;0,88;16962,0;28,0;58,86;5,14;32,88;10,96;34,25;24,64;63,77;20,56;16,11;23,33;7,23;74,04;46,11
44241;Valdealgorfa;12,65;33,75;5,67;1,58;14046,0;24,9;59,68;2,96;42,99;25,34;21,27;24,87;65,99;16,92;21,35;24,23;4,94;76,49;47,37
44244;Valdelinares;8,29;19,51;9,76;0,0;15860,0;48,57;45,71;4,29;30,0;15,0;15,0;25,64;58,97;11,11;16,67;29,17;4,35;74,58;64,79
44245;Valdeltormo;15,39;30,33;17,43;1,12;12199,0;26,05;55,56;8,43;43,97;22,41;30,17;16,83;70,3;16,23;19,62;15,09;7,5;66,87;45,45
44246;Valderrobres;16,8;19,01;25,19;1,3;15988,0;32,91;51,76;6,17;28,68;11,48;30,08;23,28;62,71;20,5;18,51;23,08;5,89;70,81;57,89
44247;Valjunquera;12,2;28,21;5,36;0,83;13630,0;32,29;50,69;6,6;38,41;20,29;20,29;25,38;66,15;18,86;15,82;26,6;5,37;70,5;50,68
44251;Villafranca del Campo;10,9;27,17;14,48;1,06;14341,0;41,51;43,4;5,66;40,16;44,26;21,31;14,68;66,97;22,34;24,18;17,58;5,11;71,43;50,74
44252;Villahermosa del Campo;13,76;29,46;19,35;1,4;19120,0;23,17;65,85;6,1;25,0;15,91;25,0;43,24;40,54;9,41;15,29;36,47;4,88;76,47;48,24
44257;Villar del Cobo;4,79;35,71;6,13;0,7;18060,0;38,82;49,34;3,29;41,1;31,51;31,51;18,57;70,0;24,84;12,42;24,18;6,67;74,47;49,02
44258;Villar del Salz;8,81;29,15;15,25;1,27;19810,0;42,31;40,38;3,85;34,62;23,08;19,23;33,33;58,33;19,23;17,31;36,54;7,41;71,43;51,92
44260;Villarluengo;11,08;27,77;16,56;0,52;14037,0;36,62;52,82;4,93;45,07;19,72;32,39;22,06;66,18;22,3;18,92;20,27;8,0;75,0;50,68
44261;Villarquemado;13,13;26,16;11,22;1,58;16399,0;34,26;52,65;4,63;21,84;12,63;29,47;24,24;63,64;18,36;25,16;26,7;6,29;74,58;55,64
44262;Villarroya de los Pinares;13,5;21,75;5,62;1,25;14208,0;40,56;46,85;3,5;37,5;16,67;30,56;27,14;61,43;15,07;17,81;23,29;5,13;74,0;53,79
44263;Villastar;20,42;13,25;21,2;1,33;16809,0;34,74;50,7;6,34;13,43;3,36;26,12;25,87;59,46;14,77;24,83;34,45;7,32;70,0;64,93
44264;Villel;16,33;21,3;22,78;2,2;14590,0;31,75;53,28;8,39;16,39;12,3;27,87;14,53;63,25;22,95;25,34;19,18;13,16;61,97;52,6
44265;Vinaceite;9,56;29,89;15,56;0,97;17141,0;29,52;57,23;3,61;48,35;50,55;16,48;17,44;66,28;23,39;20,47;20,47;6,59;78,7;53,85
44266;Visiedo;10,68;42,41;15,04;0,37;15917,0;29,31;50,0;4,31;50,0;37,5;15,0;20,0;62,86;15,97;14,29;21,01;6,98;68,97;36,44
44267;Vivel del Río Martín;6,35;44,76;4,76;4,2;19120,0;31,15;44,26;9,84;36,84;42,11;21,05;11,11;77,78;31,15;13,11;26,23;0,0;70,0;34,43
45001;Ajofrín;18,29;21,79;8,07;1,47;14222,0;30,15;57,27;4,23;21,38;5,12;33,69;22,2;60,16;22,11;14,89;18,82;11,91;65,21;53,84
45002;Alameda de la Sagra;20,44;14,63;19,54;1,6;11668,0;32,95;54,33;6,61;15,64;2,71;35,75;20,07;62,91;22,11;18,71;17,6;15,79;57,78;57,37
45003;Albarreal de Tajo;15,24;19,75;14,96;0,98;13048,0;34,34;51,11;7,59;19,56;6,96;27,53;20,2;61,92;20,66;19,46;19,0;10,99;61,13;55,49
45004;Alcabón;17,79;17,86;13,82;1,28;11947,0;36,2;48,33;7,34;14,8;7,22;23,1;17,05;63,95;15,66;22,17;18,45;22,1;54,55;56,56
45005;Alcañizo;6,69;35,62;10,38;0,6;14776,0;36,55;47,39;4,82;24,72;22,47;17,98;19,77;63,95;25,38;22,31;17,31;14,41;64,63;43,02
45006;Alcaudete de la Jara;13,4;27,21;11,53;1,12;11375,0;30,81;50,45;6,69;21,4;11,14;26,42;17,42;64,25;27,89;15,54;11,69;33,24;46,92;48,22
45007;Alcolea de Tajo;14,34;22,82;10,02;1,29;13461,0;33,66;49,79;6,48;23,19;16,97;33,94;11,64;67,61;20,64;17,83;12,33;21,6;61,17;55,6
45008;Aldea en Cabo;9,78;29,35;27,17;1,21;13872,0;34,13;46,71;6,59;26,51;20,48;27,71;10,0;68,75;28,8;18,85;15,18;12,36;71,56;46,84
45009;Aldeanueva de Barbarroya;7,79;36,89;5,91;0,82;12951,0;31,54;43,69;6,54;42,5;25,79;20,13;13,25;74,17;34,33;12,9;11,29;19,8;66,67;46,65
45010;Aldeanueva de San Bartolomé;11,46;42,98;19,35;0,83;15130,0;24,36;51,27;5,67;33,91;15,79;15,79;21,3;63,89;46,01;9,84;19,15;18,8;59,67;35,75
45011;Almendral de la Cañada;11,81;34,15;8,19;1,67;12264,0;32,24;48,36;6,58;34,04;7,53;20,43;26,44;64,37;27,85;19,94;15,19;25,19;54,89;42,86
45012;Almonacid de Toledo;13,34;20,04;19,17;1,08;14862,0;37,2;49,76;4,83;22,57;15,78;21,84;19,07;61,6;23,51;21,79;21,22;12,92;64,89;58,22
45013;Almorox;16,16;22,58;20,74;1,29;12920,0;31,49;54,06;7,03;24,7;4,59;28,62;19,88;69,75;23,71;19,15;16,32;16,64;55,86;49,84
45014;Añover de Tajo;16,86;18,41;8,84;1,29;13194,0;33,65;52,5;6,14;13,61;3,56;37,49;18,22;65,05;20,87;16,83;15,54;14,51;61,33;56,19
45015;Arcicóllar;15,85;17,01;19,28;0,97;13668,0;33,93;49,78;8,31;15,09;3,07;22,22;19,26;67,9;14,13;27,31;19,23;16,6;59,49;57,36
45016;Argés;21,72;10,41;11,36;1,09;16975,0;35,46;51,49;8,63;11,96;1,53;15,41;36,31;52,72;9,24;25,13;36,92;8,01;66,22;64,94
45017;Azután;10,35;37,69;1,05;1,11;11875,0;28,46;50,77;5,38;31,25;25,0;25,0;19,72;69,01;28,9;11,41;11,41;32,52;58,04;46,77
45018;Barcience;24,3;7,51;26,52;1,15;11953,0;34,62;52,43;9,09;14,74;1,72;26,29;20,05;63,71;12,22;24,21;21,77;21,95;51,49;63,0
45019;Bargas;19,34;14,8;14,1;1,21;17830,0;34,11;53,13;7,44;11,56;2,18;18,51;34,71;52,17;14,55;20,11;33,2;10,53;66,59;61,43
45020;Belvís de la Jara;11,52;29,18;15,77;1,02;13166,0;31,14;51,63;4,53;32,43;16,61;29,24;17,53;67,44;31,16;16,34;16,03;16,26;63,19;50,5
45021;Borox;18,85;13,14;22,45;1,3;13424,0;35,26;51,78;7,46;15,2;9,83;31,03;15,66;60,97;19,18;20,85;16,42;10,3;67,3;63,72
45022;Buenaventura;5,77;33,35;6,23;0,27;14225,0;35,59;46,33;5,37;35,04;16,06;21,17;22,14;66,41;24,3;17,32;21,79;22,54;59,03;48,46
45023;Burguillos de Toledo;22,27;9,59;8,39;1,21;17164,0;34,6;54,75;7,31;13,7;2,66;15,8;31,77;57,58;9,58;23,06;35,03;9,22;67,26;68,17
45024;Burujón;17,54;20,62;5,95;1,54;12955,0;31,27;54,45;5,82;19,63;9,54;33,58;15,52;69,35;22,44;15,11;15,64;11,54;64,61;55,31
45025;Cabañas de la Sagra;18,6;13,22;26,23;1,47;12733,0;36,78;49,18;7,66;13,04;5,07;27,9;18,88;62,99;19,44;21,86;18,45;16,51;56,46;57,88
45026;Cabañas de Yepes;16,84;18,73;14,56;1,64;14510,0;30,08;48,78;10,98;18,12;4,35;18,12;17,74;62,1;19,4;22,76;22,39;14,38;66,18;60,38
45027;Cabezamesada;10,08;29,19;17,65;1,56;14707,0;28,2;48,52;10,16;25,75;21,69;32,53;16,35;60,38;27,02;13,35;17,39;9,47;72,17;52,81
45028;Calera y Chozas;17,29;19,2;8,53;1,26;13225,0;30,85;55,37;6,58;19,85;7,59;28,31;20,66;66,04;16,64;18,87;17,94;19,82;61,45;59,52
45029;Caleruela;7,51;37,27;7,32;0,84;15226,0;36,17;44,15;7,45;30,43;15,94;20,29;14,71;70,59;28,5;21,76;21,24;17,98;63,48;46,35
45030;Calzada de Oropesa;6,14;25,55;11,46;0,58;14400,0;38,46;41,88;7,48;25,37;10,24;23,41;15,26;69,47;19,88;19,47;18,05;20,36;64,99;56,01
45031;Camarena;19,39;14,07;23,12;1,19;12946,0;34,86;50,7;9,72;17,12;4,04;27,41;19,94;64,12;17,98;22,06;19,26;13,95;59,85;60,11
45032;Camarenilla;13,92;25,59;16,67;1,22;12662,0;33,53;47,76;8,38;12,8;6,16;20,85;20,71;59,6;24,26;18,33;17,41;19,92;56,18;48,88
45033;Campillo de la Jara, El;8,9;34,23;7,36;0,8;13414,0;38,83;42,61;5,5;35,34;16,54;18,05;13,49;75,4;30,33;9,67;15,0;17,76;69,06;51,01
45034;Camuñas;16,65;23,53;17,49;1,29;12157,0;31,16;55,36;4,4;26,07;20,69;25,69;21,53;57,67;26,42;14,88;17,75;11,12;69,44;55,23
45035;Cardiel de los Montes;13,98;28,74;13,33;1,18;15150,0;28,57;55,71;7,14;28,23;3,23;22,58;16,1;71,19;15,88;28,41;17,55;26,49;48,05;42,42
45036;Carmena;11,59;27,1;15,43;0,61;12449,0;32,65;52,67;5,76;21,86;9,32;25,45;19,85;66,41;22,67;18,13;18,78;18,23;61,28;47,38
45037;Carpio de Tajo, El;12,83;27,45;16,53;1,39;13106,0;31,99;50,4;6,76;20,87;12,91;29,58;19,62;62,18;25,04;15,23;17,73;16,03;60,74;50,6
45038;Carranque;20,94;10,13;11,45;1,15;17190,0;35,05;53,16;7,92;17,47;0,72;24,52;25,53;61,69;9,94;27,6;25,76;10,99;67,11;66,59
45039;Carriches;16,53;22,79;10,94;1,2;13627,0;28,32;54,42;7,52;30,48;24,76;20,0;26,0;54,0;24,03;15,45;16,74;20,77;62,42;56,03
45040;Casar de Escalona, El;15,92;18,26;29,07;1,16;11211,0;39,71;43,93;10,02;22,96;4,23;23,78;19,11;65,53;21,92;22,73;16,63;26,22;41,68;47,28
45041;Casarrubios del Monte;19,86;11,26;28,39;1,34;14141,0;36,33;48,84;10,1;15,41;1,14;25,36;22,68;61,49;15,4;28,86;22,15;11,04;61,31;61,76
45042;Casasbuenas;8,77;34,06;10,85;0,92;15166,0;21,71;61,71;6,86;9,59;13,7;17,81;23,53;66,18;18,44;25,14;25,7;11,11;60,0;45,51
45043;Castillo de Bayuela;10,09;29,67;15,19;1,24;16692,0;31,35;51,3;5,7;26,39;16,13;14,96;29,97;53,52;21,31;19,93;24,54;14,46;66,85;48,09
45045;Cazalegas;17,67;17,31;19,41;1,43;11780,0;32,37;50,33;8,77;18,44;8,93;24,64;18,93;66,56;20,06;21,05;15,81;21,15;52,57;54,41
45046;Cebolla;18,61;18,35;12,55;1,67;11335,0;32,6;54,01;6,04;24,79;9,44;37,0;18,44;67,66;18,95;18,01;15,67;25,74;54,59;56,84
45047;Cedillo del Condado;21,77;10,43;20,31;1,39;13496,0;36,09;49,18;10,49;15,4;3,07;28,53;16,74;66,52;14,92;24,97;17,83;13,61;61,57;64,68
45048;Cerralbos, Los;11,2;35,42;10,24;1,46;13797,0;27,15;52,22;7,57;31,37;13,07;22,88;26,71;58,9;22,39;22,14;19,34;14,94;62,71;44,39
45049;Cervera de los Montes;14,01;21,02;6,46;0,75;15184,0;34,71;50,34;6,44;17,84;7,51;21,13;30,54;59,11;15,65;20,63;26,3;15,95;65,26;58,54
45050;Ciruelos;17,49;12,76;16,29;1,34;13988,0;36,99;47,96;10,44;16,08;0,32;27,65;24,08;58,19;16,59;20,16;24,55;12,83;60,59;62,44
45051;Cobeja;21,16;13,35;20,83;1,79;13440,0;33,67;55,1;6,21;13,94;3,08;38,13;18,17;64,4;20,02;20,47;18,03;10,57;63,88;59,92
45052;Cobisa;17,39;11,03;4,47;0,86;21916,0;35,52;53,46;7,67;13,44;0,86;12,76;43,01;48,06;6,5;26,59;42,37;6,93;66,5;63,8
45053;Consuegra;16,54;21,0;7,3;1,4;13461,0;29,31;59,16;3,9;25,96;14,09;31,4;23,12;64,0;19,19;13,19;21,57;11,06;68,97;57,26
45054;Corral de Almaguer;16,91;19,95;20,51;1,31;12602,0;33,48;54,4;3,6;24,22;20,0;29,76;16,27;60,93;28,07;15,79;15,08;15,65;61,03;54,69
45055;Cuerva;13,98;22,48;12,31;1,23;13507,0;32,35;53,68;5,15;28,38;13,75;30,32;19,23;65,38;25,95;16,36;17,24;11,62;64,58;52,71
45056;Chozas de Canales;23,37;9,61;33,48;1,43;10159,0;37,78;49,93;8,37;11,27;2,23;28,85;13,71;66,93;22,21;24,36;13,05;21,05;48,97;57,09
45057;Chueca;14,13;20,0;1,98;1,4;14878,0;30,59;57,53;2,28;21,49;9,09;33,88;21,24;58,41;13,64;20,45;15,45;16,55;69,88;63,47
45058;Domingo Pérez;12,05;29,49;12,29;1,0;12480,0;31,41;45,53;8,65;30,36;16,96;22,32;19,27;66,06;27,67;18,63;15,89;26,25;48,96;44,44
45059;Dosbarrios;18,37;19,2;15,17;1,34;12812,0;29,87;57,14;5,41;27,67;9,4;24,68;18,56;60,9;18,76;25,03;15,78;13,09;66,92;58,66
45060;Erustes;17,78;22,4;20,44;2,1;13147,0;27,32;50,82;11,48;26,03;8,22;23,29;21,74;63,77;19,7;20,2;18,18;18,75;56,93;49,74
45061;Escalona;15,53;18,92;18,46;1,09;12845,0;33,9;48,28;10,08;21,27;2,74;21,8;22,64;62,11;16,29;20,66;18,18;23,39;51,16;53,26
45062;Escalonilla;18,68;19,91;18,92;1,5;12531,0;33,81;49,7;6,51;21,44;10,35;34,94;16,25;64,02;24,33;15,23;16,33;16,29;57,51;52,87
45063;Espinoso del Rey;7,19;42,74;5,44;0,39;13522,0;35,42;44,27;8,59;29,37;15,87;21,43;21,19;63,56;31,3;15,52;12,21;22,22;60,87;41,54
45064;Esquivias;18,72;14,96;13,74;1,23;15002,0;33,81;54,8;6,18;16,07;1,93;31,5;22,72;61,25;17,12;22,79;22,14;11,1;66,16;61,1
45065;Estrella, La;5,66;49,72;5,98;1,83;14328,0;27,02;49,19;6,45;40,28;20,83;22,22;15,15;72,73;44,36;11,28;16,34;15,29;67,92;33,2
45066;Fuensalida;21,74;14,13;23,75;1,57;12228,0;33,3;54,55;7,16;18,6;3,2;34,85;23,13;62,93;20,18;19,19;18,73;15,02;59,73;58,58
45067;Gálvez;15,8;22,09;14,0;1,15;14433,0;30,83;55,88;5,31;28,46;12,23;26,23;22,86;63,3;24,03;17,34;20,21;11,79;68,21;57,25
45068;Garciotum;21,91;30,91;11,82;2,05;14503,0;29,24;61,4;4,68;18,18;7,58;12,12;28,12;54,69;17,61;23,86;19,89;23,75;59,8;45,45
45069;Gerindote;19,11;14,31;18,87;1,21;12178,0;33,81;53,95;6,25;18,06;3,61;35,19;17,82;64,08;18,27;19,03;16,74;17,89;58,7;59,5
45070;Guadamur;15,59;19,92;9,06;1,05;15556,0;33,29;50,72;6,38;20,47;6,96;23,48;25,52;59,46;17,52;19,76;27,17;10,1;68,94;58,32
45071;Guardia, La;14,91;22,92;12,25;1,24;12666,0;31,5;53,44;5,02;24,09;10,3;30,91;14,55;67,04;22,37;14,35;14,51;18,65;64,53;56,77
45072;Herencias, Las;10,32;25,95;9,39;0,89;13852,0;36,19;46,82;6,08;18,82;8,01;26,83;18,86;69,04;20,68;20,27;16,33;23,4;54,86;51,44
45073;Herreruela de Oropesa;6,08;38,6;12,46;0,7;14964,0;35,69;45,34;5,79;22,95;21,49;13,22;23,28;65,52;24,84;14,91;21,12;11,03;73,3;45,31
45074;Hinojosa de San Vicente;8,38;33,57;3,24;0,43;14156,0;36,16;49,72;3,11;29,66;7,59;21,38;23,94;69,01;22,93;18,51;24,31;13,86;68,1;46,24
45075;Hontanar;9,71;31,29;7,86;3,0;16659,0;35,61;50,76;8,33;27,94;26,47;16,18;21,54;52,31;20,0;23,57;16,43;9,86;80,0;50,71
45076;Hormigos;16,82;20,25;22,06;1,44;12175,0;32,51;47,59;10,01;25,61;5,28;21,48;13,16;71,05;21,08;20,73;13,4;26,12;47,58;49,3
45077;Huecas;17,95;20,76;14,79;1,64;14010,0;30,91;52,59;7,41;16,14;2,59;26,51;21,07;63,5;16,15;21,4;20,59;14,73;65,27;57,51
45078;Huerta de Valdecarábanos;17,96;20,56;12,16;1,36;12668,0;33,02;54,49;4,46;22,44;4,63;31,84;16,94;65,07;22,63;16,74;15,83;14,32;63,39;56,96
45079;Iglesuela del Tiétar, La;13,39;31,65;7,37;1,48;11833,0;36,13;50,0;5,24;32,5;15,0;15,0;23,68;59,65;18,18;18,43;26,01;25,86;52,65;44,05
45081;Illescas;22,91;9,69;19,43;1,26;16141,0;36,05;51,86;8,06;15,31;0,58;23,26;27,69;59,18;12,61;25,67;30,05;9,94;64,99;65,94
45082;Lagartera;11,01;32,98;9,48;1,11;13376,0;32,48;50,04;5,06;27,54;12,97;23,95;19,25;69,57;26,47;16,85;18,42;13,43;68,72;47,28
45083;Layos;20,58;15,52;15,11;1,48;19394,0;31,85;52,85;8,21;24,74;2,32;15,21;46,65;46,65;16,04;22,33;41,31;8,54;65,65;60,46
45084;Lillo;14,37;22,11;11,48;1,02;11845,0;29,72;56,51;4,72;27,14;13,19;31,12;17,67;63,58;24,1;15,13;14,23;17,77;61,98;55,32
45085;Lominchar;20,58;11,59;29,11;1,53;12330,0;34,1;54,52;6,7;17,34;10,88;32,36;12,37;66,05;22,28;21,59;14,22;14,96;56,53;60,83
45086;Lucillos;15,08;20,06;14,67;1,47;12605,0;31,31;51,57;9,02;15,83;14,17;23,33;17,47;62,45;15,81;20,25;20,07;23,68;56,19;58,26
45087;Madridejos;15,41;20,97;8,26;1,11;13544,0;32,36;55,74;4,46;27,03;10,91;32,57;23,05;64,07;21,25;16,18;19,73;11,14;69,03;57,73
45088;Magán;22,02;9,48;24,14;1,34;13008,0;35,73;50,56;9,41;13,47;2,58;26,38;17,7;64,59;15,61;23,42;19,17;13,91;58,19;64,25
45089;Malpica de Tajo;11,49;26,23;8,53;1,11;13764,0;31,96;50,1;7,28;22,78;20,57;26,11;19,11;62,6;20,85;18,5;17,59;17,11;63,12;52,13
45090;Manzaneque;10,48;23,56;6,49;0,93;13412,0;32,34;47,01;7,61;26,34;25,27;22,58;13,29;63,58;29,14;14,44;14,17;12,02;67,28;56,06
45091;Maqueda;11,36;29,67;12,64;1,27;13341,0;29,68;47,26;8,68;17,58;5,45;19,39;15,62;71,25;21,74;18,48;14,13;19,91;54,23;47,26
45092;Marjaliza;9,01;33,51;9,92;0,49;13544,0;26,53;53,88;7,76;40,82;25,51;18,37;20,69;65,52;26,91;14,46;20,48;11,57;71,33;48,99
45093;Marrupe;10,6;40,0;4,22;1,0;13766,0;23,33;56,0;6,67;23,4;2,13;27,66;29,55;56,82;25,33;17,33;22,67;25,0;60,76;42,67
45094;Mascaraque;13,38;27,57;10,59;1,88;15188,0;29,38;53,37;6,47;22,34;5,32;26,6;20,81;64,16;24,93;16,27;19,42;11,74;72,59;56,35
45095;Mata, La;18,47;22,08;15,01;1,98;11835,0;34,01;52,3;4,88;27,96;12,17;29,28;17,59;62,07;28,68;20,36;13,06;17,01;58,44;50,46
45096;Mazarambroz;15,52;19,69;9,04;1,15;14303,0;35,8;52,36;4,35;21,05;9,98;27,77;22,77;56,93;17,99;16,03;22,74;13,33;66,87;58,32
45097;Mejorada;14,42;23,99;6,59;1,02;13563,0;31,13;55,33;4,87;20,12;3,39;25,9;26,28;62,22;18,59;16,8;21,92;21,24;59,04;54,19
45098;Menasalbas;13,33;26,93;12,63;1,33;15355,0;31,56;56,64;3,1;38,87;22,92;24,83;22,1;65,91;33,81;12,43;19,63;11,32;70,53;54,22
45099;Méntrida;21,85;10,36;17,56;1,36;13712,0;36,06;50,29;9,23;16,44;1,09;28,12;20,55;66,56;13,39;25,35;20,05;15,8;60,46;64,75
45100;Mesegar de Tajo;11,53;30,34;12,81;2,1;12602,0;32,76;51,15;5,17;26,76;26,76;25,35;8,96;73,13;31,52;16,3;9,24;15,91;63,25;48,35
45101;Miguel Esteban;14,75;19,4;13,36;1,16;12409,0;30,66;57,09;4,33;33,43;15,22;36,73;23,34;65,22;23,71;15,73;19,3;11,45;68,04;59,32
45102;Mocejón;19,88;15,6;13,37;1,32;13304,0;33,87;55,03;5,44;20,39;2,95;32,25;21,49;64,61;19,91;16,43;19,79;12,62;63,19;58,19
45103;Mohedas de la Jara;11,95;34,75;8,05;0,81;11820,0;30,21;48,39;6,45;54,14;22,56;30,08;16,8;70,4;31,35;14,32;16,76;13,04;69,31;43,75
45104;Montearagón;14,18;24,28;16,22;1,43;13050,0;28,74;55,06;8,5;19,63;11,87;21,0;18,48;63,03;17,61;20,94;16,63;21,27;59,27;52,76
45105;Montesclaros;7,7;35,25;5,17;0,59;15560,0;29,77;47,11;8,67;16,42;11,19;22,39;15,15;62,88;24,93;18,7;11,9;19,14;58,74;45,89
45106;Mora;17,62;19,99;14,75;1,39;13329,0;30,97;56,05;5,39;21,03;14,27;22,02;23,79;56,7;23,52;19,64;20,05;12,35;66,25;57,47
45107;Nambroca;22,48;11,95;10,47;1,47;17783,0;32,54;57,08;6,84;14,42;2,59;18,02;38,53;49,58;11,51;22,86;36,36;9,54;68,45;64,97
45108;Nava de Ricomalillo, La;9,73;30,73;18,01;0,89;13977,0;33,48;51,01;4,49;37,0;15,5;27,5;16,22;69,73;28,04;14,64;12,37;13,75;68,32;49,69
45109;Navahermosa;13,5;24,13;12,53;1,08;13015,0;33,94;51,7;5,67;28,65;15,4;24,91;17,44;64,46;28,43;16,7;15,71;15,69;63,46;53,8
45110;Navalcán;10,51;32,8;9,9;0,84;13593,0;31,54;51,07;3,6;22,82;10,56;26,07;18,86;67,99;29,24;14,39;13,34;24,6;57,93;47,73
45112;Navalmorales, Los;11,3;27,71;8,12;0,98;12256,0;34,14;50,18;4,94;30,66;27,26;22,55;21,41;54,2;28,07;16,24;14,87;18,28;62,31;50,41
45113;Navalucillos, Los;8,54;34,77;7,57;1,0;13551,0;32,24;50,0;4,73;33,47;20,28;19,03;15,1;70,53;32,52;15,47;14,46;14,78;70,62;49,34
45114;Navamorcuende;8,05;39,83;6,22;0,47;16402,0;31,88;49,28;5,25;28,18;15,47;17,13;29,65;54,07;26,16;15,66;23,31;19,31;64,38;41,76
45115;Noblejas;20,56;16,64;20,38;1,57;14796,0;30,83;57,6;5,03;16,23;1,65;36,45;22,43;54,16;21,69;22,03;23,14;9,23;68,54;61,09
45116;Noez;17,73;16,22;18,05;1,2;13514,0;34,75;50,61;6,66;17,38;8,1;30,48;18,34;67,59;18,61;20,0;21,73;11,13;62,08;58,9
45117;Nombela;13,6;22,29;9,13;0,83;11833,0;33,68;50,39;7,63;30,7;13,37;31,31;15,02;72,84;19,05;16,67;14,41;23,93;55,25;53,42
45118;Novés;20,7;13,36;21,18;1,31;12590,0;36,17;51,35;6,83;16,2;3,92;27,59;19,11;63,34;17,42;21,56;18,07;17,43;57,22;59,85
45119;Numancia de la Sagra;20,33;10,65;20,96;1,27;12789,0;37,41;49,56;8,57;12,95;1,05;27,78;15,25;66,34;14,28;25,16;17,41;13,11;61,1;61,85
45120;Nuño Gómez;8,49;30,84;8,94;0,66;15979,0;34,64;43,14;11,11;19,64;10,71;12,5;14,55;69,09;20,5;24,22;22,98;25,61;56,48;50,93
45121;Ocaña;23,09;10,17;39,42;1,63;12570,0;34,84;51,8;8,48;12,67;1,73;23,69;20,85;59,36;18,02;26,87;24,23;14,13;53,91;59,1
45122;Olías del Rey;21,17;12,3;14,14;1,42;20033,0;33,24;55,01;7,71;13,25;1,12;14,08;43,42;46,68;9,39;24,04;44,47;7,61;69,58;65,28
45123;Ontígola;19,0;7,37;15,42;0,77;17315,0;34,45;52,03;10,68;10,87;0,48;22,54;26,71;57,93;8,51;28,68;31,29;8,28;67,86;70,0
45124;Orgaz;16,12;22,4;7,54;1,22;14316,0;30,94;54,55;5,69;24,3;9,04;28,33;22,53;61,72;21,97;17,68;20,25;10,08;69,13;56,85
45125;Oropesa;12,09;25,18;7,4;0,94;14254,0;32,77;50,61;6,26;25,56;7,07;19,28;25,9;59,54;20,32;20,8;22,78;13,98;65,25;53,08
45126;Otero;10,18;18,07;41,7;0,54;11492,0;32,34;45,99;12,46;17,05;2,33;23,26;12,2;73,17;22,77;23,27;15,59;25,84;40,62;44,5
45127;Palomeque;17,69;12,56;20,45;0,96;14082,0;33,99;52,39;9,04;24,21;2,42;30,73;16,25;71,7;15,56;26,85;18,09;12,38;64,17;63,9
45128;Pantoja;19,32;15,07;11,76;1,24;13268,0;31,99;54,89;6,19;14,61;2,11;33,18;18,36;65,75;19,69;20,77;16,51;13,15;64,22;60,35
45129;Paredes de Escalona;5,56;43,16;13,53;0,58;18784,0;19,35;59,68;8,06;23,26;2,33;18,6;21,43;66,67;16,8;21,6;21,6;4,08;72,31;39,2
45130;Parrillas;6,63;35,48;13,93;1,35;14665,0;32,78;47,02;9,27;17,95;12,82;20,51;24,78;60,18;28,12;17,81;19,38;16,18;62,64;42,77
45131;Pelahustán;12,79;30,15;16,72;1,37;13301,0;32,43;47,64;9,8;40,21;16,49;26,8;14,74;69,47;25,33;17,76;15,13;22,39;53,89;44,67
45132;Pepino;17,73;14,73;8,13;1,0;21083,0;32,86;55,82;7,48;28,26;2,42;14,43;44,62;49,54;9,26;24,43;37,16;11,0;62,84;60,06
45133;Polán;17,32;17,25;12,66;1,23;13620,0;33,64;53,46;6,61;19,61;7,15;28,13;20,96;63,31;18,65;21,07;20,21;10,52;65,72;58,17
45134;Portillo de Toledo;18,29;18,51;19,38;1,56;13148,0;33,46;53,17;6,4;21,25;2,52;37,21;21,67;62,27;21,63;17,21;16,91;14,8;61,34;56,53
45135;Puebla de Almoradiel, La;13,21;22,36;6,12;0,99;12026,0;35,1;52,0;3,78;33,14;21,22;30,73;17,38;63,53;23,75;16,38;17,05;12,25;67,77;56,55
45136;Puebla de Montalbán, La;17,42;17,2;20,26;1,29;13457,0;34,66;52,61;5,58;21,1;8,06;36,85;20,48;65,61;25,92;17,3;16,93;15,08;57,51;54,0
45137;Pueblanueva, La;16,7;19,02;12,4;1,22;11960,0;35,1;50,11;6,43;27,2;26,44;25,83;13,44;66,93;21,99;16,67;15,0;19,26;59,23;56,51
45138;Puente del Arzobispo, El;11,28;28,45;7,47;0,81;13943,0;29,93;55,54;5,0;22,27;4,9;31,85;20,23;64,37;21,67;17,03;15,89;16,08;65,7;51,52
45139;Puerto de San Vicente;3,29;54,86;5,0;0,7;17253,0;27,66;52,48;7,09;45,16;12,9;22,58;17,24;75,86;35,42;13,89;11,11;30,77;51,92;27,08
45140;Pulgar;17,5;19,15;22,72;1,22;13829,0;32,77;55,15;4,73;31,29;13,82;29,8;16,99;69,39;28,99;17,27;16,98;11,47;65,06;56,44
45141;Quero;13,0;25,52;14,6;1,54;12673,0;34,89;47,05;6,14;30,29;21,29;31,27;17,9;59,38;20,02;18,29;15,58;22,8;58,29;52,24
45142;Quintanar de la Orden;17,8;16,6;17,21;1,21;13059,0;32,63;54,66;5,81;24,76;6,49;34,29;23,5;60,94;20,33;18,71;20,96;14,89;60,43;57,51
45143;Quismondo;18,28;17,71;19,88;1,13;12129,0;35,59;49,52;7,79;20,49;2,14;28,79;21,99;65,82;22,21;19,63;16,91;15,93;56,97;55,29
45144;Real de San Vicente, El;10,86;31,27;18,72;1,04;13733,0;31,9;50,66;6,69;38,51;11,53;24,07;22,57;64,24;28,44;18,74;18,74;23,51;54,61;44,03
45145;Recas;21,62;11,62;33,02;1,66;12082,0;34,2;54,75;6,53;17,11;11,89;30,93;15,52;61,16;26,92;18,49;15,53;13,34;60,82;60,88
45146;Retamoso de la Jara;6,06;45,69;5,5;0,93;16930,0;29,41;52,94;6,86;25,71;17,14;14,29;25,0;50,0;23,08;15,38;33,65;28,26;68,75;44,23
45147;Rielves;19,06;13,67;14,35;1,48;14100,0;34,04;50,35;9,79;13,17;5,32;25,49;23,55;59,3;13,44;24,06;24,06;14,25;61,97;62,3
45148;Robledo del Mazo;3,13;47,55;5,62;0,91;16156,0;29,03;47,98;5,65;21,92;8,22;17,81;15,49;71,83;30,12;11,65;14,06;22,22;69,37;39,76
45149;Romeral, El;8,07;33,08;10,9;0,92;13899,0;33,13;49,9;4,24;34,65;12,72;26,32;21,15;58,17;27,57;16,31;16,7;14,68;71,43;49,61
45150;San Bartolomé de las Abiertas;16,24;23,48;14,89;0,96;12482,0;30,62;52,68;9,15;20,69;20,69;20,2;14,43;61,34;28,01;16,92;13,91;20,61;52,13;50,0
45151;San Martín de Montalbán;14,5;30,79;22,26;1,67;13822,0;30,43;52,14;5,66;25,1;26,02;18,29;14,89;61,7;30,8;17,34;13,32;14,29;60,14;43,5
45152;San Martín de Pusa;9,78;33,71;10,06;0,98;13426,0;28,6;54,24;6,27;29,53;20,73;20,73;17,58;64,84;29,8;14,36;15,98;19,39;61,45;47,47
45153;San Pablo de los Montes;11,08;28,35;6,62;0,87;13985,0;30,24;56,07;4,14;34,27;14,83;31,64;17,8;70,33;27,24;13,03;15,78;13,07;70,5;53,57
45154;San Román de los Montes;17,97;16,28;11,07;0,96;17449,0;32,12;52,65;9,52;19,98;1,55;16,9;37,52;54,78;11,08;25,21;34,35;16,11;59,4;58,69
45155;Santa Ana de Pusa;7,03;41,33;9,8;1,0;15255,0;28,98;51,27;9,24;30,97;27,43;10,62;23,0;52,0;30,25;12,96;21,3;24,14;65,09;45,03
45156;Santa Cruz de la Zarza;14,72;23,76;11,88;1,22;13739,0;29,95;57,89;3,86;30,79;12,54;34,59;20,93;61,63;26,2;16,79;16,73;9,1;69,12;54,61
45157;Santa Cruz del Retamar;17,74;15,34;27,36;1,06;13682,0;35,77;49,24;7,89;17,19;1,94;27,73;22,27;62,69;17,12;25,54;19,66;15,49;56,23;56,14
45158;Santa Olalla;17,77;18,26;17,09;1,61;12549,0;32,28;51,99;7,8;23,02;5,8;28,94;19,89;66,53;18,76;18,92;16,51;18,07;57,32;54,31
45160;Segurilla;16,62;20,69;5,21;1,21;14830,0;32,53;54,6;5,6;16,09;3,81;21,45;27,58;62,81;15,48;20,39;24,24;15,51;63,58;57,31
45161;Seseña;24,03;6,8;31,44;1,26;13957,0;37,15;50,64;9,21;13,2;0,45;19,65;21,67;61,6;12,89;29,87;23,89;10,24;62,81;66,75
45162;Sevilleja de la Jara;4,69;44,09;10,39;1,13;15509,0;34,82;47,34;5,49;27,4;21,1;19,27;12,74;66,98;37,06;13,86;13,02;10,64;69,54;39,3
45163;Sonseca;18,4;18,64;15,03;1,38;14385,0;33,56;55,82;4,69;18,7;4,38;28,3;28,91;55,71;19,28;20,97;24,73;12,38;63,01;55,71
45164;Sotillo de las Palomas;5,08;38,81;5,95;0,61;14804,0;30,46;48,28;6,9;7,69;11,54;23,08;26,0;62,0;21,59;21,59;18,75;25,68;54,46;42,29
45165;Talavera de la Reina;17,63;18,78;15,32;1,19;14015,0;35,55;49,13;7,9;16,4;2,54;17,38;31,21;57,94;17,5;20,43;25,8;20,37;57,41;54,86
45166;Tembleque;12,99;23,55;18,58;0,78;13250,0;31,33;53,67;4,64;25,2;10,6;30,87;21,29;61,29;26,06;16,82;18,25;12,32;61,15;50,22
45167;Toboso, El;12,26;26,64;13,44;1,26;13062,0;30,95;53,01;5,55;29,73;11,72;28,81;24,58;60,39;26,65;16,73;20,48;12,65;67,39;52,25
45168;Toledo;17,86;17,02;15,85;1,15;20900,0;38,04;48,8;7,32;12,61;1,29;11,57;46,6;43,31;12,43;21,1;43,15;8,16;68,39;59,47
45169;Torralba de Oropesa;8,97;26,81;8,11;0,9;11891,0;38,82;48,24;4,12;27,03;8,11;28,38;15,71;65,71;23,76;16,02;14,92;22,34;62,39;52,81
45170;Torrecilla de la Jara;7,22;38,85;8,37;0,68;13682,0;29,06;53,2;5,91;29,58;22,86;21,43;12,7;68,25;29,52;17,14;10,48;21,65;65,52;46,41
45171;Torre de Esteban Hambrán, La;13,93;20,99;16,29;1,04;13825,0;35,19;46,94;7,83;19,5;5,84;27,7;21,55;63,23;20,15;22,41;20,32;12,07;66,77;56,63
45172;Torrico;10,2;35,17;6,32;1,38;13079,0;31,35;53,76;3,45;34,07;15,93;29,63;16,86;71,65;32,82;15,25;13,25;13,59;71,77;47,76
45173;Torrijos;19,68;15,72;19,14;1,39;14266,0;33,94;52,56;7,51;18,42;1,64;24,8;31,07;55,12;17,39;19,66;25,95;15,14;59,99;57,55
45174;Totanés;12,74;24,82;14,63;1,36;15158,0;30,03;51,7;5,88;26,04;15,48;21,43;20,99;58,64;19,65;21,99;19,65;9,29;73,13;54,14
45175;Turleque;14,0;29,4;13,71;1,65;13952,0;27,56;56,81;5,04;36,56;25,45;22,58;28,12;55,86;34,25;10,99;18,58;8,7;69,47;48,78
45176;Ugena;20,1;9,43;13,28;0,82;15893,0;34,87;54,11;7,46;16,55;0,76;26,17;21,64;63,79;11,1;28,05;21,72;10,41;66,25;67,37
45177;Urda;13,62;22,72;12,81;0,89;12594,0;31,13;55,94;3,49;25,53;15,04;30,07;15,75;69,71;24,72;14,29;17,32;15,98;62,21;53,09
45179;Valdeverdeja;12,06;29,0;12,96;1,27;13114,0;30,61;49,8;6,12;32,6;13,81;28,18;9,66;74,43;27,39;14,37;16,86;15,52;56,16;44,96
45180;Valmojado;21,13;14,44;20,76;1,19;14038,0;35,12;51,89;6,87;16,42;2,95;29,88;21,21;63,83;16,76;23,83;21,59;10,46;64,4;61,34
45181;Velada;16,78;19,62;6,48;1,07;12191,0;36,04;51,04;5,49;18,69;8,86;31,36;18,74;66,57;20,05;17,34;15,31;19,99;61,66;58,72
45182;Ventas con Peña Aguilera, Las;12,3;27,07;11,39;1,09;13897,0;27,83;57,16;5,31;31,75;8,16;39,0;19,62;67,22;28,68;14,83;18,93;16,06;65,72;51,53
45183;Ventas de Retamosa, Las;20,62;9,72;21,2;1,03;13828,0;37,73;49,23;9,13;15,34;1,34;24,58;21,2;65,0;13,56;26,77;22,11;12,24;61,62;63,44
45184;Ventas de San Julián, Las;7,14;27,82;5,04;0,8;12332,0;31,31;51,4;5,61;19,54;13,79;27,59;10,59;72,94;23,64;15,0;12,73;23,64;53,16;50,23
45185;Villacañas;16,17;18,85;8,15;1,14;12752,0;30,91;56,51;4,86;22,56;9,8;36,33;21,37;60,4;19,42;18,15;19,7;19,03;60,28;56,82
45186;Villa de Don Fadrique, La;13,3;23,03;9,3;1,21;11996,0;32,32;53,46;5,55;34,76;21,18;28,12;19,4;61,64;23,42;17,21;17,55;14,68;65,95;55,41
45187;Villafranca de los Caballeros;13,83;22,82;9,75;1,15;13351,0;32,93;53,49;4,67;23,15;8,84;28,47;23,07;64,5;22,36;14,27;19,07;16,77;62,3;54,21
45188;Villaluenga de la Sagra;19,81;15,57;18,11;1,38;14537,0;32,62;54,94;7,01;14,15;1,92;27,91;24,16;61,65;18,21;24,27;23,21;12,75;62,68;59,58
45189;Villamiel de Toledo;18,21;13,55;20,82;1,2;13855,0;34,47;51,19;7,96;15,55;5,62;21,81;18,41;68,64;12,75;27,23;23,53;15,11;59,67;61,23
45190;Villaminaya;13,92;27,81;5,58;1,69;15861,0;30,47;56,66;2,71;34,1;16,59;36,41;19,52;65,24;22,94;14,7;17,82;12,1;73,4;55,48
45191;Villamuelas;11,99;28,42;5,72;0,9;13681,0;30,51;57,9;3,31;29,63;13,01;19,33;12,75;70,12;22,68;17,86;15,18;9,29;79,72;56,12
45192;Villanueva de Alcardete;12,8;24,38;12,38;1,01;12518,0;31,28;57,35;3,61;32,65;26,25;27,13;18,13;63,9;29,61;17,28;17,43;9,86;73,19;56,4
45193;Villanueva de Bogas;12,05;25,46;6,37;0,82;13500,0;31,1;54,01;4,35;30,5;18,86;26,33;20,08;61,36;24,79;15,44;16,75;12,69;70,49;54,62
45195;Villarrubia de Santiago;15,74;23,59;12,17;1,49;14105,0;33,22;53,22;4,49;21,56;6,06;40,76;17,26;61,17;31,69;15,42;16,23;9,49;64,52;50,63
45196;Villaseca de la Sagra;18,11;16,88;11,82;1,52;14386,0;35,72;52,29;5,03;9,96;2,94;27,84;19,02;61,97;19,56;17,57;20,62;14,94;61,59;58,97
45197;Villasequilla;17,02;18,51;14,98;1,38;14269,0;32,05;54,3;6,25;17,79;10,85;29,36;17,12;64,27;24,2;16,75;17,76;12,21;64,48;56,9
45198;Villatobas;18,71;18,43;26,59;1,56;12000,0;33,11;54,55;4,86;21,55;8,77;32,37;18,93;62,13;25,91;18,05;18,63;12,67;59,81;54,77
45199;Viso de San Juan, El;21,89;8,13;19,79;1,43;14033,0;37,24;48,62;11,27;13,46;0,57;28,72;17,78;67,03;12,73;26,1;19,7;12,43;63,53;68,17
45200;Yébenes, Los;17,13;18,47;11,96;1,55;14327,0;31,69;57,08;3,89;23,72;14,37;32,32;23,48;60,89;22,89;16,48;19,94;9,44;66,67;56,89
45201;Yeles;21,69;11,19;26,05;1,57;12922,0;36,2;48,42;9,94;14,79;0,75;27,47;17,28;65,52;17,79;27,15;17,27;13,8;61,49;62,75
45202;Yepes;18,94;17,07;15,75;1,41;13472,0;31,97;54,26;6,46;14,09;3,73;29,73;20,65;60,46;21,96;17,43;19,3;12,24;61,12;57,51
45203;Yuncler;22,15;10,82;24,23;1,47;12766,0;35,54;51,04;8,46;12,33;1,2;29,27;19,78;64,4;19,51;22,98;17,73;13,47;59,67;62,72
45204;Yunclillos;15,16;19,34;12,41;1,81;15276,0;36,55;50,15;6,87;18,24;4,26;27,66;22,76;66,35;15,84;24,89;23,34;12,69;63,35;55,06
45205;Yuncos;22,07;9,33;25,07;1,19;12951,0;36,72;51,4;7,87;15,32;0,77;25,99;17,97;65,09;15,63;23,8;16,79;13,06;60,72;63,46
45901;Santo Domingo-Caudilla;17,32;15,73;24,58;1,3;13287,0;35,45;47,95;9,18;19,39;7,24;26,87;20,2;61,82;15,85;23,4;18,58;18,72;54,16;56,21
46001;Ademuz;14,21;23,33;16,85;1,13;14514,0;34,19;49,77;6,16;26,45;9,32;23,43;19,63;65,78;17,08;22,02;26,97;15,16;61,27;52,06
46002;Ador;13,73;18,21;18,84;0,99;15905,0;36,26;46,42;10,02;17,46;4,59;26,49;29,84;55,71;15,94;24,87;30,08;11,23;56,12;50,49
46003;Atzeneta d'Albaida;14,64;19,67;9,04;1,14;15103,0;31,02;53,16;7,55;19,01;0,99;37,43;31,98;55,19;14,11;17,97;28,21;9,61;66,12;57,33
46004;Agullent;14,6;18,89;9,63;1,06;15241,0;31,61;55,54;5,59;18,18;1,14;38,16;32,1;55,63;13,28;19,64;26,05;12,1;65,79;57,91
46005;Alaquàs;16,11;18,72;13,71;1,03;15218,0;34,47;48,83;9,4;12,65;1,09;25,49;25,15;60,34;16,71;19,29;23,89;13,82;62,76;56,6
46006;Albaida;16,23;18,49;17,59;1,2;15354,0;31,68;53,39;7,7;19,8;1,63;39,88;29,22;57,57;15,18;19,43;26,97;12,16;62,4;55,69
46007;Albal;17,63;12,86;13,05;0,99;15805,0;34,57;49,81;9,64;13,58;1,34;26,16;25,91;60,07;10,83;25,78;27,26;12,53;63,03;62,15
46008;Albalat de la Ribera;17,37;18,2;14,51;1,19;14719,0;29,22;54,4;7,68;16,76;7,2;32,37;23,8;57,79;14,7;15,11;25,71;9,92;66,65;58,1
46009;Albalat dels Sorells;17,51;18,12;11,46;1,15;18300,0;32,35;51,08;9,26;15,38;1,61;24,31;32,77;53,88;11,57;20,44;34,09;9,39;67,44;58,7
46010;Albalat dels Tarongers;15,68;14,96;15,93;1,37;18695,0;31,8;50,79;11,63;15,56;2,31;25,12;35,87;51,57;8,56;24,42;37,11;11,38;62,66;59,42
46011;Alberic;18,71;16,53;18,69;1,4;14310,0;32,7;51,31;8,1;16,84;8,43;26,18;27,23;53,9;19,09;14,73;25,33;11,38;60,84;55,29
46012;Alborache;14,92;16,23;18,92;1,11;16922,0;38,03;43,63;10,57;14,94;2,38;30,84;30,1;53,85;12,49;24,23;30,17;12,4;60,72;58,34
46013;Alboraia/Alboraya;16,91;15,63;19,39;1,1;21848,0;35,71;49,13;9,68;17,88;1,22;14,54;46,04;46,49;9,61;22,89;45,41;8,38;64,27;57,36
46014;Albuixech;16,59;19,63;15,78;1,14;17697,0;32,42;49,09;9,29;14,23;1,96;25,53;33,7;54,92;15,87;20,97;32,74;11,2;66,92;57,47
46015;Alcàsser;18,44;15,39;14,26;1,21;16269,0;34,38;49,84;9,3;14,67;4,17;25,43;29,04;55,77;13,45;19,68;28,56;9,89;66,53;60,34
46016;Alcàntera de Xúquer;17,27;18,41;13,73;1,55;13959,0;31,75;50,55;9,82;13,04;10,17;16,85;21,01;51,26;13,49;21,0;21,49;7,69;64,8;55,36
46017;Alzira;17,67;16,98;19,78;1,25;16067,0;32,84;50,42;9,02;14,63;4,6;26,42;28,58;53,9;13,5;19,54;26,86;11,95;60,73;55,85
46018;Alcublas;8,62;27,48;13,81;0,57;14052,0;35,19;49,84;7,32;35,32;20,82;18,59;23,9;60,56;20,58;16,44;23,5;11,21;64,4;51,0
46019;Alcúdia, l';18,16;16,69;15,89;1,28;16277,0;31,95;52,22;8,41;14,87;8,56;27,0;27,09;53,23;16,87;17,04;24,61;6,54;68,15;58,79
46020;Alcúdia de Crespins, l';16,94;16,84;16,12;1,29;14142,0;32,14;52,49;8,11;13,61;5,96;28,4;24,52;59,46;16,16;17,21;22,17;14,15;60,04;56,3
46021;Aldaia;18,37;14,12;14,85;1,17;15113,0;35,34;49,34;9,41;12,51;0,75;26,56;24,16;60,99;12,69;20,14;27,43;12,74;62,43;60,47
46022;Alfafar;16,34;17,52;23,83;1,09;13777,0;35,14;47,28;10,02;12,34;1,39;22,19;22,41;60,74;16,14;21,75;23,6;15,55;58,94;55,55
46023;Alfauir;14,44;16,69;14,79;1,77;16117,0;31,74;53,94;9,07;13,57;4,98;20,36;28,77;56,6;11,47;20,64;29,13;8,1;63,76;57,31
46024;Alfara de la Baronia;14,9;18,49;12,36;0,69;15370,0;36,22;42,77;11,56;15,94;4,78;29,48;24,9;57,55;14,58;20,85;25,83;10,85;61,74;55,77
46025;Alfara del Patriarca;17,51;14,38;21,69;0,84;17356,0;39,31;46,32;8,01;13,81;1,87;20,89;36,9;51,02;7,41;29,33;35,7;9,57;55,88;53,78
46026;Alfarb;17,61;16,19;10,88;1,51;16398,0;31,69;51,61;8,85;16,78;6,92;27,3;30,8;55,13;10,86;20,26;28,98;7,08;66,72;59,43
46027;Alfarrasí;15,26;21,36;7,48;0,9;16395,0;31,3;53,84;7,09;19,45;4,13;49,12;28,25;55,46;12,03;15,32;21,34;9,11;68,02;55,98
46028;Algar de Palància;13,38;22,48;15,22;1,19;17852,0;30,77;52,99;10,04;22,43;6,54;23,83;29,41;56,37;13,2;19,59;36,91;10,53;66,11;55,19
46029;Algemesí;19,04;16,55;16,39;1,29;15732,0;32,5;51,25;8,05;14,21;5,79;26,3;30,11;49,06;12,45;19,78;29,0;9,85;64,19;57,16
46030;Algímia d'Alfara;12,83;23,04;11,8;0,74;16792,0;32,21;49,37;8,63;18,24;7,58;23,16;26,65;53,73;16,55;18,58;30,25;10,33;63,9;53,64
46031;Alginet;17,91;15,54;15,99;1,3;15612,0;32,75;51,28;8,51;16,1;7,9;28,48;25,82;56,94;14,43;21,62;26,11;8,93;65,62;59,39
46032;Almàssera;16,26;16,91;12,87;0,9;18016,0;34,2;49,04;10,01;12,93;2,33;22,34;34,12;53,8;12,41;20,94;34,31;10,82;64,94;58,97
46033;Almiserà;12,29;22,71;15,36;0,89;14726,0;30,95;52,78;8,73;20,49;4,96;26,45;29,17;59,17;12,06;22,18;26,85;9,93;75,98;58,98
46034;Almoines;19,22;14,42;14,61;1,21;14709,0;32,51;51,26;9,98;16,3;1,92;22,9;25,26;58,47;10,27;27,07;28,87;12,6;63,03;60,3
46035;Almussafes;17,86;17,22;11,88;1,2;19293,0;32,59;51,84;8,58;11,81;1,8;34,46;30,79;55,35;11,55;21,29;32,64;8,89;69,86;60,71
46036;Alpuente;11,61;29,17;8,42;1,02;15223,0;34,27;53,54;4,45;39,35;22,74;20,94;29,64;62,06;25,71;16,93;27,12;10,39;69,17;48,81
46037;Alqueria de la Comtessa, l';16,84;20,19;15,82;1,17;15551,0;32,89;50,86;7,46;15,94;4,06;19,22;24,35;58,71;14,25;18,4;24,74;11,62;66,47;57,35
46038;Andilla;5,01;28,44;15,93;0,45;19578,0;36,45;48,83;7,36;21,17;6,57;33,58;26,19;57,94;15,24;22,22;26,67;12,5;65,12;51,12
46039;Anna;12,39;25,31;10,85;0,9;14808,0;31,04;51,57;6,8;17,83;6,37;30,48;26,29;61,81;19,97;16,48;22,69;8,65;66,73;51,54
46040;Antella;12,37;25,15;8,18;1,29;15693,0;30,19;48,63;7,5;17,28;11,93;26,25;26,13;50,68;18,02;14,36;24,26;6,09;68,09;50,85
46041;Aras de los Olmos;12,97;29,68;10,97;1,27;15562,0;37,88;49,39;3,94;34,97;23,08;16,08;20,61;59,54;19,08;17,05;33,53;8,48;66,52;48,1
46042;Aielo de Malferit;16,3;16,54;13,83;1,0;15099,0;32,39;53,84;6,61;16,5;12,96;35,71;25,43;55,07;15,85;17,23;22,69;7,3;67,76;58,79
46043;Aielo de Rugat;10,43;31,43;14,29;1,75;25151,0;31,76;53,38;5,41;22,08;6,49;24,68;36,99;50,68;14,09;28,19;28,86;8,11;76,4;50,0
46044;Ayora;14,82;22,06;10,59;1,07;14956,0;30,81;53,94;6,87;26,83;7,6;28,98;26,63;64,32;18,15;18,33;22,69;12,22;64,47;54,15
46045;Barxeta;15,38;22,67;11,24;1,17;15313,0;27,73;59,08;5,88;14,12;4,12;28,53;25,85;55,38;13,55;15,93;24,73;8,17;69,13;53,73
46046;Barx;11,22;27,03;26,29;1,11;17209,0;29,49;51,92;8,81;28,16;6,94;17,55;32,05;57,26;22,61;16,94;26,66;12,04;55,02;42,57
46047;Bèlgida;13,73;21,51;6,3;1,03;14200,0;31,19;55,08;6,77;27,96;6,81;38,35;26,64;56,76;14,89;17,69;22,59;11,91;65,5;56,46
46048;Bellreguard;16,55;16,7;18,32;1,19;15555,0;33,98;51,11;8,01;15,35;2,83;18,63;29,32;54,37;13,83;20,44;29,75;11,09;62,55;56,94
46049;Bellús;10,0;20,19;7,28;0,49;14019,0;39,93;47,62;4,4;14,06;4,69;47,66;13,01;71,54;13,88;13,88;15,66;9,59;58,67;52,33
46050;Benagéber;2,94;34,12;3,39;0,58;18168,0;34,73;49,7;9,58;17,5;11,25;22,5;20,78;63,64;7,19;20,36;31,14;10,98;69,52;49,1
46051;Benaguasil;16,69;16,31;17,03;1,28;14883,0;34,65;49,44;9,3;17,07;5,03;24,88;26,49;59,51;16,1;22,25;26,69;13,61;62,6;59,0
46052;Benavites;13,23;21,29;8,15;0,6;15734,0;33,39;48,6;9,27;14,79;6,11;16,72;26,69;57,09;9,76;20,88;27,1;6,53;73,09;57,41
46053;Beneixida;13,95;18,05;8,51;0,88;18483,0;28,55;57,27;7,62;17,33;9,73;16,41;32,81;48,58;8,36;19,34;34,32;6,65;72,91;60,81
46054;Benetússer;16,24;17,12;21,79;1,05;14826,0;34,63;48,81;9,14;13,92;0,91;21,4;26,0;58,67;14,24;21,26;27,3;12,69;61,78;57,28
46055;Beniarjó;17,49;14,63;18,25;1,26;15061,0;35,23;48,8;9,09;19,32;2,36;22,97;27,87;55,87;8,94;25,85;31,88;10,1;63,79;59,51
46056;Beniatjar;7,08;29,47;12,44;0,58;15427,0;36,17;52,13;5,85;24,44;5,62;16,85;36,78;43,68;19,49;17,44;29,74;10,58;73,81;53,33
46057;Benicolet;15,36;29,12;15,26;0,94;14458,0;32,45;42,65;5,92;25,63;4,02;26,63;29,79;55,32;27,36;15,03;20,62;9,63;58,46;42,66
46058;Benifairó de les Valls;17,93;18,95;11,46;1,24;14917,0;31,59;51,39;8,11;14,4;8,49;22,61;22,47;56,91;12,03;17,41;24,47;8,87;67,08;57,67
46059;Benifairó de la Valldigna;13,81;22,32;13,18;1,22;18389,0;33,41;51,41;6,74;14,37;10,79;10,79;34,17;39,69;11,27;20,47;29,6;7,27;67,29;53,53
46060;Benifaió;16,23;19,41;15,07;1,29;17368,0;31,92;52,53;7,98;16,66;3,15;31,8;29,16;54,27;15,57;18,71;27,13;10,45;65,26;56,13
46061;Beniflá;16,77;9,82;13,02;0,47;14607,0;35,51;51,45;7,73;10,34;1,72;20,69;22,37;62,72;7,87;28,24;29,63;12,72;63,99;67,22
46062;Benigànim;15,04;18,48;10,23;1,17;15010,0;32,71;53,73;5,88;16,58;3,91;34,07;25,27;57,33;19,18;15,48;22,55;8,04;67,22;56,91
46063;Benimodo;17,39;15,74;12,07;1,16;15729,0;33,25;49,79;9,57;18,18;7,71;30,14;27,22;55,47;14,18;17,75;25,14;7,44;66,48;58,53
46064;Benimuslem;15,26;17,13;9,19;1,2;14581,0;32,45;49,82;10,46;17,79;6,81;26,52;25,28;58,36;13,05;22,37;20,51;10,91;63,36;57,29
46065;Beniparrell;15,5;16,58;10,81;0,97;18135,0;33,49;50,23;9,85;16,25;1,66;29,4;28,9;58,89;10,24;22,06;28,24;10,91;67,99;62,08
46066;Benirredrà;13,57;26,71;9,75;1,02;19998,0;30,52;50,96;7,33;22,83;2,33;14,29;37,5;51,95;14,81;22,29;30,77;11,19;67,55;52,0
46067;Benissanó;15,66;17,57;13,07;1,01;15793,0;35,22;47,12;10,08;15,2;5,19;20,59;29,4;56,64;12,24;21,27;30,21;13,41;65,2;59,78
46068;Benissoda;16,36;16,36;10,12;1,33;15432,0;31,17;52,87;10,47;20,36;1,81;39,82;23,22;63,03;11,67;13,57;28,1;10,36;67,57;60,48
46069;Benissuera;10,1;27,1;19,5;0,72;16977,0;31,01;49,37;8,86;23,29;0,0;46,58;24,64;57,97;15,61;17,34;17,92;7,32;61,79;47,67
46070;Bétera;19,7;13,86;19,45;1,15;23089,0;33,33;51,08;9,62;20,86;2,73;16,92;43,75;46,84;10,77;20,84;43,21;9,26;61,54;58,34
46071;Bicorp;9,41;32,45;8,79;1,19;13781,0;35,42;49,58;3,75;25,89;13,71;23,86;27,37;58,42;14,65;16,6;21,48;15,92;66,67;48,13
46072;Bocairent;14,15;23,88;5,61;1,25;17203,0;32,8;54,56;5,61;17,85;0,94;38,47;34,24;56,12;15,43;17,35;27,21;9,19;71,49;55,46
46073;Bolbaite;13,56;24,7;10,76;1,25;13661,0;33,57;53,11;4,65;20,43;9,18;27,15;23,57;63,93;14,66;16,51;23,25;15,32;63,38;51,7
46074;Bonrepòs i Mirambell;20,11;13,32;14,79;1,02;16277,0;34,2;50,08;9,56;13,81;1,39;22,68;30,61;57,73;11,31;23,49;34,41;10,9;63,47;61,3
46075;Bufali;14,2;23,95;3,09;2,59;14285,0;34,56;50,74;4,41;20,59;1,47;51,47;14,52;66,13;8,82;17,65;17,65;6,58;72,45;55,88
46076;Bugarra;10,2;28,43;14,59;1,81;15611,0;31,13;49,63;8,37;29,54;23,84;16,1;23,33;53,33;22,75;18,26;22,33;7,14;72,38;51,27
46077;Buñol;16,9;21,17;14,11;1,12;16039,0;33,02;50,92;8,1;13,63;1,76;35,37;30,68;53,7;17,33;18,72;27,37;11,17;61,94;52,53
46078;Burjassot;15,96;16,31;24,0;0,97;14188,0;38,06;44,91;9,45;11,84;0,89;20,07;28,56;55,76;13,8;22,3;29,6;14,82;57,61;55,26
46079;Calles;10,21;29,11;10,64;1,67;15553,0;31,16;50,25;11,31;19,28;3,61;34,94;21,25;61,88;22,41;20,24;23,13;15,92;59,93;49,14
46080;Camporrobles;12,47;25,89;12,38;1,23;13748,0;32,25;50,44;6,78;35,28;22,94;17,53;28,57;58,28;14,41;16,74;26,47;12,45;63,22;50,14
46081;Canals;15,9;18,38;16,68;1,22;13945,0;32,15;52,33;8,29;16,63;5,23;29,09;26,2;58,95;17,31;18,15;21,96;13,96;59,46;54,44
46082;Canet d'En Berenguer;18,96;16,19;22,42;1,14;21179,0;32,71;49,93;11,51;15,09;0,58;22,62;39,41;51,11;7,97;21,82;49,23;8,58;59,32;55,04
46083;Carcaixent;17,19;16,81;18,44;1,21;14802,0;33,37;49,52;9,03;13,19;7,0;22,15;26,82;54,17;13,96;19,47;25,94;11,51;61,94;57,13
46084;Càrcer;15,86;20,84;10,51;1,37;14768,0;32,28;50,85;7,68;12,56;9,8;19,22;23,17;45,94;12,42;16,35;21,67;7,21;68,62;54,16
46085;Carlet;19,31;17,06;20,32;1,37;15061,0;33,51;50,57;7,7;16,51;9,36;25,93;24,27;51,55;18,13;16,6;21,81;10,42;62,41;56,37
46087;Casas Altas;8,64;35,76;5,93;0,0;13474,0;34,15;51,22;5,69;26,0;14,0;18,0;20,41;53,06;21,09;18,75;20,31;5,26;78,26;45,24
46088;Casas Bajas;10,38;34,68;2,53;0,0;13489,0;38,78;43,54;6,8;34,92;6,35;20,63;18,03;65,57;21,48;23,49;23,49;17,11;75,0;51,01
46089;Casinos;15,55;18,84;14,99;1,04;15395,0;34,45;50,58;7,64;24,43;7,94;25,88;27,96;59,63;16,6;20,79;26,48;12,23;63,69;56,77
46090;Castelló de Rugat;16,4;18,49;19,15;1,27;14061,0;30,97;53,62;6,92;17,6;6,29;33,69;22,48;57,68;16,05;17,17;20,9;6,89;66,99;55,71
46091;Castellonet de la Conquesta;13,92;21,77;19,62;0,88;20082,0;32,54;53,17;8,73;26,76;5,63;12,68;30,88;58,82;8,33;34,85;34,09;8,97;70,3;59,09
46092;Castielfabib;9,29;26,45;9,93;1,02;13504,0;41,87;37,4;8,13;30,58;19,01;13,22;28,45;58,62;19,69;14,29;35,91;19,4;60,34;52,55
46093;Catadau;16,12;17,88;12,89;1,11;15603,0;31,61;52,9;8,02;16,14;7,04;31,4;23,93;58,44;10,24;21,1;26,77;8,89;69,93;60,27
46094;Catarroja;18,8;14,85;18,72;1,07;15975,0;33,09;50,8;9,44;14,1;1,18;23,44;30,17;57,3;11,36;23,26;31,37;12,55;61,11;58,66
46095;Caudete de las Fuentes;14,2;27,52;12,53;1,24;13966,0;31,1;52,05;7,53;31,31;18,52;25,59;21,74;61,59;20,25;19,78;25,19;9,6;67,59;50,23
46096;Cerdà;16,98;15,04;10,51;0,84;13920,0;30,69;54,79;8,58;10,39;1,95;31,82;23,13;59,86;10,09;23,03;21,77;12,78;60,85;57,51
46097;Cofrentes;12,67;25,8;8,36;1,1;19857,0;32,28;49,74;8,27;13,88;1,96;15,65;27,38;55,43;11,45;21,13;26,75;4,43;72,73;51,64
46098;Corbera;17,8;18,77;12,81;1,45;14737,0;29,59;53,29;8,47;17,39;5,41;21,48;27,18;54,27;13,04;16,19;24,87;10,19;61,44;54,17
46099;Cortes de Pallás;5,73;33,89;7,37;0,61;18616,0;27,07;55,13;6,84;20,0;6,88;23,75;26,32;58,88;20,19;18,27;23,21;12,11;73,93;48,97
46100;Cotes;12,83;22,54;6,98;0,75;16242,0;29,41;50,74;9,56;18,42;13,16;15,79;23,08;49,65;12,19;17,56;21,51;7,27;76,5;59,78
46101;Quart de les Valls;14,91;23,09;8,9;1,1;16115,0;30,41;54,33;7,06;14,16;9,94;17,34;29,24;48,21;13,57;15,1;25,71;8,7;68,75;54,71
46102;Quart de Poblet;15,88;19,42;16,48;1,2;15435,0;34,1;48,81;8,76;10,0;0,75;22,56;27,65;57,88;15,7;20,05;27,44;13,63;61,81;55,83
46103;Quartell;14,7;25,1;10,25;1,08;18233,0;30,31;50,1;8,17;18,12;7,49;19,89;36,09;48,22;16,69;17,22;29,67;5,74;68,98;53,75
46104;Quatretonda;13,59;24,95;4,83;1,43;15907,0;30,59;54,87;4,38;22,84;9,31;22,51;36,55;49,31;18,28;12,6;29,25;7,17;70,68;52,29
46105;Cullera;14,85;19,7;25,6;1,06;15372,0;33,77;47,73;9,97;19,67;6,4;17,35;30,52;54,43;15,78;19,81;29,84;13,71;54,3;48,59
46106;Chelva;12,05;27,52;8,74;1,16;16511,0;33,01;48,12;7,38;23,96;5,24;25,73;30,82;57,21;16,69;18,38;25,16;13,38;63,46;50,66
46107;Chella;13,64;22,15;15,76;1,02;14149,0;33,37;49,66;7,91;17,53;3,79;34,42;23,02;62,75;16,34;18,22;20,09;15,19;59,5;51,93
46108;Chera;9,63;28,21;11,44;1,03;15134,0;36,98;40,7;9,77;24,16;11,3;27,68;20,35;59,88;21,27;18,86;20,18;18,78;55,81;47,12
46109;Cheste;16,48;17,79;17,93;1,2;15990,0;35,04;48,55;9,56;19,13;10,66;28,15;27,29;53,31;16,75;18,65;26,26;8,28;65,53;55,62
46110;Xirivella;16,6;16,19;27,07;1,08;13853,0;35,54;47,83;9,18;11,41;3,01;22,36;23,06;58,53;15,3;23,54;25,45;14,73;57,4;54,78
46111;Chiva;17,63;13,79;20,31;1,17;19145,0;34,31;49,7;10,43;18,76;2,43;28,92;33,25;53,82;10,59;22,36;34,6;10,03;61,88;59,71
46112;Chulilla;10,56;27,08;15,87;0,88;16697,0;37,9;46,74;7,85;26,26;9,76;21,55;28,52;58,45;20,58;19,61;33,06;12,84;67,13;54,47
46113;Daimús;13,9;19,99;16,77;0,98;18883,0;33,22;45,45;12,2;18,42;2,6;20,62;33,31;53,37;11,14;21,92;34,37;11,34;62,67;54,52
46114;Domeño;13,93;19,89;8,73;1,17;16799,0;35,7;47,77;7,44;16,17;2,97;35,31;20,49;66,32;19,84;19,19;23,41;12,15;65,06;57,75
46115;Dos Aguas;10,44;25,22;6,45;0,44;14450,0;32,56;44,52;10,63;24,43;14,5;26,72;12,4;63,57;21,36;12,3;14,24;16,35;62,44;51,96
46116;Eliana, l';17,6;18,68;17,87;1,09;24723,0;33,4;50,8;9,41;22,53;0,54;16,26;52,55;40,81;8,42;24,15;48,93;8,62;64,7;54,97
46117;Emperador;18,84;11,3;13,98;0,87;18504,0;39,37;47,63;9,31;13,12;2,1;23,62;30,25;58,31;7,47;23,6;40,41;6,39;73,98;70,29
46118;Enguera;13,77;20,88;15,17;0,96;15438,0;32,7;50,12;8,06;19,16;4,96;28,5;29,01;58,49;15,83;20,38;26,27;12,47;63,76;54,68
46119;Énova, l';14,4;23,88;10,39;1,23;14789,0;34,31;50,45;6,02;20,56;11,42;21,73;27,41;51,6;17,05;14,01;22,9;9,49;65,71;53,53
46120;Estivella;14,49;22,45;9,32;0,84;18763,0;29,41;51,56;8,35;13,9;3,63;21,75;34,12;52,52;13,68;22,05;36,5;8,72;63,45;53,31
46121;Estubeny;9,82;29,45;2,73;0,58;16366,0;28,71;44,55;13,86;29,55;11,36;15,91;29,27;48,78;8,74;21,36;19,42;16,07;74,6;54,37
46122;Faura;16,41;18,6;14,37;1,11;15627,0;31,63;50,65;10,17;13,34;7,13;19,87;26,52;53,99;12,59;21,02;26,07;8,48;67,19;58,15
46123;Favara;14,54;18,0;17,17;1,02;14794,0;35,23;49,23;8,5;16,54;4,07;20,64;25,05;60,45;16,06;18,33;23,43;12,37;56,49;51,94
46124;Fontanars dels Alforins;13,99;21,6;5,03;1,0;16559,0;34,03;51,04;5,88;25,64;12,47;32,33;27,07;60,0;15,08;16,16;28,35;9,09;72,39;57,4
46125;Fortaleny;16,19;19,36;6,03;1,37;16563,0;27,39;58,16;6,88;15,28;2,47;28,54;27,36;57,55;9,12;20,3;25,77;9,88;68,06;58,5
46126;Foios;18,37;16,86;12,83;1,12;18398,0;32,76;51,32;9,04;14,21;1,9;23,46;34,29;53,67;10,09;19,9;36,05;9,18;65,5;58,88
46127;Font d'en Carròs, la;16,65;18,28;18,78;1,28;14529,0;33,63;50,12;8,62;16,33;5,24;24,77;24,94;55,64;15,97;17,28;26,62;11,96;60,48;54,33
46128;Font de la Figuera, la;15,26;22,29;13,16;0,88;14785,0;31,58;54,82;5,02;21,65;10,06;34,97;22,47;60,61;19,06;17,06;23,17;9,79;67,24;54,02
46129;Fuenterrobles;13,51;21,15;16,22;0,84;12236,0;34,03;53,93;4,54;37,8;41,92;13,75;15,93;65,19;20,79;20,79;20,13;8,54;68,34;54,3
46130;Gavarda;17,06;20,55;4,97;1,39;14915,0;33,18;48,68;6,54;17,82;5,45;28,09;24,4;58,46;12,15;14,96;24,3;8,49;73,49;59,06
46131;Gandia;16,99;16,62;32,49;1,12;14953,0;35,45;46,79;10,51;16,83;4,45;16,54;30,17;54,49;13,86;22,39;27,93;14,5;53,64;51,75
46132;Genovés, el;16,33;17,64;8,14;1,25;14657,0;33,24;54,35;6,1;21,95;5,07;29,51;32,32;56,71;12,98;16,72;29,13;10,09;65,79;57,31
46133;Gestalgar;10,15;28,93;11,54;0,64;16787,0;34,26;43,82;11,55;23,56;14,42;15,38;21,76;55,44;21,24;16,02;23,17;13,88;60,29;47,85
46134;Gilet;18,92;12,81;16,05;1,08;18697,0;33,59;51,64;9,9;17,09;1,03;22,96;35,43;53,68;8,09;22,76;40,01;8,8;64,88;61,77
46135;Godella;17,9;19,28;15,05;1,09;25869,0;35,5;49,75;8,28;22,94;0,88;13,2;57,41;35,91;8,29;17,7;55,57;8,08;65,07;54,43
46136;Godelleta;17,59;15,26;17,15;1,18;15946,0;33,83;52,58;8,52;23,36;9,15;23,52;29,28;55,91;11,77;22,51;31,02;10,38;63,15;58,79
46137;Granja de la Costera, la;11,87;20,98;9,18;0,67;16241,0;28,95;53,76;9,77;16,08;6,29;23,78;31,34;52,24;11,27;20,73;27,27;7,45;72,33;59,63
46138;Guadasséquies;16,99;17,49;7,32;1,05;16050,0;33,08;55,22;5,72;17,35;3,2;40,18;25,35;60,56;11,79;18,67;26,78;10,89;68,63;61,39
46139;Guadassuar;16,47;20,36;12,63;1,12;16989,0;32,13;51,33;7,17;19,61;5,11;29,84;31,69;54,15;14,64;17,29;27,71;6,89;70,62;57,39
46140;Guardamar de la Safor;18,17;14,24;15,43;0,85;19378,0;33,27;51,63;11,02;18,47;1,39;16,03;44,96;45,32;7,2;23,54;45,53;9,49;66,36;62,45
46141;Higueruelas;10,25;24,01;16,2;0,88;16299,0;35,12;46,68;8,35;15,45;4,09;32,73;20,67;59,13;17,42;17,62;26,23;11,46;60,87;52,49
46142;Jalance;7,6;36,08;8,82;0,76;17531,0;33,65;45,98;6,97;22,06;4,98;21,71;21,77;57,56;18,32;19,9;22,77;7,58;68,54;43,36
46143;Xeraco;15,24;17,9;20,12;1,19;14701,0;33,83;49,08;9,01;15,9;7,68;13,08;22,62;53,55;12,67;20,63;23,57;7,73;64,32;55,36
46144;Jarafuel;9,92;30,43;9,8;0,92;16552,0;31,21;46,89;10,06;21,57;3,92;23,92;26,75;53,09;19,97;19,26;19,54;13,27;58,77;44,46
46145;Xàtiva;15,81;17,23;16,75;1,07;16935,0;34,57;48,95;9,34;15,65;3,61;18,79;35,68;51,41;12,42;20,44;32,45;13,17;61,64;57,03
46146;Xeresa;18,82;16,73;15,96;1,48;16500,0;35,48;49,6;7,24;10,72;4,14;12,89;27,51;47,51;12,2;19,57;30,66;4,83;68,56;58,5
46147;Llíria;16,67;17,44;18,4;1,2;15788,0;33,94;49,56;9,78;15,64;3,84;22,78;30,42;54,14;15,97;21,57;28,99;14,14;60,34;56,0
46148;Loriguilla;19,32;14,08;12,18;1,38;17596,0;36,49;49,6;8,56;15,5;3,68;24,13;28,09;57,51;9,74;23,86;32,68;9,12;71,5;64,48
46149;Losa del Obispo;13,96;21,92;20,75;0,92;14624,0;33,56;49,89;8,39;24,31;17,43;24,77;25,98;58,82;18,55;21,54;21,32;9,47;63,04;52,83
46150;Llutxent;15,86;19,86;10,45;1,0;13246,0;30,47;56,32;6,27;21,15;7,15;29,0;20,53;60,63;19,51;13,77;19,95;7,44;68,07;55,42
46151;Llocnou d'En Fenollet;16,74;18,56;8,26;1,17;15065,0;30,07;55,56;6,01;21,72;6,68;22,2;29,44;54,82;15,43;17,69;24,72;6,67;71,5;59,16
46152;Llocnou de la Corona;13,13;14,63;18,66;0,97;16349,0;33,64;51,4;7,48;28,07;0,0;19,3;32,73;61,82;15,32;27,03;26,13;11,76;61,22;62,39
46153;Llocnou de Sant Jeroni;13,75;22,36;9,97;0,98;16514,0;32,02;50,29;9,23;14,57;5,67;25,51;30,74;54,55;10,25;21,06;26,19;7,72;70,13;54,49
46154;Llanera de Ranes;16,98;18,98;9,55;1,13;13452,0;31,02;52,61;8,64;22,3;2,48;30,18;26,11;62,0;14,18;16,77;20,89;12,24;65,29;57,73
46155;Llaurí;13,12;24,78;11,82;1,12;15055,0;34,01;43,8;10,47;19,92;6,36;20,76;30,32;53,85;14,86;19,23;25,52;14,84;61,02;50,37
46156;Llombai;16,63;17,41;12,67;1,07;15480,0;32,38;51,53;8,19;17,29;10,14;28,35;27,72;53,77;15,0;20,48;27,29;8,26;67,64;59,18
46157;Llosa de Ranes, la;15,33;19,13;8,63;1,39;14518,0;33,56;53,21;5,96;15,49;4,59;27,43;25,68;59,12;15,86;15,67;22,72;8,15;67,52;56,21
46158;Macastre;13,67;18,5;16,48;1,22;15303,0;34,3;49,16;9,88;17,95;3,36;31,88;24,48;56,82;17,33;19,76;25,15;13,72;62,71;55,86
46159;Manises;16,79;16,43;17,64;1,17;14887,0;34,97;48,24;9,59;12,9;0,82;22,36;25,67;58,8;13,88;26,33;28,44;14,07;60,98;57,43
46160;Manuel;15,92;19,98;12,65;1,25;14916,0;33,22;50,3;7,96;14,04;6,29;24,49;24,77;54,2;15,9;18,22;24,33;10,26;64,04;54,23
46161;Marines;15,95;17,37;7,89;1,26;16141,0;31,7;52,33;9,0;13,81;2,34;24,94;26,15;58,78;13,9;21,81;26,8;10,84;67,39;61,18
46162;Massalavés;18,3;15,81;24,96;1,29;13021,0;30,53;52,49;9,05;16,43;8,92;32,44;16,35;57,58;20,63;14,24;16,22;12,34;57,32;55,85
46163;Massalfassar;18,62;13,96;12,99;1,16;19736,0;33,92;50,58;9,54;12,21;1,8;21,12;38,26;51,06;8,81;21,74;41,34;8,15;71,01;65,79
46164;Massamagrell;16,96;16,2;17,33;1,14;15543,0;34,61;49,49;9,11;13,31;3,66;24,21;25,01;58,77;14,61;21,22;26,98;11,31;62,52;57,89
46165;Massanassa;17,98;16,48;18,23;1,14;16835,0;33,76;49,9;9,29;15,43;1,54;21,58;31,37;56,26;12,78;20,9;33,67;11,8;63,57;59,03
46166;Meliana;16,76;17,74;13,91;0,94;17400,0;33,05;50,82;8,82;15,61;2,94;22,14;34,68;53,27;10,58;21,24;35,01;10,62;65,69;58,2
46167;Millares;9,35;24,88;7,94;1,3;14559,0;38,49;44,48;6,94;16,03;8,4;29,77;23,2;56,0;14,33;14,02;17,76;24,55;57,8;52,02
46168;Miramar;15,66;18,98;22,01;1,2;16564,0;33,51;48,39;9,52;18,92;2,43;20,55;30,77;54,68;11,82;21,77;34,65;10,09;61,83;54,76
46169;Mislata;15,78;17,99;23,41;1,03;16244,0;35,68;47,9;9,26;12,27;1,97;18,59;29,64;56,13;13,66;22,38;32,77;12,48;61,32;55,62
46170;Moixent/Mogente;14,82;19,86;9,39;1,09;14536,0;30,56;54,32;7,51;23,17;8,54;32,67;22,48;59,4;18,36;18,83;20,44;11,25;66,02;56,79
46171;Montcada/Moncada;15,24;18,4;17,45;0,85;16619,0;35,84;48,28;8,41;14,67;1,73;22,29;33,08;53,52;11,86;25,11;32,64;11,49;58,73;52,45
46172;Montserrat;19,0;11,61;19,49;1,33;15751,0;34,35;50,67;10,48;19,36;2,19;27,61;26,39;60,18;11,92;22,23;29,54;13,52;60,83;62,85
46173;Montaverner;15,05;19,61;8,95;1,04;15061,0;32,49;53,29;6,57;17,41;1,21;44,8;25,49;60,08;12,62;17,43;23,99;13,95;67,47;59,75
46174;Montesa;12,81;20,53;6,75;0,95;14306,0;35,31;48,45;7,22;19,01;11,71;25,79;19,53;54,29;14,79;15,09;18,24;11,49;69,17;57,78
46175;Montitxelvo/Montichelvo;12,02;22,78;14,59;0,63;15530,0;33,4;51,35;6,76;19,17;12,13;27,2;29,0;49,35;11,82;22,33;24,77;5,42;68,23;52,56
46176;Montroi/Montroy;16,82;14,11;23,19;1,32;13986,0;33,93;49,21;10,89;18,83;4,76;29,67;21,31;63,32;13,89;22,86;25,27;14,2;55,83;58,3
46177;Museros;17,24;14,8;15,6;1,18;17419,0;34,49;49,0;10,55;12,99;1,86;27,15;30,01;55,52;10,86;20,75;34,88;10,23;66,7;61,43
46178;Nàquera/Náquera;17,79;11,26;15,85;1,27;19385,0;34,57;49,59;11,44;18,79;1,39;19,19;36,77;54,12;7,82;24,23;42,32;9,72;66,18;64,91
46179;Navarrés;16,75;21,16;19,07;1,1;13729,0;30,88;51,33;8,67;19,93;7,07;35,86;21,15;65,91;19,2;16,84;18,1;9,87;65,06;53,02
46180;Novetlè;18,42;17,0;7,79;1,21;17908,0;29,36;57,73;5,82;15,95;4,05;25,06;31,95;54,55;13,48;17,88;29,71;10,5;68,65;61,0
46181;Oliva;16,4;19,47;26,35;1,19;15309,0;32,55;49,93;8,95;18,13;5,03;20,91;27,67;54,06;18,18;18,19;25,41;13,42;58,33;52,21
46182;Olocau;15,03;15,96;16,86;1,31;19329,0;32,67;49,73;12,12;19,59;2,04;18,62;41,73;48,98;14,27;22,31;37,15;12,51;59,8;57,86
46183;Olleria, l';16,61;17,92;19,7;1,18;15170,0;31,74;53,65;7,32;14,95;3,27;36,37;26,56;53,77;19,46;14,71;18,99;12,32;60,99;55,46
46184;Ontinyent;16,16;18,23;16,53;1,16;15967,0;33,02;51,81;7,99;18,11;1,79;31,79;32,45;56,47;15,09;21,09;27,31;13,69;61,48;55,97
46185;Otos;14,52;26,33;5,43;1,44;14586,0;25,33;60,8;6,67;28,19;7,45;29,26;33,53;53,76;15,26;16,32;28,42;9,91;76,1;56,23
46186;Paiporta;18,18;13,73;15,05;1,02;16450,0;34,59;49,7;9,88;12,33;0,95;22,47;28,85;58,61;13,08;20,91;32,46;11,35;65,11;62,39
46187;Palma de Gandía;13,08;20,47;19,47;1,04;15191,0;32,79;48,8;9,85;19,3;4,34;23,39;23,21;61,31;14,03;19,85;26,35;11,85;60,38;53,18
46188;Palmera;19,28;13,55;20,87;1,02;15319,0;33,37;52,98;7,92;14,75;3,9;20,61;24,26;61,22;10,1;23,46;28,46;7,95;66,25;60,71
46189;Palomar, el;15,21;17,85;10,74;1,43;16132,0;34,34;50,1;9,09;18,64;3,23;36,92;24,91;58,74;12,99;19,59;26,18;12,34;68,06;60,65
46190;Paterna;20,51;13,83;19,49;1,25;17865,0;35,19;49,27;9,95;15,36;0,59;20,49;37,37;51,06;10,74;21,76;37,76;12,78;62,13;60,16
46191;Pedralba;14,4;19,05;22,1;1,17;13940,0;33,26;47,35;11,63;25,55;20,23;19,74;21,13;61,13;18,42;19,67;24,54;14,55;58,85;53,63
46192;Petrés;17,35;17,52;14,51;0,98;16330,0;31,6;50,65;11,36;12,03;2,32;22,15;29,36;57,17;6,42;25,76;34,83;11,13;65,65;57,48
46193;Picanya;16,84;17,4;13,35;0,92;19260,0;33,55;51,56;8,27;16,06;1,87;17,28;37,39;52,04;12,43;21,1;35,95;10,1;67,23;59,09
46194;Picassent;17,93;15,72;15,91;1,12;16378,0;34,07;49,1;9,88;15,17;4,04;25,54;29,62;55,99;12,67;20,65;29,29;12,18;62,21;58,65
46195;Piles;16,78;16,2;25,23;1,3;15171,0;33,64;49,81;9,03;16,99;4,36;16,45;26,78;56,83;11,44;21,62;27,82;9,69;62,7;55,53
46196;Pinet;9,11;28,73;10,13;1,68;16765,0;34,06;48,55;7,97;21,62;17,81;21,92;22,06;52,94;13,48;7,8;26,24;9,09;75,27;54,61
46197;Polinyà de Xúquer;16,6;17,86;11,56;1,03;15267,0;33,49;49,58;9,4;15,87;7,98;22,12;28,96;54,8;11,51;19,22;27,65;9,89;62,32;54,85
46198;Potries;12,59;18,55;12,17;0,95;16787,0;38,27;43,21;9,47;15,32;1,49;21,06;32,51;51,79;15,7;21,5;34,0;9,16;62,86;55,04
46199;Pobla de Farnals, la;16,65;16,59;21,28;1,06;18089,0;33,64;48,63;11,37;17,58;2,98;20,74;31,05;56,15;11,31;22,33;35,86;10,12;63,73;58,33
46200;Pobla del Duc, la;14,71;22,54;18,15;1,46;15112,0;30,18;54,16;6,79;22,37;11,18;26,65;29,95;53,6;18,9;12,43;22,86;4,49;70,8;53,58
46202;Pobla de Vallbona, la;20,16;12,27;15,55;1,27;18698,0;34,27;50,94;9,71;18,07;1,73;21,25;37,14;52,92;11,11;23,88;37,59;9,94;66,6;63,94
46203;Pobla Llarga, la;15,52;19,55;13,59;1,11;14903,0;31,32;52,29;8,53;16,42;6,49;21,3;24,42;55,74;13,6;16,95;26,79;7,97;66,26;56,19
46204;Puig de Santa Maria, el;16,51;19,37;15,99;0,93;20996,0;32,72;48,92;9,92;18,16;1,12;18,82;41,11;48,17;12,43;22,44;37,86;10,27;63,31;54,54
46205;Puçol;18,12;16,12;21,01;1,06;19958,0;33,0;52,06;8,76;16,11;2,02;21,26;34,7;51,42;11,77;21,8;35,0;9,34;62,78;56,5
46206;Quesa;11,36;24,35;15,88;0,73;13278,0;37,59;40,82;10,37;29,43;10,94;28,3;21,96;65,49;15,43;19,29;21,7;15,96;56,83;49,92
46207;Rafelbunyol;18,42;14,18;14,48;1,06;17429,0;32,99;50,83;9,5;15,01;2,51;24,03;30,83;55,18;9,95;24,98;35,33;9,45;66,75;63,17
46208;Rafelcofer;13,91;21,81;14,53;1,15;16225,0;30,9;52,06;8,31;16,33;3,99;21,23;29,73;56,44;12,47;17,09;32,96;10,03;62,53;52,38
46209;Rafelguaraf;14,76;20,86;8,43;1,14;14187,0;31,78;52,4;6,84;15,1;11,45;18,33;20,39;54,33;8,37;16,84;18,97;7,72;66,67;55,03
46210;Ráfol de Salem;19,48;20,09;14,5;1,01;14113,0;30,3;55,1;6,34;26,18;6,81;40,84;24,86;59,12;12,63;16,84;24,47;7,21;72,28;59,04
46211;Real de Gandia, el;18,33;14,88;18,77;1,44;15662,0;34,74;50,39;7,71;19,35;1,94;20,14;27,47;57,97;11,91;24,03;29,34;11,54;62,03;58,2
46212;Real;15,31;18,49;18,78;1,18;14320,0;34,57;49,53;8,99;20,37;6,01;25,02;24,64;58,52;20,49;17,93;21,66;12,66;61,92;56,6
46213;Requena;15,98;19,86;15,38;1,09;15285,0;34,01;50,24;7,97;21,14;12,24;25,31;27,38;56,92;17,64;18,06;27,53;10,66;63,86;54,61
46214;Riba-roja de Túria;18,34;13,16;15,46;1,17;18530,0;34,75;50,15;9,59;17,53;1,61;22,84;35,79;52,35;10,17;22,91;37,61;11,07;63,0;60,3
46215;Riola;16,78;18,21;9,18;1,06;14692,0;29,95;53,77;8,41;19,73;3,78;25,41;29,82;57,67;12,87;18,71;28,14;11,46;61,58;55,28
46216;Rocafort;20,75;13,98;15,39;1,11;30441,0;35,91;50,09;8,9;25,85;0,88;13,68;59,22;34,88;6,6;20,82;57,06;7,53;66,95;59,69
46217;Rotglà i Corberà;13,92;19,61;8,84;0,85;15271,0;34,71;50,34;6,0;20,63;3,54;22,0;26,32;59,31;14,0;19,65;23,39;8,8;68,14;57,32
46218;Ròtova;14,17;24,28;11,16;1,22;17073,0;29,95;53,95;7,07;18,43;5,47;27,55;27,57;58,56;14,2;17,68;27,41;8,19;68,71;54,07
46219;Rugat;6,98;29,42;22,67;0,56;16908,0;30,07;47,71;9,15;13,89;5,56;26,39;21,43;50,0;13,94;17,58;24,85;5,0;69,09;49,08
46220;Sagunt/Sagunto;16,62;18,97;23,74;1,09;16862,0;33,31;48,63;9,88;12,56;2,38;23,03;30,23;54,55;13,29;25,75;33,18;13,15;56,82;51,38
46221;Salem;11,92;22,43;8,76;0,61;14976,0;30,86;49,43;9,43;15,85;0,61;42,07;21,6;56,79;11,91;19,94;24,38;10,42;63,47;53,78
46222;Sant Joanet;17,04;14,57;7,02;1,17;15454,0;32,05;53,18;8,86;12,17;4,94;25,86;28,52;55,08;9,11;21,56;32,89;9,23;67,21;60,9
46223;Sedaví;15,89;18,61;16,65;0,95;16187,0;33,45;49,23;9,35;15,15;1,54;21,22;28,81;57,35;15,55;22,69;27,52;13,08;64,23;57,05
46224;Segart;4,26;22,95;8,2;0,23;21196,0;41,98;33,95;14,81;21,35;3,37;15,73;36,05;46,51;9,15;21,95;39,02;15,89;68,7;65,24
46225;Sellent;8,86;21,92;9,84;1,24;14816,0;29,26;53,98;7,1;16,05;12,35;17,28;22,15;50,63;14,25;18,72;23,46;12,25;69,11;57,3
46227;Senyera;17,42;16,7;4,93;1,27;15194,0;31,08;50,86;9,46;12,13;7,24;22,5;24,54;51,72;8,29;18,78;22,98;7,68;70,63;59,07
46228;Serra;16,48;15,59;14,55;1,25;18882,0;35,18;47,92;11,17;20,09;1,96;19,96;38,69;51,63;9,69;23,54;40,18;11,59;63,44;57,77
46229;Siete Aguas;11,53;21,58;19,02;0,99;17000,0;32,86;46,63;13,94;20,7;5,61;28,43;31,17;55,47;12,92;21,06;33,39;11,63;64,41;54,61
46230;Silla;16,99;17,43;19,59;1,13;15635,0;33,24;50,41;8,8;12,68;1,26;27,97;27,28;57,85;12,29;20,36;27,59;13,06;60,76;55,88
46231;Simat de la Valldigna;13,14;22,07;17,66;0,93;15101,0;34,0;47,9;8,18;17,35;10,29;14,49;27,13;49,88;16,32;17,16;22,47;8,9;63,79;51,67
46232;Sinarcas;13,71;22,41;21,16;1,11;16348,0;38,45;47,36;6,53;25,47;41,13;10,65;20,18;63,86;20,96;20,76;22,81;9,98;63,12;51,28
46233;Sollana;14,82;18,53;14,77;0,96;16323,0;31,8;47,96;11,18;10,96;2,17;27,98;23,01;56,8;15,73;18,17;23,35;8,9;67,72;58,24
46234;Sot de Chera;11,49;24,37;11,4;0,97;15101,0;34,7;48,36;7,65;17,54;10,53;21,64;26,09;54,04;15,9;19,23;28,46;14,21;61,74;48,84
46235;Sueca;15,57;18,74;17,41;1,09;16636,0;31,88;50,29;9,63;18,1;5,29;23,22;32,58;53,9;13,98;20,72;30,31;11,37;61,42;54,64
46236;Sumacàrcer;10,05;26,33;7,05;0,57;15199,0;32,05;48,23;10,29;21,13;10,06;18,91;26,5;50,21;19,02;12,47;23,6;8,78;72,87;54,93
46237;Tavernes Blanques;15,58;17,84;16,05;0,99;15850,0;34,99;48,23;9,41;13,17;0,84;22,42;25,98;59,94;11,66;28,66;29,68;12,43;63,17;57,39
46238;Tavernes de la Valldigna;15,97;19,45;15,23;1,26;15838,0;32,03;50,65;8,62;15,78;8,37;18,21;30,97;48,13;15,15;21,05;28,27;10,57;62,81;54,18
46239;Teresa de Cofrentes;5,63;39,97;27,83;0,27;15332,0;28,36;48,77;9,83;19,67;6,01;20,77;25,42;59,89;27,19;15,44;18,42;11,88;54,43;35,56
46240;Terrateig;9,83;24,88;15,68;0,72;16318,0;36,96;49,03;7,39;15,0;10,0;25,83;26,09;62,61;18,89;17,04;26,67;6,25;72,19;53,53
46241;Titaguas;11,87;28,48;11,75;0,58;16311,0;35,4;44,14;10,11;32,24;16,82;25,7;29,65;58,29;18,63;20,18;27,49;5,83;68,18;50,0
46242;Torrebaja;12,69;27,81;14,68;0,95;16692,0;33,82;49,42;4,91;19,23;13,46;23,08;21,19;59,6;11,98;24,79;31,48;12,43;64,85;49,44
46243;Torrella;16,95;27,28;4,64;1,22;14037,0;28,46;56,1;4,07;21,05;3,51;29,82;35,85;54,72;11,9;17,46;28,57;10,61;71,08;52,38
46244;Torrent;18,74;15,13;21,29;1,19;15888,0;34,95;49,28;8,96;14,94;1,88;23,22;29,95;55,61;14,08;21,04;29,39;14,34;59,65;57,9
46245;Torres Torres;14,63;17,4;17,7;1,09;20599,0;32,01;51,37;9,6;19,69;5,85;16,31;38,73;49,21;7,73;20,95;41,9;10,05;63,57;58,0
46246;Tous;16,53;21,28;5,31;1,55;16224,0;30,35;53,07;6,14;17,44;8,16;23,2;27,36;53,72;13,12;22,06;24,45;10,98;73,07;59,3
46247;Tuéjar;10,23;27,75;12,08;0,77;15403,0;34,48;46,41;7,64;25,43;11,64;27,37;21,72;67,87;16,67;17,89;18,95;12,92;60,75;48,01
46248;Turís;17,13;17,25;16,92;1,29;14724,0;32,66;52,07;8,66;20,42;7,65;28,31;24,6;56,61;14,21;20,55;26,04;11,42;62,15;56,75
46249;Utiel;15,06;22,17;11,61;1,06;14376,0;32,04;52,28;6,57;25,28;14,86;25,1;24,87;60,32;19,12;20,46;26,19;9,52;67,63;54,41
46250;València;14,98;19,12;26,49;1,06;20310,0;38,01;45,13;9,2;16,24;1,74;13,85;44,14;45,09;10,72;22,37;43,53;11,17;60,63;53,52
46251;Vallada;13,32;23,49;10,75;1,13;15315,0;30,95;53,97;6,42;16,02;6,08;24,41;28,96;52,12;18,18;17,31;26,07;11,13;66,04;53,22
46252;Vallanca;7,23;34,46;4,62;0,0;17252,0;41,8;39,34;6,56;22,81;10,53;15,79;21,82;52,73;16,0;19,2;26,4;12,96;61,84;43,55
46253;Vallés;15,65;17,64;5,59;0,97;13421,0;35,71;46,03;8,73;22,73;4,55;22,73;19,35;64,52;5,56;18,25;24,6;14,49;53,15;54,76
46254;Venta del Moro;9,74;32,68;11,84;1,0;12091,0;32,34;49,42;7,29;36,14;30,67;22,67;18,52;58,52;27,47;14,62;17,85;9,84;66,57;45,27
46255;Vilallonga/Villalonga;15,49;17,99;18,65;1,03;15303,0;33,91;49,45;8,96;14,5;3,58;32,82;22,51;61,25;12,5;20,14;24,69;11,46;58,82;53,61
46256;Vilamarxant;17,34;16,17;16,2;1,26;15147,0;33,76;49,4;10,74;16,42;3,04;28,64;25,74;58,35;12,72;21,82;25,74;14,27;60,36;58,07
46257;Castelló;15,26;18,65;12,27;1,08;15095,0;34,18;48,06;8,8;13,69;12,95;22,66;25,0;50,8;14,57;17,05;23,2;7,73;67,11;56,9
46258;Villar del Arzobispo;14,79;21,48;16,44;0,91;15684,0;34,85;46,75;9,39;22,01;5,58;28,03;26,55;60,25;21,02;18,83;26,61;10,82;62,32;53,07
46259;Villargordo del Cabriel;13,05;28,35;10,05;0,93;13601,0;31,24;54,22;5,89;29,39;23,27;15,1;22,52;59,01;18,48;14,1;23,05;13,21;70,03;53,85
46260;Vinalesa;18,06;15,81;9,28;0,98;17732,0;35,15;50,22;8,26;13,43;1,93;21,31;37,05;53,69;8,47;19,44;40,94;9,18;69,49;62,79
46261;Yátova;13,82;20,03;10,37;1,3;16561,0;33,87;48,79;8,8;17,65;2,33;39,86;25,11;58,3;16,17;18,01;26,4;10,73;63,27;55,47
46262;Yesa, La;8,37;33,09;12,2;0,95;17192,0;37,5;52,4;1,92;28,43;13,73;17,65;34,41;50,54;16,89;20,09;31,96;5,66;70,42;48,85
46263;Zarra;4,88;38,58;29,66;0,58;13638,0;33,05;45,98;10,63;29,75;9,17;26,67;12,73;66,36;28,77;13,97;20,0;14,84;63,46;42,94
46902;Gátova;12,02;23,46;11,18;1,15;13694,0;36,15;44,87;8,21;18,01;4,97;23,6;21,94;62,58;20,05;15,79;25,31;20,1;53,9;50,13
46903;San Antonio de Benagéber;25,35;11,02;14,99;1,4;23924,0;30,11;57,45;8,41;19,97;0,36;16,62;50,59;44,33;6,66;22,6;51,8;7,08;66,14;64,83
46904;Benicull de Xúquer;15,33;16,46;10,99;1,44;15453,0;33,78;48,54;11,12;10,83;3,94;29,72;26,48;56,62;11,0;19,8;30,7;12,89;62,98;58,85
47001;Adalia;1,2;30,8;0,0;0,0;19229,0;28,0;46,0;12,0;32,0;28,0;28,0;30,0;65,0;6,0;14,0;54,0;7,14;78,79;56,0
47003;Aguilar de Campos;8,91;32,15;10,94;2,33;15944,0;39,43;41,46;7,32;35,09;42,98;10,53;22,77;57,43;22,31;18,73;26,29;4,03;79,87;49,4
47004;Alaejos;11,12;27,15;15,78;1,77;14120,0;33,98;51,77;3,46;30,0;16,38;26,78;18,18;67,77;23,94;14,29;22,29;7,47;61,69;45,28
47005;Alcazarén;11,79;27,76;9,11;1,9;14280,0;36,3;47,59;7,41;14,87;9,67;35,69;18,85;59,62;20,25;15,59;18,1;8,36;68,48;49,82
47006;Aldea de San Miguel;13,49;25,09;3,77;0,64;17102,0;34,72;52,33;6,22;19,32;10,23;22,73;28,4;56,79;15,98;21,65;30,93;7,87;62,12;46,11
47007;Aldeamayor de San Martín;23,4;8,31;7,44;1,34;18298,0;31,36;58,53;6,95;13,77;1,74;27,65;29,59;60,32;5,58;27,34;41,05;6,38;74,47;73,49
47009;Amusquillo;5,26;40,84;1,05;2,33;19229,0;42,11;42,11;3,16;45,83;39,58;20,83;22,22;75,0;18,95;16,84;26,32;10,42;89,58;50,53
47010;Arroyo de la Encomienda;23,45;7,0;7,53;1,41;20562,0;36,04;52,66;8,86;11,34;0,96;20,88;41,47;52,09;5,31;22,84;52,96;5,85;74,67;74,77
47011;Ataquines;7,79;32,07;3,23;1,2;15003,0;35,67;52,87;2,22;42,19;23,21;26,58;21,05;62,68;20,26;15,88;19,71;8,99;75,52;50,82
47012;Bahabón;6,46;37,08;3,12;0,93;17865,0;29,67;54,95;4,4;50,0;37,5;34,38;33,33;55,56;18,68;8,79;38,46;7,14;73,58;46,15
47013;Barcial de la Loma;3,23;44,44;5,05;0,0;23054,0;30,53;46,32;8,42;46,34;34,15;12,2;22,86;68,57;9,09;16,16;30,3;6,98;81,63;43,88
47015;Becilla de Valderaduey;6,02;35,15;27,67;0,24;17823,0;36,36;37,97;12,83;37,35;30,12;13,25;17,57;59,46;30,77;21,03;20,51;8,89;67,77;46,63
47016;Benafarces;3,28;42,39;7,46;0,0;19229,0;29,23;52,31;9,23;31,82;22,73;13,64;47,37;36,84;17,65;11,76;26,47;11,54;67,65;38,24
47017;Bercero;2,24;42,47;1,76;0,44;21558,0;33,72;50,58;6,4;36,49;31,08;22,97;29,69;60,94;19,08;22,54;25,43;8,86;80,9;45,66
47019;Berrueces;1,86;36,51;6,98;0,0;17879,0;39,53;44,19;8,14;31,91;17,02;29,79;25,0;68,18;14,77;17,05;42,05;4,44;86,0;51,14
47020;Bobadilla del Campo;5,73;33,05;4,3;0,9;18845,0;37,83;50,94;2,62;29,84;22,58;30,65;15,32;58,56;17,22;16,12;16,85;6,57;76,19;50,55
47021;Bocigas;8,27;35,73;10,67;0,64;17865,0;34,33;49,25;8,96;27,27;12,12;30,3;43,33;53,33;10,0;20,0;38,57;17,14;72,5;50,72
47022;Bocos de Duero;1,3;34,29;24,68;0,88;17865,0;32,39;57,75;1,41;29,63;33,33;18,52;34,62;46,15;29,11;16,46;30,38;10,34;54,17;36,71
47023;Boecillo;21,66;11,66;6,91;1,14;23599,0;33,57;54,17;8,14;17,16;1,21;22,62;42,49;51,28;6,62;23,41;51,05;5,77;71,23;66,07
47024;Bolaños de Campos;7,08;32,67;12,35;1,13;17827,0;40,79;46,49;4,82;29,2;38,94;18,58;18,27;59,62;18,41;22,59;23,43;3,17;87,77;53,62
47025;Brahojos de Medina;1,04;43,54;8,33;0,0;16444,0;33,67;53,06;0,0;21,95;19,51;41,46;20,59;52,94;30,3;11,11;22,22;4,76;83,33;42,42
47026;Bustillo de Chaves;19,71;20,29;28,99;1,75;17879,0;40,38;44,23;5,77;34,38;59,38;9,38;15,38;50,0;26,32;14,04;24,56;3,57;71,05;50,0
47027;Cabezón de Pisuerga;19,19;11,32;7,89;0,99;16345,0;35,63;50,09;9,05;11,39;3,3;25,86;24,43;62,7;11,39;22,51;31,78;7,56;70,29;66,49
47029;Cabreros del Monte;11,25;32,5;25,0;3,5;17879,0;40,82;34,69;6,12;54,17;45,83;4,17;8,7;78,26;32,73;14,55;14,55;4,17;63,89;43,64
47030;Campaspero;9,58;33,66;12,02;1,56;17353,0;39,15;45,34;3,69;32,73;19,09;27,05;16,96;71,65;26,28;13,24;21,9;5,29;76,65;47,89
47031;Campillo, El;9,07;31,9;5,85;0,88;17630,0;35,68;47,57;8,65;30,77;16,48;26,37;29,07;55,81;17,74;21,51;16,67;4,04;79,83;53,23
47032;Camporredondo;4,34;32,45;4,2;0,44;30756,0;35,92;46,48;5,63;39,74;29,49;16,67;28,33;60,0;21,53;17,36;23,61;7,23;89,53;58,04
47033;Canalejas de Peñafiel;10,35;27,0;17,9;1,87;16218,0;38,71;46,54;2,76;48,15;30,56;19,44;23,71;62,89;22,98;15,74;32,34;5,74;71,88;51,91
47034;Canillas de Esgueva;0,85;48,45;2,82;0,0;19229,0;39,73;41,1;4,11;37,5;21,88;21,88;13,33;73,33;27,4;8,22;21,92;0,0;96,97;43,84
47035;Carpio;9,55;29,03;1,41;0,82;14650,0;30,91;56,56;3,16;37,6;26,99;24,16;18,48;69,21;20,65;13,03;17,19;10,34;70,14;50,76
47036;Casasola de Arión;5,12;35,47;10,34;0,26;16637,0;41,06;42,03;6,28;35,0;26,0;12,0;21,11;56,67;24,88;12,44;26,79;13,21;80,0;50,72
47037;Castrejón de Trabancos;5,32;43,35;3,47;0,93;13573,0;26,35;58,08;2,99;32,31;15,62;26,56;14,52;64,52;23,21;15,48;16,67;5,41;83,33;44,05
47038;Castrillo de Duero;8,99;33,58;10,09;1,75;16998,0;36,11;50,93;2,78;34,62;26,92;23,08;16,67;58,33;25,22;13,91;18,26;5,45;83,87;48,67
47039;Castrillo-Tejeriego;4,33;38,73;0,64;1,75;19888,0;29,25;49,66;5,44;41,27;25,4;19,05;15,69;74,51;25,85;15,65;17,01;4,62;73,81;44,22
47040;Castrobol;0,0;57,67;0,0;0,0;17879,0;31,11;42,22;0,0;35,71;21,43;28,57;7,69;76,92;22,22;11,11;15,56;14,29;70,59;31,11
47041;Castrodeza;4,83;31,14;8,05;0,44;19282,0;47,79;38,97;4,41;24,29;18,57;24,29;24,59;59,02;21,58;22,3;28,78;10,96;71,43;52,52
47042;Castromembibre;8,0;26,8;2,0;2,0;19229,0;36,96;54,35;2,17;57,14;57,14;4,76;25,0;68,75;28,26;30,43;21,74;4,76;64,52;45,65
47043;Castromonte;5,38;42,81;4,06;0,74;19623,0;28,94;57,88;3,54;33,83;21,8;17,29;24,8;60,0;30,79;19,05;24,76;7,75;81,88;45,51
47044;Castronuevo de Esgueva;11,33;21,21;3,15;1,17;21279,0;37,46;49,01;7,61;21,46;1,95;24,88;33,5;55,84;13,33;19,72;38,89;9,59;72,0;61,52
47045;Castronuño;8,67;35,25;6,44;0,92;15038,0;28,51;51,0;5,73;20,57;17,73;25,18;23,31;57,89;25,46;14,35;23,35;10,09;71,43;44,77
47046;Castroponce;5,12;30,54;6,98;0,44;14044,0;35,83;45,83;3,33;40,74;18,52;18,52;21,57;66,67;18,9;17,32;17,32;8,47;65,06;46,83
47047;Castroverde de Cerrato;2,4;41,98;9,9;0,0;16125,0;34,24;57,07;1,63;44,58;39,76;22,89;23,81;68,25;23,78;16,76;22,7;2,5;75,73;43,24
47048;Ceinos de Campos;6,16;34,88;15,12;0,35;16686,0;31,06;54,04;6,21;50,67;48,0;16,0;9,23;73,85;25,9;21,08;21,69;10,13;71,72;47,88
47050;Cigales;19,82;12,41;10,56;1,08;15511,0;34,7;52,77;8,07;12,88;3,54;27,4;23,11;63,28;12,99;22,99;32,34;8,63;69,14;65,41
47051;Ciguñuela;11,55;20,28;2,21;0,81;17321,0;35,76;48,1;7,91;26,32;11,05;23,68;28,9;57,8;8,83;24,61;32,49;4,48;79,34;63,41
47052;Cistérniga;19,76;10,65;6,15;1,03;18279,0;32,73;55,81;8,15;10,92;0,93;24,85;31,31;58,15;8,03;23,47;41,36;7,06;70,94;68,67
47053;Cogeces de Íscar;12,59;31,47;3,5;1,33;16593,0;39,84;43,75;5,47;16,42;7,46;38,81;21,54;55,38;19,08;17,56;20,61;8,82;75,61;52,71
47054;Cogeces del Monte;8,06;36,31;8,59;0,53;17726,0;31,46;52,38;4,08;35,02;23,47;19,13;25,91;62,35;23,72;15,65;25,37;5,04;75,0;46,26
47055;Corcos;6,14;31,29;5,45;0,95;19288,0;29,5;57,0;6,5;37,25;13,73;18,63;35,16;54,95;13,43;18,91;31,84;10,0;75,0;49,75
47056;Corrales de Duero;7,17;38,3;20,75;1,08;17865,0;40,82;44,9;1,02;42,11;34,21;26,32;38,71;58,06;34,62;7,69;25,96;5,0;69,09;38,46
47057;Cubillas de Santa Marta;8,73;21,27;9,9;0,87;17276,0;34,53;47,51;12,71;28,0;18,86;21,14;24,4;61,31;14,05;24,59;26,76;13,08;68,89;57,99
47058;Cuenca de Campos;8,22;37,11;6,11;1,0;17542,0;28,57;53,14;6,86;45,12;31,71;12,2;22,06;63,24;22,35;12,85;31,28;9,2;84,95;48,88
47059;Curiel de Duero;11,89;24,14;14,41;1,87;18923,0;32,69;51,92;6,73;25,76;16,67;34,85;22,03;57,63;16,67;20,37;26,85;11,67;79,1;55,56
47060;Encinas de Esgueva;4,39;43,36;5,61;0,7;18572,0;29,52;54,76;1,43;27,91;18,6;27,91;26,25;60,0;18,4;16,51;22,64;5,49;85,15;42,92
47061;Esguevillas de Esgueva;11,32;37,44;4,26;0,78;17085,0;33,19;54,89;3,4;25,69;22,02;20,18;23,0;61,0;23,21;13,08;23,21;6,42;79,69;46,38
47062;Fombellida;7,76;40,82;6,47;1,24;20349,0;31,88;52,5;1,88;43,06;33,33;15,28;38,6;52,63;26,38;13,5;30,67;1,33;89,16;46,01
47063;Fompedraza;16,0;20,52;16,52;0,61;19346,0;37,08;48,31;0,0;37,25;27,45;39,22;8,89;71,11;23,47;11,22;29,59;1,89;71,23;54,64
47065;Fresno el Viejo;6,25;31,76;2,18;0,69;14247,0;28,28;54,65;4,84;26,02;14,91;24,56;14,65;64,97;21,94;11,48;16,65;14,14;70,1;50,32
47066;Fuensaldaña;18,31;13,63;9,24;1,77;19435,0;35,31;51,58;7,3;14,68;2,84;20,64;32,95;58,26;6,51;21,93;45,32;5,64;75,57;67,25
47067;Fuente el Sol;1,21;33,69;4,7;0,0;18129,0;37,09;47,68;1,99;34,57;24,69;23,46;18,84;65,22;20,13;15,58;22,08;3,57;86,17;54,55
47069;Gallegos de Hornija;0,96;36,92;0,96;0,0;17941,0;40,19;47,66;0,93;38,3;23,4;23,4;35,9;61,54;16,67;12,96;33,33;7,69;78,69;48,15
47071;Geria;11,2;19,23;14,46;0,97;20200,0;33,49;52,29;8,72;19,57;18,72;24,26;34,4;48,62;19,73;17,94;32,06;4,78;70,5;56,66
47073;Herrín de Campos;6,25;39,64;7,14;1,4;17479,0;34,62;50,96;5,77;62,5;47,92;14,58;19,35;67,74;30,56;15,74;20,37;7,14;91,23;51,85
47074;Hornillos de Eresma;13,08;23,96;17,58;0,78;18917,0;33,11;48,34;10,6;13,79;11,49;27,59;20,73;67,07;12,18;24,36;35,9;6,74;74,11;57,05
47075;Íscar;15,57;18,69;19,27;1,2;14984,0;32,15;55,58;5,17;19,29;8,69;39,13;19,8;62,36;21,27;15,04;21,39;8,29;65,89;56,15
47076;Laguna de Duero;16,32;17,59;6,69;1,07;18546,0;32,13;55,02;7,72;12,71;1,46;23,53;32,23;56,71;10,59;25,01;36,94;8,35;69,12;59,52
47077;Langayo;6,75;38,7;9,35;2,5;15460,0;32,76;46,55;5,6;49,5;38,61;27,72;22,5;67,5;28,45;12,97;20,08;10,28;74,42;45,15
47078;Lomoviejo;7,09;31,9;6,33;1,05;19727,0;35,48;54,19;1,29;38,57;37,14;28,57;15,15;65,15;22,44;17,31;12,18;6,76;72,63;47,74
47079;Llano de Olmedo;0,0;31,84;8,16;0,0;17865,0;25,0;56,25;10,42;39,13;30,43;34,78;12,5;68,75;13,73;25,49;37,25;12,0;70,97;49,02
47082;Matapozuelos;12,02;23,34;7,69;0,91;14712,0;34,98;51,26;6,08;21,84;14,13;26,77;17,43;60,32;21,01;19,25;25,08;6,38;76,34;58,02
47083;Matilla de los Caños;7,18;24,27;11,97;0,32;17000,0;40,0;43,0;10,0;33,33;15,56;26,67;37,5;50,0;15,09;28,3;27,36;9,09;63,29;51,89
47084;Mayorga;9,22;27,94;20,15;0,83;15031,0;33,28;49,59;5,93;24,87;14,24;19,04;20,25;61,84;31,55;15,24;20,9;7,85;68,86;48,11
47085;Medina del Campo;14,94;21,38;10,67;1,08;15329,0;32,36;52,21;7,2;16,46;6,31;29,59;25,17;58,71;19,05;19,13;23,21;11,83;65,26;54,86
47086;Medina de Rioseco;14,2;22,14;10,6;1,11;15809,0;33,4;52,35;5,52;23,12;6,3;28,3;22,32;63,61;22,36;18,63;25,94;9,33;67,67;55,02
47087;Megeces;9,76;30,14;12,32;0,67;19502,0;36,86;48,45;6,19;17,06;21,18;31,76;23,46;56,17;21,16;17,88;22,92;4,57;65,75;44,53
47088;Melgar de Abajo;5,61;38,6;7,89;0,54;21952,0;33,33;47,22;6,48;41,38;25,86;12,07;20,83;68,75;24,55;15,45;29,09;1,82;93,1;50,0
47089;Melgar de Arriba;3,56;35,34;13,5;0,5;20516,0;27,56;57,69;4,49;33,72;30,23;24,42;25,97;55,84;22,5;16,25;23,75;2,38;84,54;53,16
47090;Mojados;16,76;16,26;11,9;1,25;16129,0;34,59;51,29;7,39;14,76;7,32;30,81;19,78;61,17;17,82;18,87;25,11;7,63;68,29;59,08
47091;Monasterio de Vega;9,62;33,92;5,06;1,75;17879,0;27,78;50,0;9,72;25,0;18,75;12,5;27,59;51,72;18,06;23,61;23,61;0,0;71,43;41,67
47092;Montealegre de Campos;7,81;29,71;2,86;2,33;17618,0;36,36;48,48;7,07;29,82;26,32;15,79;30,43;56,52;15,15;16,16;38,38;11,29;91,67;62,63
47093;Montemayor de Pililla;6,69;31,12;3,21;0,44;17823,0;36,76;50,56;3,89;18,08;9,04;27,12;26,67;59,71;17,08;18,3;28,26;9,11;74,61;51,74
47094;Moral de la Reina;5,34;32,98;12,98;0,35;13790,0;37,59;48,87;5,26;28,07;24,56;22,81;15,38;69,23;28,26;15,94;22,46;15,0;66,23;43,8
47096;Morales de Campos;7,58;36,97;11,36;2,69;21087,0;34,4;48,8;5,6;34,55;27,27;23,64;22,45;67,35;19,2;16,0;32,8;12,12;87,88;52,8
47097;Mota del Marqués;8,62;34,72;4,11;1,44;15895,0;34,22;48,17;5,98;31,11;7,41;14,81;22,95;68,85;21,86;15,76;26,69;5,44;74,33;47,27
47098;Mucientes;12,12;22,94;3,46;1,27;19117,0;31,66;52,83;6,95;25,38;9,79;25,38;28,01;59,28;15,5;21,25;32,11;8,01;74,0;58,29
47099;Mudarra, La;4,4;34,88;6,55;0,47;21127,0;34,42;43,51;7,79;30,0;20,0;10,0;26,98;58,73;20,99;24,69;29,63;7,89;71,43;46,91
47100;Muriel;0,0;52,45;1,89;0,0;16322,0;30,0;51,82;3,64;21,62;21,62;18,92;15,62;56,25;18,02;11,71;18,02;7,32;79,17;36,94
47101;Nava del Rey;13,07;26,13;8,56;1,09;13211,0;31,86;54,0;4,98;27,56;13,55;35,66;16,83;68,95;26,91;14,13;16,94;10,96;66,32;51,3
47102;Nueva Villa de las Torres;6,49;36,75;0,75;1,17;25589,0;32,95;49,43;4,21;32,5;22,5;29,17;13,33;75,24;26,52;14,39;16,29;10,61;80,27;50,38
47103;Olivares de Duero;8,81;23,3;15,6;1,37;16682,0;28,11;54,8;6,41;24,31;22,22;31,94;10,45;60,45;27,33;15,33;16,67;7,84;64,09;51,52
47104;Olmedo;14,47;21,54;14,95;1,0;16566,0;34,44;50,15;6,46;17,11;9,4;33,12;22,47;59,68;16,48;19,78;25,04;6,51;69,31;55,09
47105;Olmos de Esgueva;8,38;27,75;3,66;0,26;19049,0;28,26;54,89;9,24;23,16;15,79;16,84;24,42;54,65;18,72;14,44;29,41;5,56;85,71;58,06
47106;Olmos de Peñafiel;2,86;48,57;0,0;0,0;17865,0;35,14;48,65;2,7;53,33;60,0;20,0;27,27;54,55;18,92;13,51;32,43;0,0;93,33;37,84
47109;Palazuelo de Vedija;4,91;27,12;5,52;0,29;16942,0;33,55;51,32;6,58;37,5;22,22;23,61;33,33;55,56;9,68;16,13;28,39;5,19;68,22;50,0
47110;Parrilla, La;9,64;32,74;2,34;1,72;16464,0;32,43;48,75;6,58;19,9;7,85;24,61;28,34;54,55;21,67;16,93;25,73;10,95;72,48;47,51
47111;Pedraja de Portillo, La;10,58;24,69;5,21;0,88;16264,0;31,45;54,14;6,87;18,3;6,23;34,15;22,47;64,81;19,8;19,15;25,23;7,81;70,24;53,73
47112;Pedrajas de San Esteban;13,98;19,4;15,55;0,91;14488,0;32,88;55,17;4,69;23,56;8,9;40,51;18,57;61,68;17,84;15,46;18,67;8,24;65,09;54,97
47113;Pedrosa del Rey;4,56;33,42;6,04;0,0;17323,0;26,57;55,24;8,39;36,76;29,41;16,18;20,0;72,73;18,06;17,36;23,61;6,58;79,78;53,15
47114;Peñafiel;15,16;20,79;15,57;1,28;16544,0;34,98;50,91;4,97;23,94;9,51;30,24;23,38;57,77;22,15;16,13;25,83;8,63;66,13;53,77
47115;Peñaflor de Hornija;8,6;29,8;5,73;1,15;19549,0;33,13;53,68;3,37;37,74;30,19;16,98;23,94;63,38;22,12;17,27;29,7;5,49;80,75;55,32
47116;Pesquera de Duero;9,28;28,64;5,21;1,15;20350,0;36,81;49,87;3,39;30,54;14,78;35,96;22,96;58,67;17,86;16,58;32,4;3,69;83,6;55,78
47117;Piña de Esgueva;9,14;28,06;2,86;0,39;18837,0;32,63;54,39;4,56;31,72;19,31;19,31;19,23;66,92;14,73;17,81;33,22;6,13;78,87;56,79
47118;Piñel de Abajo;7,93;33,29;9,15;0,84;20701,0;37,66;53,9;1,3;33,33;21,21;25,76;34,48;53,45;22,08;12,99;42,21;5,33;76,34;48,7
47119;Piñel de Arriba;4,94;45,43;1,23;1,75;17865,0;26,83;42,68;6,1;40,54;35,14;16,22;10,0;80,0;28,05;13,41;20,73;4,76;108,11;51,22
47121;Pollos;7,65;34,02;7,43;1,34;16083,0;27,45;57,58;3,07;26,48;27,4;22,83;18,81;63,86;35,56;12,59;17,96;8,55;67,08;43,66
47122;Portillo;13,76;24,68;7,39;1,19;17347,0;33,57;52,22;5,54;19,84;11,01;26,57;27,05;56,98;16,35;16,49;28,83;6,19;75,67;56,3
47123;Pozal de Gallinas;14,61;23,66;5,21;1,12;15783,0;32,28;54,01;4,43;25,32;16,03;28,69;21,4;61,86;16,94;22,93;25,0;4,2;72,33;54,93
47124;Pozaldez;11,98;30,57;13,11;0,92;14946,0;38,5;43,74;7,06;24,74;23,2;26,8;18,33;61,67;24,13;16,74;21,09;7,56;70,27;49,45
47127;Quintanilla de Arriba;13,13;31,9;7,36;1,33;13484,0;34,29;55,71;3,57;36,36;27,27;27,27;32,56;55,81;25,35;13,38;29,58;8,96;70,93;47,52
47128;Quintanilla del Molar;8,89;25,78;4,44;2,33;17879,0;33,33;57,78;2,22;48,15;48,15;14,81;16,67;66,67;22,22;17,78;24,44;0,0;92,59;55,56
47129;Quintanilla de Onésimo;12,89;24,91;8,13;1,23;17500,0;31,74;53,88;5,82;19,56;13,78;27,56;16,78;61,7;21,42;15,54;24,64;7,1;70,46;55,52
47130;Quintanilla de Trigueros;6,2;29,8;13,0;0,41;17415,0;28,42;52,63;9,47;23,68;18,42;7,89;16,67;72,22;27,37;14,74;22,11;14,89;62,5;49,47
47131;Rábano;5,33;40,83;7,69;1,75;18647,0;28,92;53,61;4,22;37,5;21,88;29,69;12,07;74,14;27,38;14,29;19,64;5,88;71,11;40,48
47133;Renedo de Esgueva;22,89;9,08;3,4;0,99;18922,0;32,18;58,1;6,32;17,0;1,43;24,53;35,02;56,08;6,33;25,59;41,53;5,0;73,44;70,42
47134;Roales de Campos;4,03;33,64;8,44;0,0;16224,0;29,41;54,25;5,23;49,18;37,7;14,75;21,15;71,15;25,32;11,39;23,42;9,46;71,28;47,13
47135;Robladillo;7,67;35,81;0,0;0,0;19229,0;23,81;64,29;4,76;21,95;12,2;29,27;34,21;57,89;21,43;19,05;40,48;7,14;76,47;50,0
47138;Rubí de Bracamonte;3,56;31,06;4,81;0,0;18003,0;39,42;48,08;3,85;19,23;22,12;37,5;14,58;57,29;16,04;12,74;16,51;6,25;80,77;52,83
47139;Rueda;10,84;24,85;11,19;1,03;17063,0;34,65;49,06;6,52;24,9;19,35;38,51;19,96;54,99;21,19;15,03;20,71;4,81;72,54;52,22
47140;Saelices de Mayorga;7,35;48,03;11,11;2,33;15559,0;40,95;43,81;5,71;60,0;54,29;14,29;20,83;66,67;28,57;11,43;24,76;2,86;73,91;33,33
47141;Salvador de Zapardiel;0,61;39,6;0,0;0,0;15062,0;37,86;48,54;1,94;44,68;34,04;34,04;19,51;70,73;24,27;10,68;27,18;5,88;87,27;49,51
47142;San Cebrián de Mazote;0,0;47,27;2,02;0,0;19916,0;34,31;48,04;6,86;50,0;38,64;4,55;22,22;72,22;15,53;13,59;27,18;4,44;91,49;43,69
47143;San Llorente;2,39;54,78;3,26;0,0;17865,0;35,87;48,91;2,17;54,55;39,53;20,93;31,43;60,0;26,88;12,9;30,11;2,27;110,26;47,31
47144;San Martín de Valvení;5,32;22,53;8,86;0,0;19229,0;39,74;43,59;8,97;23,08;35,9;25,64;21,21;57,58;18,52;19,75;27,16;9,09;72,73;55,0
47145;San Miguel del Arroyo;9,8;32,85;3,28;0,92;17334,0;35,38;51,62;3,08;21,89;10,65;28,52;26,53;57,96;19,83;15,63;24,37;7,74;74,66;50,25
47146;San Miguel del Pino;17,62;16,1;7,86;0,99;15193,0;34,42;54,22;6,49;19,05;7,14;26,79;19,75;66,67;12,3;24,92;24,92;6,63;72,91;62,62
47147;San Pablo de la Moraleja;6,37;35,58;8,85;1,4;15183,0;33,66;53,47;2,97;34,62;36,54;30,77;26,19;52,38;15,53;17,48;19,42;3,85;80,65;50,49
47148;San Pedro de Latarce;9,21;31,48;5,09;0,85;13131,0;37,09;48,62;4,76;41,84;31,12;19,9;17,71;73,14;24,07;14,64;17,37;4,81;79,2;51,74
47150;San Román de Hornija;12,15;28,72;19,8;1,15;11423,0;29,12;55,17;5,36;40,35;35,96;21,05;20,2;55,56;33,21;11,91;19,49;5,98;61,11;42,86
47152;Santa Eufemia del Arroyo;5,32;28,61;16,46;1,56;17879,0;34,33;53,73;2,99;37,93;20,69;13,79;19,23;73,08;12,68;18,31;35,21;3,57;52,94;39,44
47153;Santervás de Campos;4,8;46,4;6,0;0,64;17925,0;31,73;41,35;8,65;50,0;38,89;13,89;13,33;70,0;23,81;16,19;28,57;14,63;71,43;39,05
47154;Santibáñez de Valcorba;6,97;38,46;8,72;0,81;18993,0;32,57;54,86;6,86;25,33;16,0;25,33;34,78;55,07;16,38;16,95;32,2;6,17;76,77;45,76
47155;Santovenia de Pisuerga;18,4;11,12;9,16;1,13;15873,0;37,04;49,77;9,49;12,19;0,55;23,69;23,56;64,13;10,51;24,13;31,23;9,5;69,74;67,7
47156;San Vicente del Palacio;8,9;34,19;2,58;0,81;15761,0;27,4;56,85;4,79;16,18;19,12;32,35;15,87;68,25;19,73;13,61;12,93;7,25;74,42;47,26
47157;Sardón de Duero;12,05;24,63;10,48;1,27;17191,0;34,26;51,21;5,21;16,3;10,14;23,91;24,16;56,88;15,57;22,89;26,74;5,86;76,86;56,54
47158;Seca, La;13,18;22,71;10,81;1,4;15583,0;35,21;49,31;5,62;30,56;31,39;25,36;14,61;62,79;22,22;15,33;22,56;5,52;77,26;58,79
47159;Serrada;14,43;23,39;15,0;1,06;14816,0;31,1;58,53;4,4;23,66;35,31;27,29;17,86;51,13;19,38;19,69;22,67;7,06;71,33;55,81
47160;Siete Iglesias de Trabancos;8,6;33,96;4,35;1,1;14458,0;28,31;56,36;2,86;29,34;26,95;14,37;22,44;57,69;28,24;16,28;21,37;8,2;71,49;46,8
47161;Simancas;19,37;14,92;6,99;1,14;25954,0;35,57;53,14;7,51;21,26;1,75;16,84;56,97;37,56;6,65;17,98;55,82;6,27;68,37;59,61
47162;Tamariz de Campos;11,67;26,9;8,33;1,65;17879,0;33,78;48,65;9,46;40,48;38,1;23,81;22,86;68,57;7,79;19,48;45,45;11,36;76,47;57,14
47163;Tiedra;4,32;41,32;0,0;1,12;20361,0;28,41;52,77;6,64;38,84;21,67;17,5;24,78;66,37;19,41;18,68;26,37;9,92;83,69;48,34
47164;Tordehumos;6,92;24,41;10,35;0,43;17043,0;38,33;50,43;2,88;22,04;23,12;20,43;17,88;65,92;24,23;15,77;21,69;5,77;78,4;59,09
47165;Tordesillas;14,69;19,95;11,09;1,12;16358,0;33,99;51,84;6,82;17,92;7,04;28,28;24,15;60,26;18,48;19,65;25,35;9,61;68,09;57,42
47166;Torrecilla de la Abadesa;6,78;28,22;1,69;1,75;15950,0;39,39;45,45;5,19;27,03;27,03;26,13;18,63;67,65;18,72;14,89;27,66;10,32;77,4;53,85
47167;Torrecilla de la Orden;4,93;37,53;7,05;1,67;19975,0;31,8;51,15;2,3;28,26;14,13;26,09;32,18;56,32;23,74;15,53;29,68;10,78;73,98;46,58
47169;Torre de Esgueva;6,13;39,35;1,61;3,5;19229,0;29,51;44,26;13,11;33,33;23,81;33,33;33,33;50,0;22,95;19,67;19,67;18,52;64,71;44,26
47171;Torrelobatón;5,74;33,7;3,62;0,56;17803,0;32,97;53,85;3,85;31,46;16,29;22,47;26,25;60,62;22,28;13,86;26,09;6,22;80,09;52,73
47172;Torrescárcela;12,76;30,31;9,2;1,08;15345,0;37,24;45,52;4,83;26,03;16,44;10,96;29,85;50,75;14,97;12,24;29,25;3,9;77,08;52,74
47173;Traspinedo;14,29;20,12;13,42;1,06;16391,0;33,9;51,12;7,02;23,55;6,7;28,26;19,14;68,86;12,26;20,2;26,42;10,67;65,23;57,35
47174;Trigueros del Valle;9,94;26,94;6,56;0,79;19265,0;32,86;46,64;13,07;24,11;9,93;30,5;33,33;52,59;13,15;23,88;33,56;7,74;72,59;54,39
47175;Tudela de Duero;16,1;16,82;8,8;0,98;16929,0;35,04;50,53;8,61;15,47;2,87;26,8;27,1;61,25;13,05;21,47;32,6;9,2;66,78;58,9
47176;Unión de Campos, La;5,92;55,21;6,1;3,29;14470,0;28,23;39,71;4,31;56,25;31,25;21,88;20,69;68,97;44,44;9,72;14,81;10,0;84,0;32,41
47177;Urones de Castroponce;4,89;45,53;4,26;0,0;15579,0;37,23;51,06;4,26;36,84;36,84;5,26;22,86;65,71;27,37;17,89;22,11;2,5;88,64;42,11
47178;Urueña;9,35;35,12;12,94;0,0;17351,0;31,15;55,19;3,28;37,63;17,2;11,83;29,41;60,0;22,28;15,03;38,34;4,35;80,0;48,42
47179;Valbuena de Duero;8,76;33,14;12,89;0,61;19928,0;33,7;52,33;4,66;27,27;24,24;30,3;23,03;53,29;22,05;14,44;27,56;7,45;79,09;50,0
47180;Valdearcos de la Vega;8,2;37,7;11,48;0,0;17865,0;35,0;53,33;1,67;33,33;46,67;23,33;32,0;40,0;21,54;16,92;23,08;0,0;76,47;41,27
47181;Valdenebro de los Valles;13,65;24,79;14,58;0,97;18880,0;31,9;57,06;3,07;25,84;30,34;11,24;27,5;53,75;22,75;16,77;34,13;10,42;74,78;57,49
47182;Valdestillas;14,05;18,99;7,66;1,2;15294,0;34,29;51,01;7,35;15,45;7,18;34,82;16,15;62,46;21,54;20,23;17,42;10,25;66,79;57,29
47183;Valdunquillo;3,6;51,17;4,5;0,7;14941,0;22,12;59,29;4,42;48,65;24,32;18,92;29,03;67,74;25,64;19,66;19,66;10,26;74,47;33,33
47184;Valoria la Buena;13,58;26,36;12,21;1,3;17133,0;33,33;50,47;6,45;23,78;8,14;25,41;26,8;63,92;20,03;17,79;31,99;7,27;72,67;51,65
47185;Valverde de Campos;7,69;34,95;13,19;3,5;17879,0;44,58;40,96;7,23;37,25;39,22;25,49;13,33;71,11;20,0;18,82;36,47;4,35;89,8;54,12
47186;Valladolid;13,88;25,5;12,17;1,08;20073,0;34,75;48,87;7,42;12,67;1,37;16,69;41,71;48,05;13,99;21,6;38,72;10,3;66,58;51,66
47187;Vega de Ruiponce;8,75;39,0;12,5;0,64;17879,0;25,97;63,64;2,6;42,31;30,77;3,85;25,0;66,67;43,59;11,54;19,23;9,68;71,79;39,74
47188;Vega de Valdetronco;4,32;50,23;4,55;0,0;19229,0;27,38;53,57;8,33;33,33;40,0;10,0;26,09;69,57;18,6;17,44;30,23;11,43;83,78;40,7
47189;Velascálvaro;7,01;25,86;4,46;0,29;15493,0;37,82;55,77;0,64;19,44;20,83;30,56;17,91;53,73;17,2;17,2;19,11;9,41;75,49;54,49
47190;Velilla;15,6;27,52;0,0;2,62;14436,0;29,59;58,16;4,08;37,25;30,0;18,0;37,84;54,05;18,0;20,0;30,0;1,92;80,95;52,53
47191;Velliza;3,5;36,67;5,0;1,4;20834,0;35,9;52,14;5,98;33,33;26,67;10,0;26,0;60,0;19,33;21,85;28,57;13,24;85,51;57,14
47192;Ventosa de la Cuesta;7,86;36,79;9,82;1,17;16469,0;32,0;57,0;2,0;44,19;37,21;25,58;30,3;51,52;10,0;27,0;25,0;16,0;68,85;50,0
47193;Viana de Cega;15,68;15,1;5,69;1,06;20110,0;36,09;52,16;7,34;17,76;0,9;25,65;38,4;49,86;9,95;21,59;44,33;5,41;71,46;61,55
47194;Viloria;10,29;26,74;7,71;0,88;15228,0;33,22;52,77;3,91;20,13;12,75;26,85;18,05;66,17;14,06;21,09;27,48;6,62;64,38;48,71
47195;Villabáñez;9,49;26,94;4,93;0,72;18679,0;36,62;47,75;6,0;22,08;8,23;26,84;26,36;62,73;14,59;17,12;35,1;9,16;71,26;55,74
47197;Villabrágima;14,47;23,53;9,0;1,12;16605,0;31,06;56,53;3,51;35,19;24,69;25,51;16,81;69,65;25,72;15,47;23,16;7,27;72,71;56,6
47198;Villacarralón;3,66;34,37;9,86;0,0;17879,0;32,26;40,32;12,9;44,83;34,48;13,79;25,0;66,67;23,44;15,62;28,12;6,06;72,09;51,56
47199;Villacid de Campos;5,81;34,42;18,6;2,1;17879,0;37,97;49,37;5,06;32,14;28,57;21,43;27,27;63,64;15,19;21,52;36,71;5,88;65,31;43,04
47200;Villaco;3,61;33,89;6,94;0,0;19229,0;37,5;51,39;5,56;31,43;37,14;20,0;18,52;62,96;15,07;19,18;32,88;9,76;84,09;56,16
47203;Villafrades de Campos;3,39;36,95;6,78;2,0;17879,0;35,09;43,86;3,51;31,03;24,14;10,34;40,0;44,0;10,53;26,32;29,82;11,43;96,88;61,4
47204;Villafranca de Duero;6,8;38,56;14,8;0,66;14833,0;26,79;55,8;5,36;32,14;34,52;13,1;6,67;73,33;35,22;16,09;11,3;10,87;61,19;40,0
47205;Villafrechós;11,73;24,05;25,32;0,61;14505,0;33,25;58,12;2,09;42,49;44,04;15,54;19,65;61,85;29,74;16,55;14,39;8,72;65,25;53,17
47206;Villafuerte;6,25;46,25;0,0;0,0;19229,0;33,33;50,62;6,17;34,15;29,27;9,76;31,25;59,38;22,22;6,17;38,27;4,88;114,71;50,62
47207;Villagarcía de Campos;7,69;35,85;12,93;0,54;16295,0;41,18;44,96;4,2;28,7;33,04;17,39;14,02;60,75;24,81;15,41;29,32;7,63;75,16;49,25
47208;Villagómez la Nueva;4,68;42,98;10,64;0,0;17879,0;42,0;42,0;4,0;29,41;17,65;11,76;6,25;68,75;26,0;22,0;18,0;12,5;56,0;32,0
47210;Villalar de los Comuneros;9,36;35,11;5,74;1,38;18293,0;36,93;46,56;2,98;27,96;30,48;16,19;20,43;62,37;32,05;11,06;25,96;4,48;84,19;50,57
47212;Villalba de los Alcores;8,51;25,92;7,59;0,71;18319,0;37,6;48,47;4,18;24,26;16,34;22,77;33,7;51,63;19,46;17,57;37,03;7,69;76,19;56,52
47213;Villalbarba;0,62;39,79;2,08;0,0;21706,0;34,38;43,75;7,29;38,46;40,38;11,54;27,03;70,27;21,0;15,0;32,0;6,67;76,36;45,0
47214;Villalón de Campos;9,47;31,56;7,71;0,9;16170,0;33,21;52,74;4,22;32,41;14,92;15,08;24,48;63,45;19,99;17,1;26,19;6,43;77,33;50,84
47216;Villán de Tordesillas;11,15;25,57;4,1;2,33;18490,0;34,23;54,95;1,8;44,78;28,36;17,91;20,69;74,14;16,22;20,72;33,33;6,35;80,82;56,76
47217;Villanubla;21,36;10,63;7,1;1,03;17396,0;36,46;50,26;8,46;13,06;3,86;22,33;29,06;58,48;8,53;24,37;37,06;6,8;72,44;68,1
47218;Villanueva de Duero;14,48;21,3;8,48;1,28;15739,0;29,99;54,04;9,47;16,51;4,88;30,21;19,96;64,19;18,13;21,67;26,38;10,93;67,91;56,19
47219;Villanueva de la Condesa;18,48;20,91;33,33;1,94;17879,0;41,3;45,65;6,52;36,84;36,84;0,0;12,5;75,0;18,52;18,52;24,07;21,43;55,0;51,85
47220;Villanueva de los Caballeros;5,58;40,27;9,52;0,0;23262,0;28,47;55,56;2,78;22,41;29,31;15,52;26,53;53,06;21,77;18,37;25,17;7,14;87,84;48,28
47221;Villanueva de los Infantes;10,52;30,0;1,72;0,64;21971,0;30,39;57,84;3,92;48,89;24,44;8,89;38,46;58,97;14,42;16,35;47,12;3,64;81,54;53,4
47222;Villanueva de San Mancio;10,0;23,96;1,04;2,33;21125,0;26,88;62,37;4,3;35,59;20,34;23,73;20,37;70,37;20,43;15,05;38,71;5,56;87,93;58,06
47223;Villardefrades;7,57;26,89;8,11;0,74;15754,0;40,6;44,36;6,02;26,56;14,06;12,5;20,69;67,24;19,26;18,52;26,67;12,0;71,74;56,39
47224;Villarmentero de Esgueva;10,0;25,2;4,0;0,58;19326,0;44,57;34,78;7,61;24,39;17,07;4,88;38,24;55,88;9,68;21,51;35,48;5,77;79,03;55,91
47225;Villasexmir;2,39;42,39;2,99;1,0;19229,0;37,88;54,55;0,0;66,67;45,45;21,21;25,0;70,83;7,58;16,67;27,27;3,45;82,35;43,94
47226;Villavaquerín;9,55;24,39;6,45;1,46;16032,0;36,15;48,46;7,69;28,77;13,7;30,14;14,49;72,46;13,53;21,05;25,56;8,97;71,72;59,54
47227;Villavellid;10,2;33,33;7,84;0,0;17879,0;31,91;48,94;4,26;45,0;20,0;30,0;11,76;76,47;18,37;4,08;36,73;9,09;76,92;45,83
47228;Villaverde de Medina;14,39;21,38;9,09;1,38;13253,0;35,18;51,99;4,87;26,45;21,9;22,31;11,45;65,2;18,45;14,59;17,6;9,26;75,62;58,57
47229;Villavicencio de los Caballeros;1,86;58,14;3,72;0,0;19925,0;31,13;41,98;7,08;40,45;17,98;17,98;21,69;67,47;33,33;12,5;22,22;3,66;97,53;37,96
47230;Wamba;8,26;34,93;2,08;0,17;18714,0;35,29;48,9;6,25;18,46;10,0;23,85;25,41;63,11;18,77;19,13;34,3;5,84;79,14;50,18
47231;Zaratán;21,69;8,47;6,83;0,98;18483,0;35,24;52,94;8,4;12,55;0,99;20,56;34,57;55,7;6,92;23,54;43,72;6,24;72,27;70,47
47232;Zarza, La;5,05;28,47;3,6;0,5;15175,0;40,37;46,79;4,59;30,19;22,64;30,19;23,4;61,7;17,54;14,91;24,56;10,94;79,17;56,14
48001;Abadiño;17,15;20,13;9,9;1,25;21656,0;32,84;55,5;4,83;16,39;0,93;39,03;33,12;49,53;10,04;19,91;41,2;8,71;68,28;56,66
48002;Abanto y Ciérvana-Abanto Zierbena;13,71;19,81;6,91;1,01;20333,0;33,29;52,3;6,5;12,47;0,51;24,57;30,58;56,7;10,28;23,68;38,29;12,98;65,39;56,59
48003;Amorebieta-Etxano;17,05;19,35;12,7;1,15;22316,0;33,92;52,91;5,19;16,05;0,62;31,0;37,73;48,02;9,3;25,18;45,77;7,76;69,89;57,61
48004;Amoroto;14,68;20,72;7,67;1,44;22822,0;43,32;45,99;4,15;18,24;1,76;33,53;32,93;53,89;10,06;19,83;39,66;6,74;66,94;52,05
48005;Arakaldo;18,08;9,87;9,62;0,66;21937,0;41,22;44,27;7,63;24,05;1,27;32,91;35,21;50,7;7,35;30,88;47,79;8,79;72,17;67,91
48006;Arantzazu;17,02;17,56;11,95;0,82;22471,0;35,94;50,31;6,88;22,22;0,56;35,2;43,71;46,71;11,01;23,81;50,3;6,28;66,54;57,01
48007;Munitibar-Arbatzegi Gerrikaitz;12,65;19,32;8,33;1,25;20257,0;42,57;41,81;6,3;26,34;2,7;32,97;33,89;53,33;12,26;19,23;44,23;5,85;62,66;49,64
48008;Artzentales;13,86;22,28;6,08;1,22;19565,0;36,31;49,77;7,2;27,14;7,14;25,36;29,89;58,62;11,03;28,64;40,28;13,5;60,13;50,39
48009;Arrankudiaga-Zollo;17,27;18,11;8,4;0,89;22469,0;33,37;54,67;5,14;20,13;1,28;22,13;42,24;48,86;7,66;19,89;49,83;8,04;68,67;59,51
48010;Arrieta;11,86;19,11;7,22;1,24;26365,0;37,83;49,9;3,82;21,98;4,76;18,32;49,02;39,61;7,62;18,86;51,81;8,64;69,1;58,22
48011;Arrigorriaga;15,22;18,69;9,5;1,05;20935,0;34,72;52,82;5,21;13,74;0,35;21,2;36,87;49,48;9,98;22,31;40,49;10,93;67,27;58,15
48012;Bakio;16,13;17,54;9,0;1,0;26920,0;37,77;46,66;7,91;22,49;3,15;16,19;48,49;44,29;7,09;20,66;55,79;8,37;68,85;59,66
48013;Barakaldo;14,79;21,51;15,57;1,02;19322,0;34,75;50,18;5,88;12,61;0,27;20,89;31,0;54,58;12,37;23,51;36,54;11,31;65,36;54,99
48014;Barrika;14,67;21,08;8,27;0,95;28429,0;36,64;48,65;6,77;27,07;0,74;14,96;55,31;40,31;7,08;21,46;56,93;8,67;68,5;54,95
48015;Basauri;12,74;25,45;12,93;0,96;18989,0;33,69;50,7;5,21;14,38;0,25;24,59;28,55;55,58;12,91;22,23;31,6;12,82;65,12;51,78
48016;Berango;18,37;15,49;8,2;1,09;26171,0;34,74;53,94;5,64;18,49;0,33;15,75;53,62;39,67;7,14;22,93;54,21;6,84;63,56;59,29
48017;Bermeo;15,17;21,85;14,5;1,07;20465,0;35,41;50,52;5,14;16,86;5,55;22,85;34,17;52,94;14,49;24,98;37,49;11,11;60,17;49,83
48018;Berriatua;17,88;20,95;17,63;1,62;19970,0;37,43;50,3;4,59;26,36;7,36;38,76;31,73;54,49;17,44;19,87;35,82;8,32;67,19;53,35
48019;Berriz;16,85;20,35;12,99;0,91;21289,0;34,95;52,63;5,05;15,56;1,1;39,9;32,18;50,25;11,31;21,39;37,48;9,07;66,12;54,7
48020;Bilbao;13,32;22,58;17,62;1,03;23689,0;38,93;46,12;5,74;15,37;0,4;15,92;44,93;43,59;11,28;22,53;44,91;12,08;64,55;53,94
48021;Busturia;14,02;24,54;10,75;1,25;21643,0;35,32;49,14;6,02;20,0;2,03;24,22;43,07;45,05;6,16;18,49;47,33;9,88;63,73;51,28
48022;Karrantza Harana/Valle de Carranza;12,66;25,93;9,69;1,03;16804,0;38,27;45,67;5,22;32,04;19,48;24,22;20,02;66,8;13,83;25,67;27,73;12,36;63,77;49,36
48023;Artea;16,29;22,23;8,61;1,21;24820,0;37,68;52,33;3,22;23,38;2,16;28,09;44,7;47,35;6,18;21,48;53,94;9,2;66,52;52,66
48024;Zeanuri;15,46;20,45;7,38;0,9;24198,0;36,36;53,68;3,35;20,38;3,45;24,01;46,07;44,79;10,06;21,77;53,52;6,09;72,01;56,45
48025;Zeberio;15,37;20,97;6,61;0,8;23053,0;36,0;51,7;4,83;25,05;2,16;26,08;45,49;46,12;3,39;22,67;49,05;7,96;71,51;58,06
48026;Dima;17,14;17,88;6,22;1,37;22877,0;37,86;51,68;4,47;19,94;2,01;26,97;49,4;41,89;7,14;22,12;54,53;5,54;71,31;59,13
48027;Durango;15,98;18,74;13,83;1,11;24422,0;36,1;51,35;5,05;17,08;0,8;31,8;40,59;46,18;9,0;21,43;48,1;7,84;67,21;56,74
48028;Ea;12,02;27,45;11,56;1,5;25760,0;35,63;49,86;5,21;22,22;1,27;22,61;49,83;39,73;9,2;16,13;56,0;11,11;66,81;48,32
48029;Etxebarri;20,2;14,54;6,35;1,02;21079,0;30,64;57,88;6,04;14,3;0,21;22,37;35,15;52,93;7,7;21,85;42,22;8,18;70,86;64,56
48030;Etxebarria;17,69;20,33;15,72;1,64;21822,0;35,75;51,34;2,99;28,57;4,56;39,21;31,07;56,31;14,24;22,73;36,21;5,77;69,72;55,57
48031;Elantxobe;11,44;30,19;6,56;0,84;21887,0;39,67;41,97;5,25;18,7;0,81;23,58;39,5;47,06;16,29;15,97;52,4;10,87;67,21;44,52
48032;Elorrio;16,33;21,9;10,35;1,1;23390,0;34,52;52,85;3,95;20,81;1,86;34,93;36,99;48,3;9,34;20,0;42,37;6,9;68,02;53,26
48033;Ereño;13,67;29,89;6,55;2,0;24343,0;31,62;59,83;2,56;21,49;1,65;26,45;49,14;39,66;2,92;16,67;53,33;4,07;78,67;51,46
48034;Ermua;14,31;24,64;11,48;1,03;20340,0;31,13;55,2;4,35;15,07;0,46;44,69;25,7;56,79;12,04;35,61;32,52;11,25;65,39;51,49
48035;Fruiz;17,6;16,07;10,49;0,58;23385,0;38,63;48,28;6,87;16,21;2,77;17,79;45,23;41,08;6,22;25,5;45,58;6,97;65,12;59,67
48036;Galdakao;13,8;23,54;8,18;1,03;22983,0;32,31;54,11;5,54;14,66;0,3;24,81;39,09;48,95;9,18;21,46;42,63;9,04;70,59;54,85
48037;Galdames;13,86;23,76;4,7;0,94;21754,0;38,66;48,22;4,99;20,0;4,23;29,01;30,84;55,91;4,71;25,48;46,81;10,76;65,89;53,44
48038;Gamiz-Fika;14,56;21,26;6,01;1,4;27428,0;35,2;54,03;3,65;21,47;5,29;21,96;49,92;40,7;8,08;20,61;52,27;5,43;71,25;55,25
48039;Garai;18,86;17,65;3,61;1,63;32095,0;29,75;61,65;2,15;26,99;1,23;34,97;46,88;43,75;4,55;19,93;57,34;2,33;78,14;60,35
48040;Gatika;16,76;20,23;7,04;0,88;24024,0;35,75;52,56;4,97;19,09;2,69;23,48;48,13;42,88;3,05;23,53;49,26;6,88;69,69;56,56
48041;Gautegiz Arteaga;12,62;22,16;10,34;1,23;26452,0;36,86;53,33;2,61;24,08;1,23;18,92;52,31;37,69;5,08;23,22;59,52;5,83;71,76;55,07
48042;Gordexola;15,01;19,05;8,97;1,0;24314,0;36,4;49,86;4,88;19,84;1,71;21,55;39,81;49,11;8,59;24,32;46,17;7,6;68,7;57,61
48043;Gorliz;15,37;19,32;8,58;0,74;25244,0;35,51;50,27;7,36;19,37;0,72;15,87;51,45;40,29;5,17;21,92;56,55;9,17;67,63;56,93
48044;Getxo;14,28;25,99;12,67;1,09;31187,0;34,68;50,85;5,88;18,38;0,34;14,17;58,83;32,69;5,96;20,86;59,79;7,88;69,17;51,08
48045;Güeñes;16,16;18,66;11,21;1,09;19582,0;34,43;51,37;5,87;15,8;1,07;23,18;32,86;54,68;9,64;24,95;37,34;11,29;65,04;57,11
48046;Gernika-Lumo;16,61;22,27;15,64;1,16;21421,0;35,31;50,8;4,82;20,57;1,27;25,8;44,45;43,29;10,86;21,05;44,89;8,2;67,12;53,53
48047;Gizaburuaga;16,63;13,67;17,86;0,72;22715,0;40,25;50,31;4,4;15,79;1,05;38,95;38,46;52,75;6,63;19,28;50,6;3,81;71,13;64,02
48048;Ibarrangelu;10,96;23,53;5,54;1,06;26874,0;36,81;50,16;5,05;24,22;1,04;22,15;52,88;39,21;4,17;17,17;63,56;12,54;67,14;52,83
48049;Ispaster;18,22;21,17;6,8;1,57;21283,0;36,22;51,87;3,57;28,12;3,47;29,51;43,21;49,29;5,9;20,16;47,21;5,45;66,14;51,91
48050;Izurtza;20,72;19,01;20,18;1,08;27160,0;32,75;51,46;7,6;26,37;7,69;25,27;32,56;59,3;14,85;18,81;44,55;13,54;58,04;48,48
48051;Lanestosa;8,97;25,6;9,05;0,83;17008,0;43,38;37,44;7,31;27,78;4,44;25,56;27,91;58,14;21,05;22,37;32,46;16,83;54,19;45,09
48052;Larrabetzu;18,7;17,85;6,09;1,14;24235,0;36,21;50,15;6,22;18,91;2,31;19,22;50,22;41,56;7,03;21,45;53,26;6,27;71,74;59,57
48053;Laukiz;17,68;17,07;7,9;0,82;32539,0;37,05;52,09;5,04;23,98;1,78;18,12;55,62;36,76;5,51;21,01;58,73;5,84;68,48;58,5
48054;Leioa;16,53;19,9;11,62;1,21;23668,0;34,42;52,74;6,23;15,28;0,22;17,82;46,08;43,69;8,7;21,16;50,14;8,54;70,03;57,78
48055;Lemoa;18,22;15,87;15,45;1,11;20791,0;34,41;52,49;6,43;14,41;0,74;31,18;33,46;53,1;8,0;23,74;41,19;8,6;68,46;60,77
48056;Lemoiz;18,26;14,97;7,42;1,45;23938,0;37,98;47,54;8,47;19,71;2,24;16,99;44,5;47,77;5,62;21,6;58,47;8,86;70,65;62,33
48057;Lekeitio;13,32;24,59;11,33;0,92;22148,0;36,16;49,05;5,01;21,24;2,07;25,13;45,18;43,79;8,1;19,25;46,5;7,19;63,2;48,54
48058;Mallabia;14,41;22,14;6,61;0,86;23116,0;34,67;53,6;3,29;21,32;1,32;40,19;32,87;52,87;4,56;19,25;40,48;6,46;73,28;56,26
48059;Mañaria;18,6;20,15;7,39;1,24;22392,0;37,38;48,36;5,84;20,55;2,77;38,34;40,66;48,13;12,84;20,72;46,85;4,69;73,05;58,99
48060;Markina-Xemein;17,93;20,81;17,5;1,39;21307,0;36,32;51,7;3,78;25,42;4,76;39,49;35,64;50,85;14,29;22,01;39,97;6,85;66,58;53,39
48061;Maruri-Jatabe;17,41;17,91;6,64;1,46;30169,0;35,45;54,4;3,23;22,13;2,51;16,91;53,28;40,61;7,09;20,62;57,14;5,41;65,68;56,67
48062;Mendata;15,6;21,88;8,38;1,2;22680,0;35,47;51,99;3,06;29,55;3,98;25,57;47,65;46,47;8,58;21,3;50,89;6,19;75,52;58,43
48063;Mendexa;14,13;20,89;9,15;0,97;23425,0;40,16;44,81;8,47;33,68;3,63;26,94;39,46;50,27;7,35;23,88;48,29;6,4;68,35;53,7
48064;Meñaka;14,85;23,86;3,81;0,93;25178,0;34,35;55,47;4,41;19,76;3,29;20,36;43,4;46,54;6,03;18,53;50,88;5,06;68,84;53,53
48065;Ugao-Miraballes;15,77;20,81;12,33;1,3;20052,0;32,85;53,74;5,47;13,33;0,28;28,8;31,7;53,4;12,23;23,44;35,81;11,34;66,75;56,14
48066;Morga;10,29;27,12;5,77;1,35;24123,0;36,66;50,13;3,77;25,53;6,91;17,55;35,96;51,69;14,74;23,16;42,37;6,05;78,29;57,18
48067;Muxika;18,14;19,68;9,16;1,04;22102,0;32,58;55,78;4,25;24,19;2,16;28,7;45,65;46,94;6,25;20,47;45,0;8,5;66,9;55,78
48068;Mundaka;13,36;27,23;7,71;0,83;26236,0;35,34;50,19;4,7;20,08;2,2;20,08;53,63;37,5;6,13;19,87;51,69;7,58;68,54;49,19
48069;Mungia;17,91;17,14;14,76;1,11;25155,0;35,58;52,5;5,43;17,88;1,64;21,82;45,19;42,86;7,13;22,17;50,01;8,06;68,33;59,05
48070;Aulesti;15,31;25,41;9,7;1,0;20782,0;36,14;48,5;4,68;26,98;3,57;34,52;33,88;49,17;13,17;22,42;39,32;5,07;69,13;49,37
48071;Muskiz;15,32;19,42;9,05;1,01;20835,0;33,56;52,14;6,32;11,96;0,54;28,37;33,66;55,22;10,52;22,38;42,65;11,07;65,07;56,4
48072;Otxandio;20,03;20,3;13,69;1,58;20702,0;35,05;51,33;5,33;23,01;2,72;36,59;41,01;48,94;11,53;20,27;42,07;8,1;71,41;56,14
48073;Ondarroa;13,03;25,2;11,67;1,1;20242,0;36,46;49,39;4,35;23,09;6,29;34,05;34,66;51,4;14,16;20,67;35,85;8,75;64,84;49,2
48074;Urduña/Orduña;16,37;21,31;13,79;1,14;19844,0;35,79;51,23;4,59;16,67;1,95;35,66;27,43;55,93;10,94;25,83;37,73;13,44;59,39;51,18
48075;Orozko;14,9;19,11;8,29;0,92;22832,0;37,73;50,96;3,86;16,07;3,09;30,84;35,52;51,34;14,98;23,91;46,01;10,22;66,98;57,82
48076;Sukarrieta;8,9;29,51;7,69;0,57;31149,0;33,97;54,29;5,71;25,87;2,1;18,88;59,57;36,88;5,47;17,63;63,53;6,83;67,26;49,39
48077;Plentzia;14,68;19,41;12,6;1,11;25266,0;36,77;50,23;5,94;21,08;0,79;15,64;49,81;41,83;5,93;22,88;58,02;9,49;64,63;54,87
48078;Portugalete;12,66;26,27;11,56;1,0;20287,0;32,94;51,3;5,35;13,02;0,17;20,82;35,14;52,16;13,54;21,48;38,92;12,54;64,83;50,82
48079;Errigoiti;14,04;22,13;8,65;0,52;22458,0;39,54;49,66;4,37;27,44;3,27;22,9;45,18;43,65;7,66;21,85;48,42;8,61;71,7;54,95
48080;Valle de Trápaga-Trapagaran;12,97;23,3;7,47;0,94;19694,0;33,22;51,81;5,98;13,18;0,24;22,3;31,16;55,86;11,87;23,18;36,87;11,27;66,86;54,07
48081;Lezama;16,54;20,44;9,26;1,05;25406,0;32,5;54,87;5,16;18,21;2,3;21,06;47,26;42,23;6,98;20,01;52,76;7,11;72,1;57,03
48082;Santurtzi;14,24;22,48;10,83;1,15;19742,0;33,66;51,39;5,72;12,65;0,32;22,16;32,36;55,16;12,54;22,29;37,83;14,03;63,34;53,74
48083;Ortuella;14,67;21,41;10,08;1,22;18493,0;33,89;51,29;6,68;12,33;0,26;26,3;27,42;59,88;13,11;22,81;34,87;13,96;62,67;54,4
48084;Sestao;14,26;22,23;19,4;1,07;16895,0;35,82;47,79;5,99;11,28;0,38;22,76;24,97;57,28;15,26;23,5;29,94;15,82;59,72;52,21
48085;Sopela;18,48;15,59;8,86;1,17;25661,0;36,26;52,2;6,2;18,05;0,44;16,21;54,38;39,61;4,73;24,26;56,0;7,49;70,3;61,82
48086;Sopuerta;16,3;19,72;9,54;0,97;20543,0;35,54;50,07;5,72;19,18;1,65;26,04;32,28;57,46;11,2;24,34;44,61;9,66;63,32;54,41
48087;Trucios-Turtzioz;10,5;23,78;6,56;0,8;19609,0;39,56;48,13;5,93;22,71;5,8;30,92;21,03;62,56;11,56;23,13;35,55;11,67;63,86;51,61
48088;Ubide;12,37;13,41;15,03;0,85;20583,0;46,21;42,76;4,14;12,64;4,6;26,44;32,53;50,6;9,21;25,0;48,03;8,7;66,67;60,93
48089;Urduliz;18,11;15,06;8,05;1,54;23634,0;35,38;53,32;5,64;15,59;0,49;18,55;49,94;43,07;7,07;19,41;57,68;7,39;68,97;64,27
48090;Balmaseda;15,78;22,07;13,31;1,07;18073,0;33,29;51,51;5,57;17,09;0,55;24,81;31,2;57,64;11,6;23,45;35,98;14,72;61,08;52,74
48091;Atxondo;13,77;24,35;8,89;0,85;22900,0;34,52;52,39;5,55;20,37;2,21;35,65;32,28;51,75;8,84;21,93;37,45;6,13;70,29;52,28
48092;Bedia;13,9;20,2;10,56;0,97;21850,0;34,92;51,03;5,99;16,96;0,79;27,22;33,6;54,18;9,28;22,2;42,48;9,03;68,39;56,24
48093;Areatza;18,67;16,88;17,13;1,27;19759,0;37,06;48,25;6,59;18,01;2,63;25,56;36,83;48,91;10,52;23,56;44,32;9,0;64,62;56,44
48094;Igorre;18,0;20,53;16,15;1,26;19874,0;30,73;57,07;4,16;20,9;1,81;33,9;36,71;49,72;11,64;22,71;38,32;9,67;64,67;53,33
48095;Zaldibar;17,79;19,91;13,4;1,24;21740,0;33,62;54,51;4,31;13,15;0,88;42,02;27,71;53,48;11,57;22,44;36,12;9,58;65,0;54,47
48096;Zalla;15,03;21,57;11,46;0,99;20519,0;31,71;54,46;5,67;17,88;2,56;25,35;32,08;56,22;11,0;25,69;37,84;12,35;64,91;54,7
48097;Zaratamo;14,55;19,66;7,79;1,3;19978,0;38,62;47,1;5,94;15,25;0,71;24,44;31,19;54,33;11,88;23,06;36,63;12,08;68,42;58,97
48901;Derio;18,46;16,55;10,55;1,18;22187,0;33,62;53,66;5,77;13,84;0,49;24,95;37,88;49,38;10,73;22,03;45,66;6,59;70,27;60,84
48902;Erandio;14,62;21,05;14,6;0,99;18246,0;35,56;49,74;5,78;14,69;0,57;20,18;27,3;55,62;12,19;25,22;34,15;10,23;67,29;56,17
48903;Loiu;16,69;21,01;12,93;1,08;29006,0;36,19;50,55;5,37;20,91;0,58;18,2;48,58;42,38;9,24;22,57;51,92;5,81;69,48;54,8
48904;Sondika;15,51;20,02;10,28;1,08;24870,0;35,34;51,68;5,53;16,48;0,25;21,03;43,33;46,09;7,58;23,59;48,07;7,24;68,42;56,77
48905;Zamudio;15,69;21,41;16,24;1,2;21454,0;34,8;51,57;4,77;16,42;2,08;24,67;35,84;50,18;12,05;23,03;38,35;8,51;65,72;55,26
48906;Forua;14,89;23,86;9,05;1,17;22426,0;36,67;50,99;3,46;19,3;1,61;25,81;44,92;40,4;6,84;21,13;46,94;9,43;68,69;51,33
48907;Kortezubi;17,82;18,71;8,69;0,75;22274,0;34,25;56,08;4,42;27,88;7,21;23,08;45,92;43,37;10,34;20,95;49,34;6,48;69,66;58,38
48908;Murueta;15,56;17,36;7,07;1,51;25671,0;33,33;57,14;4,03;22,15;1,27;26,58;50,99;43,05;4,29;22,14;60,36;5,52;75,12;58,84
48909;Nabarniz;15,59;22,21;6,46;1,46;20691,0;34,21;53,07;5,26;27,05;5,74;28,69;40,52;49,14;5,19;22,51;46,75;6,4;74,05;54,11
48910;Iurreta;16,04;22,0;15,38;1,16;20395,0;33,71;52,76;4,24;16,3;1,63;36,01;28,14;52,66;11,02;21,3;36,62;9,02;67,45;54,62
48911;Ajangiz;15,23;22,63;2,84;1,1;24655,0;37,41;53,06;1,71;32,86;2,35;28,64;49,25;44,22;5,06;17,35;54,94;2,71;76,24;53,77
48912;Alonsotegi;14,89;21,14;10,77;1,17;18763,0;36,45;48,74;6,7;15,44;1,15;24,38;31,12;54,66;9,36;23,71;36,69;14,11;65,63;56,2
48913;Zierbena;13,27;18,93;4,9;0,97;25254,0;36,01;49,19;7,09;14,86;1,51;22,7;35,98;53,68;6,25;23,89;49,21;7,66;72,06;60,58
48914;Arratzu;16,52;25,25;5,73;0,93;25778,0;30,09;55,59;5,44;21,47;1,05;27,23;56,83;37,16;5,01;14,76;54,32;7,46;77,18;56,62
48915;Ziortza-Bolibar;16,75;24,05;5,75;1,58;21200,0;40,0;49,39;3,33;27,71;4,82;39,76;34,81;62,03;11,78;20,98;42,24;4,95;72,69;52,6
49002;Abezames;10,17;35,25;3,39;0,88;17221,0;33,93;51,79;5,36;32,35;20,59;14,71;28,57;64,29;17,86;21,43;33,93;6,45;100,0;55,36
49003;Alcañices;9,44;29,89;19,46;1,02;15636,0;34,94;47,34;6,35;24,02;8,55;16,86;21,2;66,75;23,53;17,25;21,08;8,91;69,8;49,7
49004;Alcubilla de Nogales;5,14;49,54;0,0;0,7;15945,0;26,92;48,08;4,81;37,5;12,5;40,62;22,58;67,74;28,85;17,31;13,46;12,2;75,0;39,42
49005;Alfaraz de Sayago;7,33;35,0;0,83;0,7;16006,0;36,84;43,86;5,26;48,08;38,46;7,69;21,15;73,08;20,69;13,79;25,86;7,14;77,61;48,7
49006;Algodre;3,05;37,86;3,05;0,78;16783,0;33,08;46,92;5,38;28,12;14,06;26,56;22,95;68,85;3,82;12,98;25,95;16,67;75,34;50,38
49007;Almaraz de Duero;9,22;41,87;2,33;0,75;14864,0;28,65;53,44;2,75;17,42;5,3;27,27;26,77;58,27;30,08;13,28;21,41;10,67;71,28;41,1
49008;Almeida de Sayago;4,22;46,6;4,85;0,83;16194,0;31,59;49,25;3,73;37,23;24,09;18,98;20,74;67,41;27,63;15,4;18,58;13,25;74,23;40,79
49009;Andavías;8,74;37,09;3,7;0,74;14185,0;27,6;54,17;4,95;36,42;18,52;16,05;19,75;66,24;28,79;15,68;15,68;12,22;74,18;46,51
49010;Arcenillas;18,19;15,18;4,65;0,87;16576,0;35,5;51,22;6,5;26,32;5,26;19,3;31,36;55,91;8,8;21,07;36,53;7,92;79,74;71,43
49011;Arcos de la Polvorosa;5,5;30,71;2,37;0,7;16257,0;36,5;43,0;7,5;39,78;23,66;22,58;18,29;71,95;18,54;20,49;19,51;11,76;67,67;50,0
49012;Argañín;9,62;38,23;8,86;1,17;14518,0;37,68;49,28;0,0;28,57;25,0;7,14;25,0;67,86;17,39;27,54;14,49;13,89;79,49;52,17
49013;Argujillo;6,23;48,19;1,86;1,35;13666,0;30,92;51,69;1,45;48,72;34,62;15,38;17,39;75,36;27,75;16,75;16,75;6,49;76,6;37,02
49014;Arquillinos;7,96;37,78;8,33;1,56;15197,0;34,62;47,12;5,77;36,54;21,15;11,54;25,53;65,96;21,9;15,24;29,52;7,55;87,5;50,48
49015;Arrabalde;2,47;55,59;3,76;0,0;14020,0;24,34;47,62;7,94;33,33;13,73;11,76;19,61;68,63;27,51;15,34;15,34;25,93;57,97;28,57
49016;Aspariegos;4,41;36,13;4,05;0,37;12926,0;37,26;41,51;6,6;36,67;26,97;7,87;10,26;76,92;20,0;11,36;18,18;13,21;71,88;48,62
49017;Asturianos;4,29;45,16;8,73;0,64;20678,0;32,52;49,59;6,1;28,95;2,63;15,79;32,88;64,38;31,1;13,39;20,08;15,73;62,5;35,04
49018;Ayoó de Vidriales;6,14;54,02;3,41;1,47;16448,0;30,47;48,44;3,52;36,05;13,95;23,26;19,75;62,96;35,14;12,74;16,99;11,83;85,42;35,91
49019;Barcial del Barco;7,64;34,8;7,09;0,49;12437,0;33,62;51,29;3,45;29,89;31,03;20,69;14,29;64,94;22,69;20,59;17,65;12,73;66,67;46,41
49020;Belver de los Montes;4,05;41,75;2,78;0,52;13997,0;31,51;53,36;3,78;42,86;25,51;12,24;26,37;65,93;21,54;10,16;23,58;12,39;76,15;46,12
49021;Benavente;15,03;20,19;10,41;1,01;14918,0;35,7;47,97;7,71;20,21;3,04;19,59;26,09;61,5;13,3;22,64;24,37;13,66;65,05;56,55
49022;Benegiles;4,64;35,66;3,75;0,48;15533,0;37,65;48,63;3,53;38,26;33,04;14,78;12,38;66,67;27,52;20,54;17,83;10,24;75,5;49,22
49023;Bermillo de Sayago;9,38;32,16;10,5;0,94;16403,0;32,46;47,93;6,75;35,75;21,01;16,91;25,06;65,85;21,64;20,27;23,32;6,84;71,89;47,89
49024;Bóveda de Toro, La;7,38;33,97;10,15;0,75;14617,0;30,6;51,69;5,48;43,59;20,96;23,16;21,16;66,8;29,61;14,42;17,98;5,86;72,8;48,12
49025;Bretó;3,56;45,03;4,91;0,74;15976,0;37,74;44,03;6,92;38,24;23,53;23,53;19,7;71,21;23,46;14,2;27,78;6,85;82,93;45,34
49026;Bretocino;2,37;44,95;4,64;0,0;13147,0;40,53;45,26;3,68;21,88;23,44;14,06;16,67;65,0;35,9;12,82;13,85;14,86;64,95;38,54
49027;Brime de Sog;3,68;47,89;5,26;0,0;14678,0;28,44;40,37;2,75;30,3;9,09;33,33;21,21;75,76;28,07;14,04;18,42;21,43;61,11;36,84
49028;Brime de Urz;1,03;47,01;3,09;1,0;15002,0;38,14;37,11;4,12;30,0;16,67;16,67;17,86;75,0;20,41;11,22;20,41;15,91;77,08;44,9
49029;Burganes de Valverde;6,51;35,28;3,2;0,47;13886,0;33,97;49,3;5,23;34,17;21,67;21,67;13,91;66,96;26,93;13,72;13,72;12,5;74,02;48,19
49030;Bustillo del Oro;3,47;42,13;4,0;1,0;17221,0;28,57;59,74;3,9;33,33;33,33;11,11;32,14;53,57;22,08;14,29;31,17;7,89;89,74;49,35
49031;Cabañas de Sayago;4,2;42,24;2,1;0,0;16642,0;33,56;50,0;4,11;18,52;27,78;18,52;11,76;62,75;22,15;14,77;19,46;7,69;78,95;43,92
49032;Calzadilla de Tera;6,26;51,29;5,4;1,56;14015,0;19,7;52,27;7,95;25,0;13,75;17,5;15,19;68,35;32,97;10,62;15,02;11,83;74,55;34,07
49033;Camarzana de Tera;8,16;35,33;11,28;0,83;16395,0;33,24;45,43;5,81;33,2;13,73;22,35;24,29;61,54;29,51;15,24;18,32;15,79;62,14;42,88
49034;Cañizal;7,38;40,44;7,09;1,49;14712,0;30,03;53,18;3,56;35,48;13,64;20,13;17,93;74,48;20,2;17,42;14,9;10,56;78,92;45,69
49035;Cañizo;2,94;44,67;1,02;0,28;18026,0;32,65;51,53;5,1;32,18;26,44;13,79;23,38;68,83;16,75;22,84;26,9;4,6;83,84;44,39
49036;Carbajales de Alba;4,02;49,49;8,55;1,0;15106,0;29,41;48,64;5,88;34,27;11,89;18,18;25,0;67,65;39,25;14,25;17,54;11,69;67,0;33,85
49037;Carbellino;4,27;39,55;9,55;0,78;15933,0;38,15;46,82;5,2;39,51;33,33;29,63;11,69;67,53;19,77;16,95;19,21;5,95;80,61;47,73
49038;Casaseca de Campeán;4,67;33,33;5,56;0,0;16572,0;36,05;44,19;8,14;31,43;11,43;31,43;15,15;78,79;23,86;18,18;29,55;14,29;76,36;55,68
49039;Casaseca de las Chanas;12,6;24,83;5,09;0,92;16979,0;32,42;51,99;6,12;23,08;13,81;28,18;22,54;65,32;12,8;17,38;28,05;9,9;75,55;58,72
49040;Castrillo de la Guareña;9,71;26,47;15,44;2,0;16742,0;29,36;60,55;1,83;37,29;38,98;10,17;16,98;62,26;15,79;18,42;33,33;8,47;64,29;51,75
49041;Castrogonzalo;6,79;31,82;3,7;0,83;14789,0;32,33;48,37;6,02;32,8;16,13;26,88;17,96;71,26;22,71;17,63;16,91;13,24;69,14;49,64
49042;Castronuevo;3,98;40,65;2,31;0,7;13779,0;35,75;51,21;1,45;40,24;24,39;21,95;30,99;60,56;25,71;16,19;26,19;6,19;80,53;46,63
49043;Castroverde de Campos;4,92;40,57;7,38;1,4;16682,0;38,14;46,19;4,66;36,36;18,18;23,23;15,62;66,67;23,29;20,48;18,07;11,65;72,22;41,87
49044;Cazurra;3,61;43,61;2,78;1,0;16572,0;28,77;50,68;6,85;40,0;16,67;13,33;50,0;42,86;16,44;15,07;32,88;0,0;86,49;43,84
49046;Cerecinos de Campos;2,76;34,14;6,9;0,19;17220,0;41,15;42,04;3,98;40,0;39,05;14,29;15,79;65,26;22,61;18,26;26,96;15,79;69,57;49,57
49047;Cerecinos del Carrizal;12,68;30,36;14,29;1,94;16553,0;42,0;43,0;3,0;40,91;38,64;15,91;17,07;68,29;22,33;18,45;16,5;5,77;76,56;50,98
49048;Cernadilla;1,9;51,24;4,76;0,58;19206,0;27,78;49,07;9,26;26,32;7,89;15,79;31,58;50,0;28,7;16,67;25,93;9,76;84,09;37,96
49050;Cobreros;9,06;31,82;7,55;0,64;15644,0;35,25;44,67;8,61;27,04;6,63;20,41;22,46;68,98;22,75;18,36;20,56;13,73;64,84;46,79
49052;Coomonte;6,56;34,11;1,11;0,39;13697,0;28,14;46,11;7,78;38,03;28,17;16,9;14,29;69,84;16,57;21,89;16,57;9,41;74,76;50,6
49053;Coreses;11,38;25,82;7,84;1,39;14911,0;30,49;53,01;5,57;24,28;13,14;23,16;18,27;62,26;23,21;16,35;20,46;10,31;69,64;55,15
49054;Corrales del Vino;10,47;30,36;7,49;0,65;14462,0;32,04;48,13;7,5;28,41;13,69;22,07;20,47;69,88;24,0;16,9;21,39;11,27;66,42;48,51
49055;Cotanes del Monte;2,5;36,25;3,75;0,64;17221,0;30,49;51,22;7,32;43,24;38,89;13,89;20,0;66,67;22,89;20,48;22,89;11,11;88,89;54,88
49056;Cubillos;9,69;34,13;3,41;1,63;14962,0;30,83;51,88;4,89;31,62;16,24;27,35;23,42;67,57;22,3;14,13;19,7;16,79;70,81;50,93
49057;Cubo de Benavente;3,08;43,93;5,13;0,64;17290,0;30,43;52,17;5,22;39,02;9,76;26,83;19,51;60,98;33,33;13,68;17,95;7,69;81,36;44,83
49058;Cubo de Tierra del Vino, El;8,2;33,63;4,41;0,83;14910,0;34,16;49,11;7,12;35,34;23,28;21,55;20,54;64,29;13,43;12,37;16,61;12,32;73,33;48,76
49059;Cuelgamures;0,0;46,67;2,56;0,0;16572,0;28,4;60,49;3,7;61,54;53,85;11,54;8,7;86,96;18,52;20,99;6,17;30,3;60,53;40,74
49061;Entrala;5,41;35,04;8,27;0,78;15039,0;30,08;55,28;5,69;32,76;10,34;15,52;12,73;80,0;17,07;19,51;19,51;10,94;77,03;52,03
49062;Espadañedo;5,14;35,96;1,83;0,7;13386,0;38,38;42,42;6,06;33,33;16,67;25,0;8,33;72,22;17,82;15,84;9,9;12,82;58,62;38,61
49063;Faramontanos de Tábara;7,7;38,42;5,99;1,45;13647,0;32,91;41,53;6,07;35,9;22,22;27,35;16,04;69,81;28,89;13,65;16,83;13,04;73,17;43,81
49064;Fariza;6,12;46,16;6,37;1,14;16467,0;28,02;51,72;6,68;47,37;28,65;19,88;20,83;72,62;30,04;14,92;21,64;10,44;73,76;38,32
49065;Fermoselle;8,55;37,03;17,35;1,08;14036,0;30,21;48,65;5,98;29,83;4,97;32,87;18,57;68,86;31,91;12,71;16,51;14,68;61,59;40,82
49066;Ferreras de Abajo;9,8;38,26;6,29;0,79;15582,0;32,22;47,49;3,34;26,39;13,89;28,47;20,57;63,83;26,89;15,8;16,04;12,21;64,81;40,86
49067;Ferreras de Arriba;8,1;38,81;2,27;1,06;16713,0;29,7;51,82;4,24;39,17;7,5;29,17;20,51;66,67;23,65;15,57;18,26;11,35;69,44;42,22
49068;Ferreruela;5,13;50,46;0,98;0,97;14144,0;40,81;40,55;3,53;42,97;16,41;23,44;20,97;65,32;40,2;12,16;12,41;10,07;75,76;34,58
49069;Figueruela de Arriba;3,42;52,9;1,61;1,0;16461,0;28,66;48,21;4,56;27,27;15,58;14,29;18,67;70,67;40,63;9,84;13,65;11,76;70,87;32,59
49071;Fonfría;5,29;38,79;9,7;1,43;16470,0;36,69;44,28;3,72;29,35;10,18;28,0;24,72;66,42;31,74;11,55;22,58;11,97;64,0;41,2
49075;Fresno de la Polvorosa;4,44;44,62;6,84;0,0;12410,0;38,18;33,64;6,36;44,44;33,33;2,78;9,38;68,75;30,97;17,7;13,27;10,53;60,71;34,23
49076;Fresno de la Ribera;9,79;25,99;5,2;0,94;16612,0;38,59;46,3;4,5;20,9;15,82;36,72;15,57;61,68;21,41;21,41;20,45;8,24;81,46;58,33
49077;Fresno de Sayago;4,2;33,19;2,17;0,35;16057,0;32,86;44,29;2,86;37,5;34,38;25,0;15,0;78,33;22,86;17,14;20,0;13,04;70,59;49,29
49078;Friera de Valverde;3,47;43,31;0,83;2,33;14138,0;32,23;45,45;1,65;44,44;33,33;17,78;4,65;76,74;34,4;20,8;8,8;4,35;75,86;37,1
49079;Fuente Encalada;3,44;38,06;15,05;0,58;15002,0;31,03;42,53;6,9;40,62;28,12;12,5;16,13;70,97;26,14;10,23;19,32;13,51;61,54;42,05
49080;Fuentelapeña;5,96;39,08;4,94;0,62;14264,0;31,42;50,27;3,41;39,02;21,14;20,73;18,58;63,27;25,0;15,67;14,26;6,44;81,25;46,73
49081;Fuentesaúco;12,85;26,88;12,16;1,32;13917,0;31,77;53,33;4,27;26,32;12,52;29,53;20,74;62,73;22,78;15,42;20,44;12,76;64,98;50,38
49082;Fuentes de Ropel;6,49;36,22;10,27;0,61;15325,0;36,2;45,4;6,53;30,67;16,67;19,33;18,18;67,83;21,74;21,74;22,9;8,07;70,14;47,08
49084;Fuentespreadas;5,39;41,72;1,87;0,38;14772,0;34,72;51,32;3,77;42,34;23,42;28,83;27,0;63,0;28,0;11,64;19,27;8,13;81,29;44,89
49085;Galende;8,81;31,01;11,95;0,93;15812,0;35,64;47,35;6,39;31,34;4,73;19,65;25,38;65,48;20,57;21,2;21,41;12,01;68,42;48,26
49086;Gallegos del Pan;5,59;31,36;7,63;2,33;16097,0;30,48;49,52;4,76;26,79;21,43;21,43;16,33;75,51;20,91;17,27;23,64;6,78;79,71;53,64
49087;Gallegos del Río;2,68;52,48;1,98;0,68;13001,0;31,64;49,56;2,43;31,01;17,05;32,56;8,87;79,03;44,32;8,95;9,39;10,34;67,71;31,66
49088;Gamones;6,89;45,33;2,22;0,0;14518,0;31,76;50,59;1,18;54,29;40,0;17,14;25,71;65,71;43,53;7,06;21,18;2,86;82,93;41,18
49090;Gema;7,62;39,9;9,9;0,47;16288,0;29,73;47,57;8,11;18,67;9,33;16,0;14,86;74,32;16,32;20,53;16,84;11,76;75,0;44,74
49091;Granja de Moreruela;4,61;38,17;9,13;1,21;15734,0;31,58;49,56;4,39;36,84;22,11;17,89;16,28;68,6;26,34;17,28;15,23;11,82;76,98;45,64
49092;Granucillo;4,0;46,1;9,52;0,0;15160,0;29,0;47,0;5,0;35,48;25,81;9,68;23,08;53,85;25,74;16,83;20,79;18,75;54,17;31,68
49093;Guarrate;9,27;32,51;10,16;0,46;16220,0;31,54;53,76;4,66;34,96;33,33;19,51;20,72;60,36;22,79;18,71;28,91;9,15;71,67;48,63
49094;Hermisende;2,57;51,33;6,19;0,58;16114,0;29,52;49,52;6,19;30,0;14,29;20,0;20,59;70,59;32,71;12,15;14,49;12,99;71,28;36,15
49095;Hiniesta, La;9,25;27,41;6,46;1,83;14793,0;31,62;49,26;6,99;26,06;10,56;23,24;17,04;68,89;17,44;14,23;22,06;13,33;79,44;59,14
49096;Jambrina;5,64;40,13;2,01;0,64;15160,0;35,46;45,39;6,38;31,75;19,05;20,63;25,45;70,91;20,98;17,48;20,98;8,57;80,0;49,3
49097;Justel;0,8;49,87;1,33;0,0;14405,0;38,67;29,33;10,67;20,0;10,0;26,67;20,0;70,0;32,47;3,9;16,88;6,67;77,78;38,96
49098;Losacino;4,79;50,11;2,66;2,0;15102,0;35,16;44,51;3,85;33,33;21,67;25,0;23,73;61,02;37,16;7,65;18,03;10,77;71,6;35,71
49100;Lubián;9,09;42,63;8,42;0,45;18049,0;23,51;56,72;8,58;16,04;8,49;19,81;25,74;66,34;26,87;19,4;15,3;14,66;73,88;43,28
49101;Luelmo;7,7;38,51;6,08;0,95;16364,0;30,88;50,0;5,88;61,82;45,45;7,27;18,52;61,11;30,94;15,11;18,71;14,49;75,64;50,0
49102;Maderal, El;3,51;38,13;2,34;0,7;15848,0;35,71;42,86;4,76;44,29;27,14;15,71;20,63;65,08;24,85;17,16;23,08;2,7;73,47;43,79
49103;Madridanos;11,42;31,94;6,03;1,11;14240,0;32,03;53,06;5,62;32,43;22,7;27,03;15,34;70,45;20,29;16,95;19,81;9,76;70,88;49,52
49104;Mahide;2,61;56,32;3,68;1,11;15114,0;31,23;48,17;3,32;36,36;11,69;20,78;21,33;64,0;39,74;12,05;14,01;14,77;70,09;28,66
49105;Maire de Castroponce;5,4;43,94;1,46;0,0;15350,0;33,59;48,09;0,76;29,09;23,64;18,18;15,09;67,92;28,79;16,67;22,73;5,36;79,1;42,75
49107;Malva;0,0;48,26;3,26;0,0;13016,0;33,67;46,94;7,14;54,84;38,71;6,45;20,83;62,5;27,27;17,17;19,19;13,16;78,57;38,38
49108;Manganeses de la Lampreana;6,09;36,77;4,55;0,8;15829,0;32,78;50,36;4,75;30,56;17,32;16,2;20,47;67,84;14,05;18,97;22,25;11,59;76,25;48,94
49109;Manganeses de la Polvorosa;14,09;24,06;4,22;1,7;14463,0;32,98;51,34;3,92;30,94;16,6;30,19;15,48;71,43;23,46;13,58;20,99;13,66;71,1;57,19
49110;Manzanal de Arriba;3,37;46,51;2,41;0,45;16376,0;32,94;47,77;4,75;38,1;11,43;23,81;24,51;66,67;27,35;14,71;20,59;19,69;67,11;37,35
49111;Manzanal del Barco;5,67;38,67;2,5;0,0;14551,0;33,33;48,78;2,44;33,33;16,67;20,83;19,57;71,74;16,8;20,8;15,2;9,62;72,31;41,6
49112;Manzanal de los Infantes;7,52;39,7;11,28;2,33;13181,0;29,51;54,1;5,74;15,91;15,91;25,0;15,91;61,36;25,0;8,59;22,66;18,18;69,23;42,97
49113;Matilla de Arzón;0,67;42,28;2,01;0,58;16898,0;35,06;48,7;3,9;43,33;31,67;25,0;22,03;69,49;19,35;18,71;19,35;12,33;81,01;47,1
49115;Mayalde;4,43;41,43;2,14;1,0;13151,0;38,89;44,44;4,17;35,94;32,81;18,75;19,3;73,68;26,9;13,1;16,55;13,24;83,1;46,9
49116;Melgar de Tera;4,25;47,13;3,89;1,03;15606,0;26,97;53,94;5,15;31,93;17,65;21,01;22,02;68,81;30,24;14,37;21,56;13,18;73,68;38,62
49117;Micereces de Tera;5,5;42,87;2,72;0,81;14968,0;27,88;57,29;3,58;35,67;20,38;21,02;17,24;68,97;28,75;13,99;13,99;11,31;75,25;42,75
49118;Milles de la Polvorosa;6,21;35,73;6,31;1,25;14892,0;38,74;43,98;3,14;34,18;24,05;16,46;16,67;61,11;17,71;19,27;20,31;15,22;67,83;47,92
49119;Molacillos;10,41;26,61;6,79;1,09;16733,0;32,38;52,86;5,24;25,66;22,12;19,47;18,52;66,67;4,67;17,29;16,36;4,92;82,86;57,55
49121;Mombuey;8,03;31,82;7,93;0,76;16286,0;33,33;46,94;5,83;27,54;2,4;29,94;20,37;67,9;19,45;16,44;22,74;13,26;68,56;49,73
49122;Monfarracinos;19,5;15,64;5,19;1,44;15170,0;33,09;52,04;9,54;23,32;8,61;23,53;26,48;62,14;12,73;23,03;27,39;10,83;72,75;66,95
49123;Montamarta;10,35;32,5;4,74;1,11;14505,0;33,27;51,72;4,67;33,79;22,37;18,72;15,87;70,19;30,26;16,43;21,84;12,65;72,7;51,11
49124;Moral de Sayago;9,4;32,48;3,76;1,53;13188,0;42,32;42,74;4,56;44,66;34,95;14,56;14,58;72,92;27,05;15,98;13,93;12,71;70,55;48,76
49125;Moraleja del Vino;15,94;19,28;4,66;0,93;15443,0;32,59;52,23;7,4;17,41;6,84;21,01;28,17;58,67;16,86;21,78;28,35;11,93;69,91;61,33
49126;Moraleja de Sayago;8,7;36,81;2,66;0,95;12956,0;34,18;40,73;5,09;30,1;34,95;14,56;6,93;82,18;27,34;14,39;16,19;7,96;65,41;40,79
49127;Morales del Vino;17,12;16,57;5,33;1,18;19083,0;36,42;50,59;7,85;17,91;2,86;18,68;38,31;51,88;12,11;18,54;39,44;8,12;71,07;60,43
49128;Morales de Rey;8,23;36,19;8,11;1,03;13402,0;30,0;50,62;4,17;33,14;12,21;25,0;23,93;62,58;28,07;13,73;18,44;18,14;62,41;44,24
49129;Morales de Toro;12,12;26,22;9,4;0,93;12391,0;37,35;45,21;6,27;37,84;33,42;21,13;13,69;67,32;21,03;15,02;17,19;8,8;75,22;56,28
49130;Morales de Valverde;3,97;53,85;5,13;1,0;15561,0;29,45;51,37;4,79;30,43;17,39;17,39;21,74;71,74;37,84;13,51;14,19;12,24;72,88;33,11
49131;Moralina;1,8;36,78;4,74;0,0;18622,0;38,5;45,54;3,29;40,43;17,02;21,28;32,22;60,0;21,5;11,68;27,1;8,77;85,95;53,27
49132;Moreruela de los Infanzones;7,07;37,22;3,47;0,45;12530,0;29,57;51,83;3,65;47,06;42,02;15,13;20,39;62,14;24,84;18,95;12,42;10,64;72,41;46,23
49133;Moreruela de Tábara;6,28;41,72;4,83;0,39;15699,0;36,06;45,35;2,6;50,96;43,27;12,5;12,37;82,47;27,84;12,45;17,95;6,03;74,15;42,65
49134;Muelas de los Caballeros;3,7;39,57;4,89;0,82;15749,0;29,61;44,69;8,94;30,14;21,92;32,88;19,18;65,75;25,0;19,02;18,48;11,11;74,23;44,26
49135;Muelas del Pan;7,95;39,39;4,23;1,58;17453,0;31,61;53,21;5,0;19,27;7,34;22,94;27,96;58,77;17,19;19,1;26,74;13,44;73,49;43,92
49136;Muga de Sayago;7,04;32,7;11,95;0,52;17615,0;37,84;45,27;3,38;32,89;13,82;21,71;30,0;61,33;22,15;18,24;32,25;6,92;79,14;51,96
49137;Navianos de Valverde;5,22;37,83;5,1;0,0;16666,0;32,69;47,44;5,13;37,5;28,12;32,81;7,02;75,44;21,66;16,56;10,83;6,94;78,82;45,86
49138;Olmillos de Castro;1,76;53,08;2,2;0,0;14016,0;30,85;45,21;3,72;40,98;26,23;18,03;18,52;68,52;47,64;10,47;13,61;13,51;83,12;38,95
49139;Otero de Bodas;4,34;53,98;7,83;0,33;17464,0;30,43;41,61;10,56;23,91;4,35;15,22;17,39;76,09;31,9;13,5;23,31;9,09;78,12;33,74
49141;Pajares de la Lampreana;4,47;42,06;1,77;0,2;13406,0;33,95;50,55;3,32;37,38;23,36;13,08;26,6;64,89;30,29;15,69;22,63;12,61;66,9;40,81
49142;Palacios del Pan;8,92;39,6;2,01;1,2;15376,0;25,0;55,91;8,64;30,12;10,84;20,48;12,66;70,89;21,43;16,96;21,88;8,65;79,17;46,64
49143;Palacios de Sanabria;8,14;35,42;10,17;0,45;15383,0;32,86;43,81;9,05;27,06;9,41;20,0;24,1;57,83;23,72;18,14;18,6;14,58;62,6;44,86
49145;Pedralba de la Pradería;11,21;41,82;12,12;1,84;15435,0;29,05;53,07;3,35;28,57;14,29;40,82;12,77;74,47;36,76;16,76;10,81;10,71;55,56;30,43
49146;Pego, El;5,07;37,46;5,22;0,23;15939,0;27,88;57,62;3,35;33,87;29,03;15,32;13,64;63,64;25,64;19,05;22,34;5,47;81,76;46,89
49147;Peleagonzalo;10,46;35,72;9,82;1,66;14235,0;28,4;49,03;2,72;28,45;13,79;31,03;14,42;74,04;22,26;12,83;17,36;5,83;77,93;45,45
49148;Peleas de Abajo;7,85;49,07;6,48;1,75;15142,0;28,26;42,17;3,91;18,67;18,67;21,33;21,74;71,01;27,85;20,25;14,77;18,75;76,47;40,68
49149;Peñausende;10,62;27,15;8,81;2,12;15387,0;32,58;49,29;3,97;25,9;22,29;23,49;22,09;61,35;28,97;14,21;22,28;12,44;72,22;54,21
49150;Peque;2,88;54,41;4,5;0,64;15292,0;28,57;52,1;1,68;36,36;6,06;15,15;30,3;60,61;40,34;10,92;15,97;5,56;72,34;30,25
49151;Perdigón, El;11,82;26,67;3,72;0,97;15596,0;30,52;54,66;5,0;29,93;11,68;23,36;25,0;63,85;19,97;18,44;23,52;11,67;64,16;51,28
49152;Pereruela;7,8;33,08;6,8;0,68;15295,0;35,79;49,24;4,56;36,76;26,47;26,47;17,28;69,63;23,73;19,49;21,19;10,67;69,31;47,97
49153;Perilla de Castro;2,53;44,67;7,33;0,54;17787,0;35,25;47,48;9,35;32,26;17,74;20,97;21,67;56,67;27,08;15,97;20,83;11,29;73,33;43,66
49154;Pías;3,08;43,96;4,4;0,0;14405,0;32,97;41,76;6,59;33,33;29,63;29,63;11,11;70,37;40,86;12,9;5,38;25,71;54,17;38,04
49155;Piedrahita de Castro;5,58;34,42;2,88;0,0;17844,0;38,38;51,52;1,01;16,67;26,19;14,29;23,08;61,54;21,78;14,85;26,73;15,69;70,49;50,5
49156;Pinilla de Toro;0,86;45,38;1,61;0,41;18015,0;33,51;48,17;6,28;43,59;24,36;17,95;22,73;60,61;23,2;15,46;27,84;13,33;85,71;46,39
49157;Pino del Oro;3,47;38,38;0,0;1,52;16531,0;31,55;50,0;4,76;23,19;5,88;25,0;18,75;75,0;24,4;14,29;21,43;7,41;78,95;48,21
49158;Piñero, El;10,0;36,42;4,72;1,3;14300,0;41,03;48,21;2,56;32,56;24,42;23,26;13,75;70,0;16,67;17,68;20,71;6,02;72,22;42,13
49159;Pobladura del Valle;7,24;32,84;7,46;0,95;15703,0;40,24;44,22;7,17;23,85;9,17;22,94;14,15;68,87;17,58;21,09;18,75;12,1;71,24;48,44
49162;Porto;2,88;37,26;4,79;0,54;20825,0;32,89;42,76;7,24;21,54;4,62;32,31;23,81;63,49;23,68;16,45;24,34;7,79;85,54;50,66
49163;Pozoantiguo;4,02;48,47;2,65;0,47;15493,0;29,26;48,4;4,79;40,91;25,76;12,12;30,65;53,23;30,89;14,14;19,9;17,81;75,0;38,22
49164;Pozuelo de Tábara;4,53;36,8;13,33;0,35;14225,0;38,64;46,97;9,09;30,61;22,45;14,29;20,0;68,89;30,94;20,14;14,39;15,25;58,82;42,75
49166;Puebla de Sanabria;10,55;26,22;8,79;1,02;17983,0;35,07;48,61;6,77;26,26;1,14;16,8;24,79;63,07;15,8;23,14;30,25;9,01;72,37;55,48
49167;Pueblica de Valverde;3,58;51,45;2,31;1,0;12781,0;31,21;53,76;1,16;44,0;22,0;22,0;11,36;81,82;34,48;14,37;13,79;16,95;69,01;33,91
49168;Quintanilla del Monte;4,95;40,86;10,75;1,27;17221,0;26,37;58,24;6,59;35,71;30,95;9,52;33,33;53,85;26,09;9,78;25,0;4,55;93,33;47,83
49170;Quintanilla de Urz;5,71;36,94;5,1;0,64;15002,0;35,23;46,59;4,55;25,64;15,38;38,46;10,53;84,21;15,22;20,65;18,48;11,11;76,92;48,91
49171;Quiruelas de Vidriales;8,32;39,0;4,21;1,18;14909,0;29,9;54,64;4,12;31,11;18,67;18,22;17,21;69,77;27,41;12,69;20,64;15,09;73,05;45,14
49172;Rabanales;4,14;40,84;7,23;0,58;15639,0;37,58;47,73;1,51;39,04;18,72;21,93;24,04;65,03;32,56;12,9;18,6;6,25;74,14;44,07
49173;Rábano de Aliste;7,88;42,18;6,09;1,0;13346,0;35,42;47,92;1,39;32,93;17,07;25,61;12,5;71,25;40,6;9,06;12,42;16,49;52,6;32,77
49174;Requejo;4,53;41,7;16,98;0,0;14037,0;28,04;46,73;10,28;34,15;7,32;17,07;22,22;63,89;18,92;18,02;17,12;7,14;72,22;38,18
49175;Revellinos;10,93;33,51;10,67;1,81;14943,0;36,54;47,12;5,29;43,16;46,32;25,26;12,94;63,53;29,38;9,48;11,85;6,93;78,99;48,33
49176;Riofrío de Aliste;4,07;46,32;2,72;0,34;16009,0;33,22;49,3;3,67;31,86;12,75;34,8;13,64;72,73;15,66;19,97;14,11;12,78;71,48;39,41
49177;Rionegro del Puente;2,32;41,25;4,02;0,25;15015,0;38,84;44,2;5,8;23,53;8,24;40,0;25,0;69,05;27,88;12,83;23,01;11,22;72,5;43,36
49178;Roales;18,58;15,5;6,63;1,24;16695,0;35,73;52,16;6,0;19,25;3,14;24,95;26,08;61,81;11,96;24,85;32,71;7,07;76,9;67,22
49179;Robleda-Cervantes;8,31;32,17;11,9;0,37;15673,0;33,05;50,28;6,5;31,08;4,73;27,03;25,17;61,54;25,47;16,26;24,39;18,79;60,09;45,33
49180;Roelos de Sayago;2,79;43,09;4,41;0,41;17871,0;36,57;47,76;2,24;24,49;18,37;28,57;27,08;68,75;25,0;17,65;33,09;12,28;70,42;41,91
49181;Rosinos de la Requejada;3,36;49,32;2,05;0,78;15829,0;33,9;46,1;4,41;38,37;17,44;20,93;15,48;75,0;37,97;10,51;15,93;11,11;68,75;33,56
49183;Salce;4,82;40,0;3,61;2,33;14518,0;30,0;43,75;3,75;34,62;23,08;23,08;4,17;87,5;18,75;16,25;17,5;3,57;62,79;35,0
49184;Samir de los Caños;3,67;40,25;5,7;0,0;18591,0;35,48;49,68;3,87;28,12;7,81;29,69;22,58;64,52;24,36;13,46;18,59;13,43;69,05;43,23
49185;San Agustín del Pozo;5,98;31,22;9,76;0,82;16011,0;45,45;41,56;1,95;43,75;42,5;16,25;13,33;69,33;21,88;18,75;16,25;7,95;84,38;55,7
49186;San Cebrián de Castro;2,47;44,54;6,77;0,91;15333,0;34,91;47,41;6,03;35,29;24,71;10,59;23,29;67,12;22,95;20,49;25,82;14,81;74,8;44,44
49187;San Cristóbal de Entreviñas;11,33;28,91;2,18;0,99;14607,0;32,8;54,13;4,3;34,05;21,57;26,02;19,81;69,71;23,9;18,76;18,92;10,78;71,73;53,83
49188;San Esteban del Molar;5,25;30,34;17,8;0,0;22574,0;32,04;52,43;1,94;57,14;36,73;22,45;18,18;68,18;19,81;18,87;15,09;12,96;65,28;50,94
49189;San Justo;8,31;34,01;8,21;0,47;15688,0;36,27;46,63;5,18;28,12;10,94;28,12;18,75;60,94;31,55;12,14;16,02;16,46;58,93;38,73
49190;San Martín de Valderaduey;1,28;42,55;6,38;0,0;17221,0;24,44;51,11;2,22;38,1;28,57;14,29;15,79;73,68;26,67;11,11;22,22;10,53;68,0;42,22
49191;San Miguel de la Ribera;6,48;41,58;3,56;1,62;15550,0;31,51;53,36;5,04;37,11;29,9;12,37;25,81;61,29;24,69;11,52;20,99;12,26;75,61;43,98
49192;San Miguel del Valle;10,32;36,45;4,03;1,24;15102,0;31,53;50,45;6,31;34,04;25,53;34,04;13,33;66,67;19,47;15,93;14,16;11,32;74,6;46,9
49193;San Pedro de Ceque;3,87;41,24;9,07;0,38;13742,0;31,03;49,01;5,42;32,82;8,4;32,06;11,2;75,2;28,88;15,29;16,26;25,7;59,64;43,55
49194;San Pedro de la Nave-Almendra;4,79;41,14;5,05;0,33;14122,0;29,07;54,31;4,79;47,24;37,8;12,6;20,0;65,22;29,56;15,72;16,67;16,78;74,38;45,11
49197;Santa Clara de Avedillo;7,97;44,05;2,61;0,82;13792,0;25,34;56,85;4,79;44,83;28,07;12,28;23,4;68,09;14,97;17,01;23,81;6,56;85,07;41,78
49199;Santa Colomba de las Monjas;7,76;44,14;2,53;1,33;14420,0;27,78;51,39;7,87;18,99;15,19;18,99;20,27;75,68;24,2;16,44;21,92;13,95;67,27;39,27
49200;Santa Cristina de la Polvorosa;12,23;29,89;4,35;1,19;14983,0;34,64;50,0;5,23;17,13;9,57;40,3;16,71;62,72;27,01;14,68;15,22;13,04;67,91;49,78
49201;Santa Croya de Tera;7,8;49,21;1,57;2,33;17595,0;29,1;52,46;1,23;42,5;12,5;36,25;37,18;55,13;26,61;16,53;20,56;8,33;76,24;34,01
49202;Santa Eufemia del Barco;3,31;40,95;3,55;0,5;13500,0;41,61;39,75;1,86;32,26;22,58;17,74;15,79;63,16;32,73;12,73;14,55;7,25;69,57;41,82
49203;Santa María de la Vega;3,95;42,21;3,8;0,0;13662,0;32,0;47,64;4,36;31,43;14,29;22,86;17,89;69,47;32,49;11,91;18,05;13,01;78,68;44,57
49204;Santa María de Valverde;0,0;59,18;4,08;0,0;15002,0;36,73;36,73;0,0;35,71;35,71;7,14;30,77;61,54;33,33;1,96;25,49;29,41;66,67;33,33
49205;Santibáñez de Tera;7,6;44,34;3,14;2,0;16043,0;27,89;52,82;3,56;35,25;18,03;19,67;12,07;76,72;29,03;19,65;20,23;10,49;79,5;42,18
49206;Santibáñez de Vidriales;9,11;36,95;11,85;0,87;16004,0;34,16;47,92;4,68;33,64;16,98;27,47;24,6;59,55;30,89;14,3;20,13;5,73;73,11;44,57
49207;Santovenia;5,14;39,91;1,83;0,54;16121,0;35,98;45,33;6,07;34,07;25,27;24,18;18,39;67,82;16,67;14,81;20,83;12,5;73,04;44,44
49208;San Vicente de la Cabeza;3,44;46,88;3,25;0,85;16000,0;30,52;51,3;2,6;20,69;14,66;37,07;13,39;73,21;36,54;7,69;12,82;8,87;78,47;39,74
49209;San Vitero;6,45;41,37;4,98;0,67;17916,0;33,75;49,25;4,25;27,43;10,29;25,14;24,12;64,12;21,38;12,29;16,22;7,34;79,61;43,7
49210;Sanzoles;7,02;32,85;4,82;1,09;13250,0;30,65;54,15;4,61;17,55;17,02;27,13;18,33;59,44;23,13;12,47;17,91;13,7;71,86;49,89
49214;Tábara;10,72;33,37;8,29;1,33;16368,0;33,87;47,67;4,65;30,14;7,56;19,93;21,55;68,55;25,53;17,55;22,82;11,55;70,12;47,13
49216;Tapioles;3,59;48,75;2,34;0,7;16929,0;37,19;46,28;2,48;55,32;46,81;19,15;13,04;76,09;33,06;14,05;9,92;10,0;77,59;41,32
49219;Toro;12,52;24,15;10,88;0,93;15349,0;32,27;51,13;6,58;24,21;8,51;27,01;23,88;61,9;20,41;18,76;24,96;10,85;67,89;53,64
49220;Torre del Valle, La;3,61;37,38;3,28;0,39;16936,0;30,58;48,76;8,26;21,43;12,5;25,0;12,73;76,36;16,39;18,85;16,39;16,67;69,44;49,59
49221;Torregamones;9,25;36,21;6,61;1,93;13389,0;33,96;46,23;4,72;36,17;17,02;25,53;18,68;65,93;36,45;15,42;13,08;4,81;82,5;49,06
49222;Torres del Carrizal;14,27;24,48;3,86;2,5;15498,0;32,04;52,76;6,63;38,5;28,5;22,0;14,29;75,13;22,4;14,21;19,67;8,06;77,91;57,97
49223;Trabazos;5,54;41,95;15,58;1,1;15814,0;31,78;49,87;5,05;24,91;7,69;22,71;25,86;65,78;32,05;14,04;16,65;14,61;62,32;38,45
49224;Trefacio;7,68;29,02;8,54;0,84;15944,0;39,07;47,68;3,97;41,94;6,45;16,13;24,59;65,57;13,46;22,44;25,0;19,72;56,44;45,81
49225;Uña de Quintana;7,97;44,92;3,39;1,75;13651,0;35,14;44,14;4,5;45,0;20,0;20,0;10,81;75,68;29,2;13,27;19,47;9,52;70,37;37,5
49226;Vadillo de la Guareña;4,67;36,83;2,5;0,64;15477,0;34,05;50,0;4,74;30,97;25,66;16,81;12,38;72,38;20,09;16,24;20,09;5,31;79,85;48,29
49227;Valcabado;16,87;16,82;4,58;0,83;16118,0;30,97;54,87;6,78;21,65;2,06;27,32;22,8;65,28;8,73;21,13;28,17;10,91;72,32;63,4
49228;Valdefinjas;6,0;43,67;6,67;2,8;16572,0;30,36;50,0;8,93;29,41;29,41;29,41;25,0;56,25;22,41;15,52;24,14;17,39;63,33;39,66
49229;Valdescorriel;7,79;40,0;6,87;0,93;15348,0;26,83;56,1;6,5;21,57;23,53;27,45;14,29;59,18;17,89;21,14;20,33;10,34;78,79;47,15
49230;Vallesa de la Guareña;2,39;52,54;0,0;0,0;16572,0;32,84;38,81;5,97;23,81;28,57;19,05;15,79;52,63;25,37;14,93;14,93;0,0;78,57;32,84
49231;Vega de Tera;7,27;40,15;2,65;0,0;14496,0;32,43;46,72;5,41;31,82;13,64;22,73;14,95;69,16;26,87;14,18;17,91;10,17;80,92;44,19
49232;Vega de Villalobos;2,05;37,95;5,68;0,0;17221,0;38,46;39,56;8,79;30,56;19,44;25,0;12,12;63,64;15,38;14,29;20,88;16,67;75,47;52,75
49234;Venialbo;10,87;27,17;17,15;0,96;13715,0;26,42;56,74;6,48;31,25;15,34;22,16;21,34;65,24;24,81;14,89;19,11;15,76;63,81;50,62
49235;Vezdemarbán;8,89;33,19;6,86;1,49;14754,0;31,91;56,03;3,02;44,44;20,56;24,44;17,75;69,82;20,2;15,27;18,72;10,5;75,85;49,5
49236;Vidayanes;10,0;34,59;10,81;1,0;17221,0;28,57;52,86;4,29;27,27;33,33;18,18;15,62;68,75;16,9;21,13;16,9;0,0;78,05;45,71
49237;Videmala;3,94;48,64;1,52;1,4;15773,0;28,26;49,28;5,8;35,71;11,9;28,57;16,22;64,86;28,26;16,67;16,67;18,52;74,58;39,13
49238;Villabrázaro;4,98;33,31;3,5;0,72;19403,0;40,62;37,5;9,38;22,61;6,09;25,22;23,15;63,89;21,92;18,46;29,23;10,87;78,34;53,49
49239;Villabuena del Puente;6,31;42,68;3,14;0,93;13741,0;27,26;55,23;2,53;38,84;29,46;24,11;17,07;63,9;31,19;12,48;10,7;7,63;79,27;42,07
49240;Villadepera;4,73;44,48;3,03;1,08;15266,0;25,88;51,76;2,94;24,14;13,79;20,69;24,14;67,24;20,93;17,44;21,51;14,06;70,51;37,43
49241;Villaescusa;4,69;44,85;11,72;0,5;14067,0;28,77;52,51;5,48;39,76;27,71;21,69;21,33;70,67;30,43;14,78;19,57;10,2;77,88;42,61
49242;Villafáfila;5,15;38,88;1,87;0,68;13000,0;34,86;50,24;2,88;46,55;35,06;12,07;15,43;74,69;15,04;19,09;18,38;9,69;77,29;47,0
49243;Villaferrueña;3,05;51,05;10,48;1,17;15044,0;26,47;52,94;3,92;25,0;12,5;21,88;27,59;58,62;35,85;7,55;25,47;11,9;82,22;40,0
49245;Villalazán;5,31;32,95;2,49;0,42;15951,0;37,97;45,15;3,8;36,36;17,27;30,0;18,81;70,3;20,17;15,97;21,01;16,94;73,05;52,1
49246;Villalba de la Lampreana;7,7;39,81;1,41;1,33;15438,0;33,5;55,67;1,48;40,3;32,84;10,45;28,57;53,57;20,59;16,67;21,57;7,69;66,67;38,24
49247;Villalcampo;4,05;54,05;1,84;0,5;17558,0;25,34;48,23;4,36;23,58;12,26;32,08;23,3;64,08;39,84;9,21;13,01;11,82;67,36;29,81
49248;Villalobos;10,99;35,15;23,27;2,25;15760,0;38,32;48,5;3,59;31,34;41,79;8,96;13,64;63,64;29,28;19,89;12,71;8,96;57,01;37,22
49249;Villalonso;16,79;33,33;12,35;4,2;17221,0;31,25;51,56;6,25;52,0;36,0;20,0;33,33;66,67;31,34;8,96;22,39;9,68;71,79;46,27
49250;Villalpando;12,12;30,74;12,19;0,81;14657,0;33,25;51,49;4,39;31,1;12,12;17,18;26,09;61,06;27,08;17,58;23,2;7,61;70,49;49,52
49251;Villalube;2,24;44,76;2,1;0,58;13893,0;34,48;47,59;4,14;30,51;25,42;15,25;23,64;67,27;23,45;11,03;22,76;9,52;78,08;43,45
49252;Villamayor de Campos;6,95;30,33;9,06;0,51;16698,0;37,22;44,98;5,83;31,71;23,78;20,73;25,0;62,16;25,55;16,82;26,17;5,85;80,1;53,44
49255;Villamor de los Escuderos;3,84;47,51;3,56;0,95;13739,0;26,57;58,0;3,71;43,33;28,86;27,52;17,83;71,32;34,26;16,43;17,55;4,55;86,47;42,9
49256;Villanázar;6,09;38,83;5,47;0,0;14903,0;35,86;48,95;5,49;36,89;31,07;19,42;21,51;60,22;19,92;20,75;19,5;6,8;68,57;42,92
49257;Villanueva de Azoague;14,74;20,9;3,51;1,37;15219,0;38,62;46,41;6,89;27,89;8,22;22,6;18,57;71,43;16,76;17,65;21,18;19,8;61,72;58,28
49258;Villanueva de Campeán;2,26;34,61;3,48;0,0;18457,0;35,65;49,57;6,96;20,31;20,31;29,69;31,15;54,1;13,04;20,87;29,57;3,23;88,24;53,91
49259;Villanueva de las Peras;6,19;53,57;7,14;1,27;15002,0;33,33;40,74;4,94;37,5;8,33;20,83;13,04;65,22;41,18;10,59;12,94;14,71;93,55;40,0
49260;Villanueva del Campo;10,61;37,04;8,88;0,9;13582,0;30,1;49,93;4,7;44,49;33,07;16,54;15,68;69,49;35,87;14,63;14,78;9,86;69,74;42,42
49261;Villaralbo;13,82;22,07;4,03;0,67;15954,0;34,19;51,25;6,01;20,25;4,28;24,78;22,48;64,18;15,42;20,31;25,02;13,82;71,11;60,0
49262;Villardeciervos;5,42;38,21;4,6;1,0;19156,0;34,5;48,79;6,74;28,85;10,26;11,54;32,0;59,33;20,53;18,95;26,05;8,88;72,99;44,71
49264;Villar del Buey;5,03;44,99;4,74;0,58;14581,0;30,71;48,76;3,94;40,0;34,86;15,43;19,3;70,76;32,45;15,1;22,86;13,43;76,32;41,1
49265;Villardiegua de la Ribera;7,27;42,18;6,36;2,33;14141,0;28,04;57,94;3,74;33,33;15,56;24,44;17,78;66,67;24,07;9,26;21,3;12,0;84,62;46,3
49266;Villárdiga;3,55;43,87;14,52;0,0;17221,0;32,26;51,61;4,84;36,0;48,0;12,0;8,7;78,26;22,58;22,58;27,42;8,33;75,86;38,71
49267;Villardondiego;10,81;28,65;11,71;1,08;18586,0;39,25;43,93;4,67;30,77;38,46;28,85;17,78;64,44;21,05;17,54;18,42;17,46;75,36;55,26
49268;Villarrín de Campos;3,83;49,27;5,7;0,97;17579,0;38,18;38,18;5,19;41,91;31,62;10,29;20,66;64,46;34,42;16,58;20,35;11,11;78,61;38,64
49269;Villaseco del Pan;5,35;43,96;5,45;0,45;12874,0;30,73;52,08;1,56;25,61;13,41;24,39;12,5;75,0;45,73;13,07;20,1;14,94;74,75;43,72
49270;Villavendimio;9,74;23,42;10,53;0,88;15624,0;41,55;35,92;11,97;31,94;40,28;23,61;15,62;64,06;15,89;20,53;17,88;8,64;75,51;54,73
49271;Villaveza del Agua;1,6;51,53;0,0;1,17;15296,0;29,63;50,62;4,94;40,0;34,55;12,73;24,49;65,31;33,13;12,27;17,18;6,9;76,06;35,8
49272;Villaveza de Valverde;1,39;50,28;6,94;0,0;15002,0;27,14;40,0;5,71;40,0;20,0;30,0;5,56;72,22;36,62;15,49;8,45;0,0;75,0;33,8
49273;Viñas;3,51;50,81;2,03;0,0;14217,0;36,54;44,87;3,85;33,33;25,49;15,69;20,0;66,0;33,54;16,46;15,19;14,29;77,42;35,67
49275;Zamora;13,22;25,76;9,38;0,97;18088,0;34,71;48,67;7,41;16,37;1,92;14,94;37,84;52,25;14,63;21,01;35,58;12,17;66,58;52,39
50001;Abanto;2,56;41,03;3,85;0,0;20995,0;22,08;55,84;6,49;46,51;23,26;20,93;31,58;63,16;20,25;24,05;32,91;4,76;100,0;53,16
50002;Acered;5,07;38,06;16,42;0,88;14723,0;39,02;41,46;4,07;54,35;45,65;36,96;10,53;71,05;23,48;21,21;12,12;3,85;67,57;39,69
50003;Agón;6,22;32,59;8,89;0,39;20804,0;20,63;57,14;8,73;30,0;20,0;16,67;22,92;64,58;13,18;17,83;34,11;5,97;75,9;52,34
50004;Aguarón;8,34;26,06;23,84;0,79;15257,0;27,26;56,24;6,72;30,85;29,43;23,76;17,0;58,3;18,26;18,44;20,8;8,9;68,56;53,09
50005;Aguilón;5,92;37,53;5,24;0,23;21198,0;25,19;58,78;8,02;26,96;11,3;26,09;29,52;57,14;15,21;20,53;34,22;5,6;83,1;47,53
50006;Ainzón;11,22;23,36;6,75;0,95;17104,0;31,68;53,08;4,54;22,45;11,23;37,42;24,84;57,3;12,95;18,42;28,63;7,56;71,3;54,89
50007;Aladrén;3,55;32,9;11,29;0,0;20995,0;30,91;54,55;7,27;17,24;13,79;24,14;46,43;32,14;11,48;19,67;39,34;9,38;74,36;52,46
50008;Alagón;16,45;17,64;19,14;1,16;16997,0;34,84;50,03;7,77;13,03;2,47;32,58;24,21;60,99;13,29;25,42;24,77;8,45;66,94;57,87
50009;Alarba;2,2;40,88;8,79;0,0;18778,0;30,34;55,06;2,25;64,71;64,71;14,71;14,29;66,67;31,87;12,09;9,89;2,86;69,39;38,46
50010;Alberite de San Juan;6,41;31,03;3,85;1,0;18445,0;58,44;33,77;1,3;27,78;27,78;19,44;16,67;60,0;7,59;17,72;27,85;2,63;75,51;48,72
50011;Albeta;11,08;24,03;8,63;1,81;15920,0;35,0;53,33;5,0;25,37;10,45;34,33;17,74;54,84;11,63;22,48;21,71;9,21;77,53;59,38
50012;Alborge;8,08;26,73;6,73;0,37;17687,0;37,78;41,11;10,0;31,37;27,45;21,57;34,09;50,0;14,89;23,4;20,21;13,46;67,16;55,32
50013;Alcalá de Ebro;10,78;24,73;10,61;0,89;17767,0;34,25;45,66;9,59;26,72;6,03;23,28;29,91;55,14;7,14;22,32;28,12;7,25;80,0;62,16
50014;Alcalá de Moncayo;7,21;29,8;8,84;0,0;19822,0;38,97;46,32;6,62;27,14;14,29;20,0;32,31;50,77;16,55;20,69;31,03;2,6;82,42;54,61
50015;Alconchel de Ariza;4,56;35,95;6,33;0,0;18778,0;36,49;51,35;2,7;41,03;43,59;20,51;20,0;62,86;32,0;20,0;30,67;4,88;84,78;54,67
50016;Aldehuela de Liestos;0,0;37,92;4,17;0,0;20995,0;25,0;54,17;12,5;33,33;20,83;16,67;30,43;47,83;16,33;28,57;38,78;8,0;79,31;51,02
50017;Alfajarín;18,34;17,52;10,7;1,08;18545,0;30,72;53,14;8,45;17,6;2,93;30,31;25,93;61,66;10,63;25,72;31,6;7,63;72,42;61,91
50018;Alfamén;16,81;16,71;30,08;1,32;14722,0;32,75;54,24;5,21;18,07;24,74;32,44;15,74;55,17;12,21;19,54;13,4;6,26;66,63;56,38
50020;Alhama de Aragón;11,55;23,29;16,12;0,79;15652,0;36,18;48,7;5,82;16,22;3,25;44,44;21,33;59,65;20,1;18,55;18,55;9,22;63,89;50,78
50022;Almolda, La;7,89;33,45;5,17;0,9;17501,0;37,6;50,0;2,8;36,22;22,83;20,87;29,82;57,02;18,7;20,08;30,12;3,72;89,0;53,37
50023;Almonacid de la Cuba;5,36;32,09;8,18;0,33;15458,0;39,81;47,22;3,7;35,19;31,48;14,81;11,11;68,69;15,7;23,32;17,94;3,25;87,5;55,41
50024;Almonacid de la Sierra;13,95;22,96;28,53;2,01;14876,0;31,03;50,9;6,57;22,65;18,24;30,62;22,94;54,48;23,12;21,02;21,32;5,28;63,81;48,86
50025;Almunia de Doña Godina, La;17,98;14,83;34,0;1,28;15098,0;33,62;55,57;4,91;14,36;15,82;24,61;22,3;55,06;17,49;23,48;23,53;6,25;64,1;56,69
50026;Alpartir;13,85;20,17;27,44;1,04;14426,0;36,09;48,99;6,45;20,87;16,16;25,76;23,94;53,52;20,84;16,25;17,21;5,34;61,08;50,68
50027;Ambel;9,01;30,91;5,14;0,71;14598,0;31,11;53,78;5,33;35,51;21,5;38,32;18,18;60,61;10,3;13,3;21,89;7,38;75,84;52,59
50028;Anento;5,45;16,86;28,93;1,56;21436,0;42,27;48,45;4,12;23,4;2,13;23,4;21,95;53,66;10,91;19,09;32,73;5,36;58,24;50,91
50029;Aniñón;11,12;30,71;11,24;1,02;13641,0;32,18;50,87;5,54;36,25;27,89;26,69;17,26;66,37;23,74;15,93;19,67;8,19;65,82;45,99
50030;Añón de Moncayo;12,21;36,63;12,98;1,68;17214,0;27,98;51,81;8,81;12,82;6,49;41,56;20,55;54,79;23,76;15,35;20,79;8,64;70,48;40,7
50031;Aranda de Moncayo;6,0;38,18;6,36;1,75;16938,0;30,63;55,86;5,41;24,53;16,98;33,96;9,8;56,86;16,96;14,29;10,71;3,7;92,86;48,21
50032;Arándiga;8,2;29,86;25,9;1,4;14886,0;32,03;46,75;7,79;29,17;26,04;26,04;14,89;64,89;35,37;15,45;19,11;8,33;57,89;44,44
50033;Ardisa;0,0;48,38;6,76;0,0;19995,0;18,92;52,7;9,46;32,35;11,76;17,65;46,88;46,88;9,21;23,68;31,58;2,94;94,29;44,74
50034;Ariza;15,43;26,37;21,85;1,19;13932,0;30,36;52,92;4,4;28,67;7,71;31,57;17,04;65,91;18,89;21,51;19,31;10,15;62,52;47,99
50035;Artieda;5,11;28,22;14,44;0,61;19995,0;51,25;36,25;5,0;24,24;21,21;9,09;36,67;56,67;9,88;18,52;48,15;5,0;66,67;49,38
50036;Asín;6,98;40,23;6,98;1,17;19995,0;22,62;58,33;7,14;20,93;9,3;18,6;40,0;52,5;10,71;25,0;40,48;7,5;90,24;47,62
50037;Atea;3,78;35,1;11,19;0,0;16850,0;35,71;54,76;2,38;26,42;26,42;13,21;13,04;67,39;21,8;18,8;21,05;12,12;68,24;49,62
50038;Ateca;10,89;26,17;19,56;1,06;15795,0;32,91;51,94;5,67;19,09;5,84;30,6;26,55;57,17;16,37;20,7;22,08;9,43;56,21;44,39
50039;Azuara;8,07;27,16;9,64;1,04;18289,0;36,53;44,31;6,59;31,64;12,5;31,25;22,88;62,29;17,65;21,18;19,61;7,41;78,35;58,58
50040;Badules;3,9;33,41;4,88;0,0;20995,0;25,0;63,75;3,75;40,0;20,0;10,0;34,62;57,69;18,75;21,25;43,75;11,36;76,47;55,0
50043;Bárboles;11,19;25,13;8,66;0,89;18791,0;34,77;45,7;10,16;23,13;7,46;32,84;28,57;60,32;13,46;23,85;27,31;5,04;75,86;53,88
50044;Bardallur;9,08;30,0;13,33;0,36;17270,0;35,55;45,02;6,16;16,67;10,0;40,0;25,58;58,14;14,88;17,67;20,47;6,45;61,7;43,66
50045;Belchite;10,92;27,98;11,36;0,95;17510,0;32,96;51,04;5,33;27,85;14,22;26,81;24,56;61,08;16,43;22,65;21,13;8,19;74,28;53,5
50046;Belmonte de Gracián;7,39;31,09;20,11;0,58;14333,0;33,53;53,89;3,59;32,43;12,16;24,32;19,7;66,67;27,33;16,86;23,84;9,33;61,26;43,6
50050;Bijuesca;2,95;21,89;7,37;0,0;18778,0;32,58;61,8;3,37;23,21;16,07;25,0;24,49;65,31;7,61;20,65;38,04;9,23;84,29;70,65
50051;Biota;8,87;29,95;4,7;0,74;16781,0;37,69;44,04;5,31;33,07;18,6;30,75;19,32;66,48;16,69;22,21;20,41;6,8;76,19;53,09
50052;Bisimbre;4,9;33,47;16,33;0,0;18445,0;36,78;55,17;3,45;12,12;9,09;24,24;40,62;46,88;14,61;24,72;33,71;6,82;71,93;50,0
50053;Boquiñeni;10,53;29,71;12,17;1,24;17092,0;30,87;54,51;4,58;18,43;20,48;32,42;15,87;66,79;22,4;18,21;17,34;10,77;66,51;47,1
50054;Bordalba;0,0;47,66;0,0;0,0;18778,0;29,79;63,83;0,0;50,0;37,5;20,83;60,0;40,0;10,64;12,77;40,43;0,0;104,35;51,06
50055;Borja;17,87;18,8;16,81;1,24;15944,0;31,85;53,75;6,39;17,38;5,67;35,92;23,46;56,81;14,57;20,92;25,9;8,39;66,18;56,03
50056;Botorrita;14,57;19,63;9,85;1,35;19962,0;30,16;53,04;11,34;20,22;3,62;22,46;30,08;54,89;9,33;22,02;35,52;8,01;74,16;62,53
50057;Brea de Aragón;11,63;27,52;6,91;0,89;15156,0;31,28;55,52;3,11;18,32;2,18;40,34;20,88;68,77;16,04;15,31;19,74;7,63;64,25;46,93
50058;Bubierca;6,06;30,0;6,06;1,17;18778,0;18,52;70,37;3,7;14,29;0,0;46,43;19,23;65,38;7,14;26,79;26,79;3,45;68,29;51,79
50059;Bujaraloz;13,16;22,39;11,33;1,06;16948,0;34,11;53,55;3,55;42,45;31,43;16,73;24,31;62,16;19,11;19,81;27,43;2,78;79,25;59,74
50060;Bulbuente;9,56;23,29;23,69;1,51;15574,0;27,88;50,96;9,62;36,7;18,35;16,51;24,0;65,0;13,18;21,82;27,73;13,33;62,65;55,3
50061;Bureta;8,85;37,98;9,62;1,63;15637,0;33,33;51,08;4,84;30,59;16,47;36,47;23,08;57,69;18,56;16,49;21,65;3,53;76,64;43,81
50062;Burgo de Ebro, El;17,54;16,07;14,48;1,14;18879,0;32,35;51,88;9,19;15,35;1,56;37,03;25,76;56,75;9,96;29,49;32,26;7,13;71,87;63,17
50063;Buste, El;8,67;35,0;1,67;0,0;18445,0;25,0;55,36;5,36;56,25;15,62;43,75;26,92;57,69;26,32;15,79;19,3;3,33;87,88;52,63
50064;Cabañas de Ebro;10,04;31,3;8,4;1,6;18322,0;35,41;49,52;2,63;12,32;5,21;42,65;25,87;57,21;16,36;18,43;17,74;6,79;74,1;51,28
50066;Cadrete;20,18;10,56;14,82;1,2;19753,0;33,21;50,61;11,61;17,5;0,64;26,05;31,42;56,5;6,79;27,99;38,13;7,05;73,59;69,03
50067;Calatayud;15,29;19,04;23,04;1,08;16917,0;35,64;48,34;7,19;14,48;4,0;19,82;28,68;57,78;16,54;21,89;27,9;9,24;62,75;54,24
50068;Calatorao;17,07;19,37;26,01;1,45;15295,0;32,08;53,3;6,42;16,98;16,98;36,87;18,76;58,46;19,21;20,27;21,36;7,15;65,08;55,04
50070;Calmarza;10,18;40,0;5,26;0,0;18778,0;29,41;49,02;7,84;52,63;31,58;26,32;6,25;75,0;22,64;13,21;7,55;4,0;82,76;48,08
50071;Campillo de Aragón;4,56;35,09;4,39;0,0;18624,0;34,86;54,13;2,75;54,9;35,29;25,49;32,56;65,12;25,23;18,02;21,62;9,26;74,24;48,65
50072;Carenas;2,82;35,18;10,59;0,0;21125,0;37,5;40,62;11,88;22,06;2,94;36,76;26,15;53,85;13,94;23,64;28,48;5,0;76,0;48,48
50073;Cariñena;16,95;17,42;31,85;1,28;15481,0;31,23;55,08;5,9;21,34;21,18;27,41;21,5;53,82;15,22;21,73;23,59;6,86;67,67;58,4
50074;Caspe;19,48;17,59;30,47;1,75;13764,0;31,43;55,8;5,56;20,6;27,28;17,02;20,66;52,2;31,47;17,78;17,32;11,18;57,56;50,5
50075;Castejón de Alarba;5,68;27,57;21,62;0,78;18778,0;38,57;42,86;2,86;29,63;29,63;37,04;26,09;60,87;21,79;14,1;16,67;15,62;57,45;41,03
50076;Castejón de las Armas;3,64;34,77;28,41;0,7;18778,0;23,53;57,65;8,24;25,81;0,0;9,68;23,33;70,0;17,78;14,44;25,56;8,82;58,49;37,78
50077;Castejón de Valdejasa;5,21;34,47;2,13;0,28;19340,0;32,28;52,91;2,65;25,53;23,4;31,91;19,32;61,36;12,11;19,47;18,95;7,69;87,27;55,03
50078;Castiliscar;7,36;40,73;7,73;1,12;17429,0;34,85;47,47;3,54;37,5;12,5;34,09;28,0;57,33;23,65;25,62;14,78;7,69;76,36;44,83
50079;Cervera de la Cañada;10,27;32,09;11,03;1,17;12531,0;36,32;47,86;4,7;32,04;30,1;23,3;15,62;60,42;22,92;21,25;17,08;10,66;70,32;51,69
50081;Cetina;11,08;25,71;11,57;0,46;14689,0;35,23;52,32;3,16;27,85;11,81;41,77;20,36;67,87;19,92;15,19;27,02;8,56;68,12;51,5
50082;Cimballa;3,94;40,56;12,68;0,0;18778,0;20,83;62,5;8,33;14,71;17,65;17,65;22,58;64,52;24,0;17,33;24,0;5,88;84,21;45,33
50083;Cinco Olivas;6,19;31,55;11,34;0,88;16747,0;30,0;52,22;7,78;27,03;13,51;27,03;16,22;70,27;21,05;29,47;24,21;16,67;67,8;50,53
50084;Clarés de Ribota;0,82;32,33;8,22;0,0;18778,0;26,09;53,62;8,7;45,95;24,32;24,32;11,43;77,14;21,43;17,14;25,71;13,95;78,72;61,43
50085;Codo;7,45;31,37;2,45;0,0;18415,0;35,11;40,43;8,51;46,94;22,45;26,53;24,39;62,2;17,28;18,85;24,08;7,27;81,6;57,89
50086;Codos;19,67;24,56;27,8;0,68;18030,0;51,83;34,03;3,14;19,05;20,24;14,29;32,1;51,85;22,01;14,35;23,44;6,82;56,94;43,35
50088;Cosuenda;10,85;29,62;16,91;1,09;15891,0;32,18;50,87;6,57;20,27;20,27;28,38;21,32;53,68;12,29;15,95;22,92;6,33;71,15;52,84
50089;Cuarte de Huerva;26,1;6,63;14,69;1,35;20892,0;33,45;53,75;9,93;14,95;0,37;24,21;39,18;50,8;4,3;28,57;46,56;5,32;74,65;74,68
50090;Cubel;9,24;38,76;2,76;0,27;12242,0;26,36;57,36;1,55;77,61;68,66;1,49;13,73;86,27;31,3;15,27;27,48;0,0;86,67;50,39
50092;Chiprana;16,04;15,52;35,25;0,94;13280,0;38,3;46,81;5,2;32,26;46,54;13,82;17,62;49,22;34,38;15,85;18,75;8,37;56,13;48,42
50093;Chodes;7,55;32,04;8,16;0,39;16897,0;34,78;42,39;11,96;34,15;19,51;17,07;21,05;71,05;16,67;21,88;35,42;9,8;76,67;53,68
50094;Daroca;13,64;23,15;21,79;1,01;16961,0;35,45;47,72;6,29;19,58;8,86;22,73;22,73;61,43;18,47;25,48;24,31;6,93;70,87;54,58
50095;Ejea de los Caballeros;16,55;18,7;20,53;1,35;16582,0;34,47;52,13;5,59;19,99;15,92;32,85;21,46;59,82;19,79;23,14;21,79;8,01;69,92;58,74
50098;Encinacorba;5,26;34,29;14,29;1,24;21178,0;28,74;51,72;9,77;20,99;11,11;25,93;26,39;54,17;18,18;23,86;29,55;4,82;79,8;47,16
50099;Épila;20,47;16,21;22,81;1,75;14839,0;34,02;54,17;4,79;17,02;14,38;42,13;17,43;62,06;19,49;20,81;15,64;14,62;59,26;56,52
50100;Erla;13,33;30,86;13,98;1,9;17221,0;37,5;45,31;5,0;30,19;23,9;29,56;25,34;55,48;10,75;18,21;24,18;6,06;75,24;50,0
50101;Escatrón;15,52;24,4;15,37;1,45;19985,0;34,18;47,45;7,65;17,62;10,71;37,14;25,0;54,17;21,04;18,98;24,78;11,52;62,22;49,11
50102;Fabara;12,28;25,89;20,9;1,07;14269,0;32,3;54,38;3,66;37,86;49,23;16,41;14,75;56,21;25,85;16,17;20,96;4,71;67,42;50,38
50104;Farlete;5,88;35,19;7,75;0,3;20753,0;34,69;50,14;5,42;26,32;19,47;26,32;29,76;50,6;15,96;18,09;38,83;4,15;85,25;51,74
50105;Fayón;15,07;23,29;30,44;1,38;13125,0;32,59;50,63;6,33;23,23;28,39;27,1;12,59;61,54;19,78;24,12;18,7;4,24;58,09;44,84
50106;Fayos, Los;8,96;35,22;8,96;1,56;19744,0;29,75;46,28;7,44;7,32;2,44;29,27;28,21;56,41;16,8;21,6;30,4;10,0;66,18;40,0
50107;Figueruelas;14,76;18,21;13,05;1,02;20119,0;32,31;54,48;6,33;11,49;2,03;37,5;30,07;59,07;10,32;26,9;27,07;6,47;68,74;57,95
50108;Fombuena;4,75;25,08;8,47;0,7;20995,0;21,15;55,77;13,46;25,81;6,45;16,13;25,93;59,26;10,91;20,0;30,91;6,06;73,81;60,0
50109;Frago, El;13,49;25,27;14,73;0,44;22322,0;33,91;55,65;5,22;25,86;8,62;15,52;41,51;43,4;10,83;22,5;46,67;2,9;87,01;58,47
50110;Frasno, El;5,46;31,3;10,27;0,47;19560,0;35,73;46,97;5,48;30,77;21,79;20,51;24,14;64,83;18,36;23,16;25,99;7,65;68,26;48,3
50111;Fréscano;9,95;25,69;6,09;1,81;17837,0;29,38;55,37;4,52;33,33;21,43;34,52;24,32;66,22;6,15;27,37;19,55;8,6;70,25;52,25
50113;Fuendejalón;11,22;25,91;21,51;0,99;14685,0;32,45;54,13;3,98;37,87;34,06;25,89;17,13;57,32;31,07;17,09;15,68;4,65;74,7;54,82
50114;Fuendetodos;6,31;30,62;10,0;0,0;19853,0;35,61;46,97;8,33;32,86;18,57;14,29;26,15;53,85;13,77;26,09;28,99;9,59;81,48;53,68
50115;Fuentes de Ebro;17,08;17,84;15,55;1,27;17188,0;32,87;54,13;5,99;19,48;7,73;38,55;21,27;58,96;13,63;22,57;23,79;8,46;70,41;60,42
50116;Fuentes de Jiloca;6,5;37,14;25,62;0,58;14650,0;31,58;48,42;7,37;33,33;30,56;26,39;10,61;69,7;25,0;18,0;15,5;8,86;64,86;39,7
50117;Gallocanta;10,0;28,44;14,06;0,7;17140,0;32,74;50,44;7,08;38,33;31,67;10,0;30,77;61,54;22,5;22,5;33,33;1,61;79,22;51,67
50118;Gallur;13,56;22,85;12,08;1,39;16434,0;30,79;53,59;5,72;15,33;7,75;42,29;19,9;61,9;15,78;19,36;18,97;9,14;65,37;52,49
50119;Gelsa;11,98;27,72;10,12;1,03;18197,0;31,19;54,89;4,03;31,0;20,28;31,0;21,8;66,42;16,22;20,47;21,59;6,62;74,19;52,64
50120;Godojos;4,0;34,55;10,91;0,0;18778,0;38,78;57,14;2,04;25,0;4,17;50,0;27,27;59,09;20,0;20,0;28,0;9,52;57,58;42,0
50121;Gotor;9,3;27,72;17,72;1,09;12570,0;32,97;54,58;4,4;22,12;11,5;32,74;25,96;62,5;16,44;15,44;16,11;11,36;58,21;44,75
50122;Grisel;15,45;21,58;18,81;1,08;18445,0;20,48;67,47;3,61;27,91;18,6;25,58;26,83;60,98;9,52;23,81;38,1;10,64;68,85;55,95
50123;Grisén;16,55;17,73;18,53;0,97;17581,0;36,07;47,33;7,63;13,1;2,41;38,97;16,61;66,43;14,58;23,43;24,91;8,12;67,54;57,36
50124;Herrera de los Navarros;9,62;24,28;20,0;0,42;17246,0;32,57;52,75;4,59;36,96;29,57;16,52;24,48;56,77;20,31;20,31;23,14;6,32;72,7;55,36
50125;Ibdes;9,13;30,7;9,86;0,75;13374,0;34,74;48,34;5,44;35,66;20,93;24,03;19,83;62,07;27,09;19,02;10,09;12,5;63,33;43,93
50126;Illueca;11,31;21,99;19,02;0,71;13876,0;32,21;55,45;5,07;19,06;2,91;41,13;22,49;65,53;16,48;17,64;14,68;11,29;57,82;49,11
50129;Jaraba;17,05;18,84;16,78;1,43;14444,0;33,06;52,24;6,12;16,09;5,75;48,28;25,93;61,73;12,99;25,59;20,87;14,56;45,83;41,2
50130;Jarque de Moncayo;9,71;23,25;8,53;0,49;13895,0;35,82;50,43;5,44;29,07;13,95;33,14;20,48;57,83;16,1;17,51;14,97;15,87;64,11;53,54
50131;Jaulín;12,07;30,89;14,1;1,79;17210,0;24,62;48,11;8,33;38,4;16,94;20,16;26,09;64,35;20,59;21,32;25,0;9,56;70,29;50,56
50132;Joyosa, La;20,63;12,82;11,48;1,26;17526,0;29,85;55,73;8,26;14,77;3,2;22,42;24,58;62,76;8,06;26,99;32,37;6,67;70,8;65,5
50133;Lagata;4,96;36,99;9,73;0,0;15996,0;33,33;49,52;5,71;33,33;11,9;19,05;25,71;60,0;20,18;20,18;22,02;10,42;70,49;44,04
50134;Langa del Castillo;4,55;47,27;3,64;1,17;16693,0;26,67;60,95;2,86;61,7;34,04;8,51;21,95;70,73;22,86;18,1;19,05;13,33;79,59;42,86
50135;Layana;8,72;29,15;10,64;0,0;19995,0;36,05;44,19;4,65;40,91;43,18;11,36;22,22;63,89;17,2;23,66;30,11;8,51;70,49;51,09
50136;Lécera;7,57;31,81;13,94;0,96;15435,0;25,37;59,14;4,48;42,96;25,56;28,15;20,0;66,25;22,34;15,86;21,98;6,43;76,16;50,82
50137;Leciñena;12,22;31,5;4,88;0,98;18649,0;32,4;54,8;3,72;35,28;21,55;24,9;26,95;63,25;21,49;22,62;26,0;4,43;79,17;51,13
50139;Letux;5,1;35,07;9,63;1,1;18401,0;30,53;50,16;9,03;36,81;15,97;24,31;16,92;66,15;23,91;28,28;17,2;6,13;75,74;47,8
50140;Litago;6,05;33,72;5,23;1,65;17523,0;43,96;42,86;4,4;12,5;6,94;38,89;30,65;58,06;14,13;18,48;32,61;9,78;84,69;50,27
50141;Lituénigo;8,93;29,59;2,48;1,65;21573,0;26,13;59,46;5,41;20,0;5,45;32,73;43,4;37,74;12,61;11,71;46,85;10,17;76,81;53,15
50143;Longares;11,16;20,07;27,2;0,73;12551,0;37,03;49,03;5,85;25,46;33,16;27,32;17,96;51,2;20,27;19,6;18,39;5,1;66,91;53,19
50146;Lucena de Jalón;14,69;27,26;14,6;1,58;14735,0;28,72;53,85;8,72;24,73;7,53;32,26;21,43;66,67;17,24;26,6;19,21;12,12;65,91;50,0
50147;Luceni;14,51;21,9;16,27;1,0;15808,0;30,62;52,06;6,6;16,25;6,75;31,75;21,3;62,08;16,21;22,0;22,0;13,59;63,49;53,95
50148;Luesia;7,71;32,11;9,34;0,59;19037,0;42,11;44,74;2,3;29,56;13,84;20,75;31,08;61,49;14,42;17,55;37,3;5,06;76,53;49,84
50150;Lumpiaque;14,92;24,5;16,87;1,34;14647,0;32,33;52,52;4,91;23,87;19,68;37,74;15,73;66,08;17,31;17,17;15,85;18,2;61,31;53,25
50151;Luna;9,19;29,57;7,26;1,68;19205,0;34,67;50,72;4,49;28,84;23,82;24,76;22,18;61,09;16,06;23,21;27,82;5,69;79,15;53,27
50152;Maella;16,25;23,64;30,75;1,76;12621,0;29,61;56,78;5,01;37,48;35,68;19,5;19,08;61,53;30,13;13,81;14,59;6,44;54,85;42,97
50153;Magallón;13,65;25,01;10,71;1,2;16018,0;32,85;50,68;6,26;20,93;11,79;35,98;24,42;58,6;15,71;17,76;22,96;8,07;74,0;56,19
50154;Mainar;9,63;26,79;27,16;1,13;14170,0;40,54;45,95;6,76;37,14;38,57;15,71;12,5;62,5;23,42;12,66;29,11;7,06;76,7;53,8
50155;Malanquilla;2,25;26,48;2,82;0,0;18778,0;28,99;60,87;5,8;37,84;8,11;16,22;34,38;62,5;12,68;21,13;33,8;4,65;85,42;60,56
50156;Maleján;14,82;23,48;13,83;1,27;13036,0;32,9;51,95;5,63;30,97;27,43;30,09;20,39;58,25;18,37;18,37;20,0;9,3;67,63;53,09
50157;Malón;17,71;20,72;28,6;1,41;12777,0;33,05;50,57;4,6;12,35;7,1;44,38;13,86;65,06;20,48;23,14;19,15;13,68;55,78;50,94
50159;Maluenda;12,72;24,87;24,78;0,81;13113,0;36,47;47,19;6,67;17,17;13,08;23,43;22,38;53,78;18,96;15,1;17,87;7,89;63,96;48,04
50160;Mallén;15,63;19,45;21,61;1,32;15803,0;30,8;55,19;5,82;20,79;9,55;34,53;20,38;61,46;15,99;23,72;19,71;9,59;68,28;57,36
50161;Manchones;5,22;42,17;3,26;0,0;20995,0;26,37;51,65;10,99;35,0;25,0;22,5;30,56;58,33;21,51;17,2;20,43;5,0;80,85;43,48
50162;Mara;12,8;21,99;11,18;1,81;14736,0;31,54;48,99;6,71;32,47;20,78;19,48;21,21;62,12;19,21;17,22;24,5;7,95;75,0;59,06
50163;María de Huerva;26,36;7,16;12,92;1,43;18121,0;30,04;57,56;9,16;13,57;1,09;23,24;34,32;54,49;5,68;29,74;38,36;6,61;71,31;71,87
50164;Mediana de Aragón;13,9;21,45;11,51;1,26;16000,0;33,58;53,38;5,01;26,96;19,7;31,53;20,1;62,89;8,54;23,17;22,2;10,29;71,95;59,85
50165;Mequinenza;14,09;21,86;12,64;1,09;18155,0;32,34;52,52;5,82;20,21;12,76;35,68;26,88;57,78;16,1;27,25;25,32;5,35;67,29;52,69
50166;Mesones de Isuela;8,12;35,13;9,96;1,14;15902,0;33,33;49,17;4,58;36,54;22,12;20,19;22,34;62,77;29,48;14,34;23,51;8,87;75,33;49,6
50167;Mezalocha;3,35;36,35;6,6;0,39;20650,0;25,38;59,9;4,57;21,15;12,5;19,23;29,35;55,43;17,17;20,2;30,3;1,96;88,5;51,52
50169;Miedes de Aragón;8,79;25,92;21,12;0,91;13144,0;36,67;48,89;3,33;45,24;40,48;25,0;16,0;65,33;18,82;19,89;21,77;6,49;65,28;49,87
50170;Monegrillo;6,67;32,22;5,56;0,73;17134,0;35,82;50,72;2,58;42,78;31,02;22,46;22,6;63,28;14,93;20,85;28,45;4,64;82,22;54,8
50171;Moneva;6,54;36,64;3,74;1,75;23667,0;27,93;59,46;5,41;22,58;3,23;19,35;31,03;56,9;16,22;23,42;33,33;4,84;105,36;55,86
50172;Monreal de Ariza;3,66;34,51;9,71;0,56;19195,0;36,36;52,12;1,82;40,23;21,84;21,84;29,73;63,51;15,98;14,79;28,99;3,45;80,0;52,1
50173;Monterde;3,19;38,61;9,03;1,4;21071,0;21,23;62,33;6,16;27,69;13,85;33,85;23,73;54,24;19,33;15,33;26,67;8,45;81,25;47,33
50174;Montón;5,23;45,0;6,82;0,88;18778,0;21,59;60,23;7,95;32,0;20,0;20,0;16,67;70,83;19,1;24,72;20,22;8,33;78,57;40,45
50175;Morata de Jalón;10,58;27,97;14,16;0,99;16700,0;31,79;49,43;6,4;20,57;7,18;37,32;23,99;60,86;12,44;16,22;25,67;8,79;64,69;48,23
50176;Morata de Jiloca;11,35;25,34;28,57;0,76;14648,0;36,62;48,83;4,69;25,47;24,53;16,04;21,78;59,41;25,11;26,38;19,57;7,14;61,18;48,28
50177;Morés;10,03;33,38;12,79;0,98;16169,0;32,71;47,96;5,58;23,36;14,02;24,3;22,45;65,31;12,59;16,08;26,92;7,38;66,08;43,26
50178;Moros;2,62;33,53;15,64;0,0;13946,0;31,92;50,38;5,38;28,85;18,27;21,15;22,22;56,67;26,42;9,81;19,25;10,38;55,23;40,0
50179;Moyuela;1,88;45,56;1,79;0,67;21013,0;24,89;61,33;4,89;36,79;14,15;24,53;27,37;60,0;11,45;17,18;20,7;2,06;87,96;42,73
50180;Mozota;11,6;28,85;4,58;1,83;21811,0;37,07;45,69;6,9;19,3;1,75;22,81;50,98;37,25;16,38;18,1;48,28;4,84;77,63;53,45
50181;Muel;16,36;18,74;20,72;1,46;17249,0;32,95;51,42;6,92;17,63;7,9;31,31;25,2;55,02;10,19;21,53;30,02;7,82;66,53;56,78
50182;Muela, La;22,19;8,69;24,0;1,44;18559,0;34,56;51,36;10,04;15,03;2,01;24,17;27,41;59,25;7,76;28,84;34,73;7,74;69,68;69,65
50183;Munébrega;7,34;27,34;13,17;0,7;16326,0;34,03;47,16;8,06;30,12;22,89;21,08;18,42;66,45;22,09;21,8;19,48;10,22;71,37;54,23
50184;Murero;1,88;37,41;5,88;0,0;20995,0;37,21;44,19;4,65;23,81;19,05;33,33;20,51;66,67;14,44;21,11;25,56;0,0;78,72;41,11
50185;Murillo de Gállego;12,99;20,41;15,74;1,11;18363,0;46,07;42,13;6,18;41,25;7,5;13,75;50,0;43,42;10,64;28,72;39,36;4,88;58,65;43,85
50189;Nonaspe;13,63;24,28;25,67;1,47;13084,0;34,92;48,34;7,6;34,43;36,44;17,53;14,16;60,4;24,5;15,37;13,36;9,55;57,97;44,87
50190;Novallas;14,78;22,03;14,78;1,46;16793,0;32,83;52,14;6,9;17,77;5,04;38,2;24,65;57,7;15,81;19,76;24,37;7,93;73,42;57,2
50191;Novillas;8,46;31,18;11,42;0,83;15482,0;32,74;52,34;2,9;22,12;20,28;32,72;23,56;53,37;16,77;13,42;18,24;8,41;67,87;47,88
50192;Nuévalos;12,98;22,28;17,85;0,57;15990,0;32,46;54,48;5,97;16,13;4,03;18,55;11,76;67,23;16,0;22,18;19,64;6,94;62,33;52,55
50193;Nuez de Ebro;18,11;18,56;10,02;1,55;19004,0;30,65;53,63;7,79;17,79;4,33;27,88;32,74;54,99;8,11;24,32;38,74;6,13;75,13;59,74
50194;Olvés;9,81;33,15;21,3;0,61;14581,0;25,25;58,59;7,07;36,11;41,67;16,67;22,22;52,78;26,92;12,5;16,35;9,09;62,5;43,14
50195;Orcajo;3,08;38,77;6,15;3,5;20995,0;22,41;72,41;1,72;25,93;3,7;14,81;40,0;48,0;8,62;12,07;36,21;10,71;75,76;48,28
50196;Orera;6,02;26,6;8,74;1,0;19042,0;39,18;47,42;2,06;25,49;17,65;31,37;19,57;60,87;13,4;25,77;27,84;3,77;76,12;54,64
50197;Orés;4,51;34,65;4,23;0,58;19995,0;34,29;54,29;2,86;28,57;26,19;16,67;10,53;65,79;19,44;30,56;18,06;0,0;86,36;52,78
50199;Osera de Ebro;11,53;25,81;16,22;0,81;17461,0;31,18;51,08;7,8;12,99;4,52;32,2;16,67;66,07;12,53;33,16;19,58;10,0;71,22;57,59
50200;Paniza;11,37;28,35;11,58;0,87;15394,0;29,33;56,1;5,51;36,05;24,83;27,55;21,32;62,79;6,17;20,23;27,17;6,0;85,2;58,03
50201;Paracuellos de Jiloca;13,63;21,14;12,09;0,53;17574,0;38,69;45,98;6,92;15,38;5,13;23,81;23,57;61,98;12,84;23,69;29,48;5,88;71,29;55,74
50202;Paracuellos de la Ribera;0,54;38,74;6,31;0,0;14347,0;27,52;51,38;7,34;43,9;43,9;24,39;11,76;58,82;32,14;17,86;12,5;20,83;57,58;42,86
50203;Pastriz;15,0;17,87;6,89;1,08;19404,0;34,04;51,98;7,74;19,23;1,44;22,79;33,33;56,18;8,25;26,89;32,82;6,45;73,45;60,91
50204;Pedrola;16,98;16,5;28,78;1,33;17118,0;30,46;55,09;7,28;12,25;3,02;27,63;20,85;64,05;15,88;21,45;22,04;7,45;67,05;59,34
50205;Pedrosas, Las;13,56;22,37;27,12;2,47;21410,0;27,88;54,81;6,73;17,39;8,7;32,61;22,5;52,5;14,29;19,05;29,52;17,74;68,0;59,62
50206;Perdiguera;11,35;20,36;7,54;0,57;19900,0;36,91;48,45;7,42;23,38;17,27;26,26;30,23;54,26;12,2;29,27;34,55;5,46;71,39;59,8
50207;Piedratajada;3,3;41,44;3,09;0,0;19995,0;29,47;48,42;9,47;34,15;31,71;26,83;16,22;62,16;18,75;10,42;31,25;2,33;80,77;44,79
50208;Pina de Ebro;16,14;18,04;21,03;1,06;17199,0;35,15;50,37;6,97;17,1;7,55;40,8;18,02;62,46;18,01;25,2;20,12;8,11;69,26;59,9
50209;Pinseque;20,85;12,3;16,58;1,28;17789,0;33,82;52,3;9,34;13,0;1,46;26,87;24,5;62,56;8,22;30,07;32,31;7,56;71,83;66,71
50211;Plasencia de Jalón;11,89;23,32;23,16;0,89;15016,0;36,39;49,54;4,89;21,38;16,55;36,55;19,57;58,7;15,52;25,07;19,1;10,8;65,69;52,54
50213;Plenas;6,61;40,18;8,04;1,5;18809,0;17,31;66,35;5,77;60,98;19,51;17,07;14,29;74,29;11,43;22,86;16,19;8,16;77,59;46,67
50216;Pozuelo de Aragón;7,89;30,98;6,91;0,33;17154,0;39,39;51,08;1,73;45,45;36,36;29,55;21,74;60,87;14,47;22,98;17,87;1,55;85,81;55,36
50217;Pradilla de Ebro;11,33;24,58;21,68;1,46;22626,0;30,36;57,49;4,25;17,83;24,81;32,95;21,03;52,36;21,81;19,5;17,76;8,36;72,05;55,51
50218;Puebla de Albortón;5,52;27,61;15,67;0,61;16069,0;31,09;54,62;5,88;44,62;24,62;32,31;23,21;64,29;12,12;22,73;20,45;4,92;65,91;46,21
50219;Puebla de Alfindén, La;22,45;8,93;13,27;1,13;17819,0;33,74;51,47;10,52;13,59;0,97;32,19;25,56;61,35;7,3;29,49;31,16;5,71;72,29;71,17
50222;Quinto;15,28;23,46;8,58;1,29;16937,0;32,36;52,68;5,36;22,26;16,67;35,95;18,3;64,46;16,7;20,45;20,93;10,03;70,22;55,44
50223;Remolinos;10,01;28,83;8,13;0,57;18195,0;29,36;55,47;5,31;20,37;9,38;41,88;20,0;66,1;18,2;20,11;19,68;8,68;71,29;51,76
50224;Retascón;11,28;26,41;12,82;1,65;20995,0;35,38;50,77;3,08;31,25;34,38;9,38;34,62;38,46;22,06;17,65;45,59;2,7;75,0;54,41
50225;Ricla;13,25;14,07;40,9;1,21;13745,0;38,37;48,8;6,18;20,27;34,91;22,97;11,76;54,33;23,63;14,81;14,1;7,56;58,04;53,64
50227;Romanos;6,95;43,26;17,73;1,24;15724,0;33,33;49,61;3,88;40,38;44,23;13,46;18,18;59,09;35,34;13,53;22,56;10,17;80,3;44,36
50228;Rueda de Jalón;14,3;27,37;13,31;1,02;20634,0;30,07;57,25;5,07;21,37;14,5;34,35;30,08;60,16;17,01;20,14;31,6;7,38;74,19;52,46
50229;Ruesca;8,57;16,0;10,0;1,27;18778,0;44,44;41,27;3,17;37,84;43,24;13,51;25,0;60,71;7,94;26,98;31,75;5,26;72,0;60,32
50230;Sádaba;9,77;25,84;10,28;0,93;17572,0;36,62;46,04;5,37;27,43;16,67;23,78;22,35;65,92;15,15;25,19;25,36;8,09;72,87;55,38
50231;Salillas de Jalón;16,41;21,77;19,57;1,14;15315,0;31,1;55,18;6,02;14,49;15,22;37,68;27,48;52,67;19,29;21,86;31,19;7,69;62,34;50,32
50232;Salvatierra de Esca;16,56;23,44;2,15;1,24;11915,0;27,95;58,39;3,73;32,05;12,82;44,87;10,96;69,86;15,76;18,18;15,76;17,78;67,27;55,21
50233;Samper del Salz;7,75;37,5;11,25;1,4;18509,0;17,81;68,49;2,74;28,21;12,82;15,38;31,43;48,57;11,69;35,06;28,57;2,86;79,07;46,05
50234;San Martín de la Virgen de Moncayo;12,27;29,02;3,41;1,09;17819,0;28,99;55,88;5,04;21,62;7,21;33,33;30,56;59,26;15,29;15,29;35,12;6,4;75,97;52,08
50235;San Mateo de Gállego;16,97;16,81;12,27;1,05;18776,0;34,81;50,49;8,1;15,21;4,54;32,7;29,08;56,09;9,05;27,23;34,92;6,25;71,67;61,99
50236;Santa Cruz de Grío;9,17;35,63;11,46;3,5;16260,0;32,58;46,07;7,87;29,73;16,22;27,03;15,62;75,0;25,51;15,31;8,16;5,41;70,0;37,76
50237;Santa Cruz de Moncayo;10,41;25,04;4,07;0,3;17164,0;35,45;46,36;10,91;12,5;7,14;44,64;25,93;62,96;7,27;30,0;35,45;4,92;76,32;55,45
50238;Santa Eulalia de Gállego;10,1;35,45;14,85;1,91;18001,0;30,34;43,82;10,11;40,0;7,5;25,0;35,0;57,5;8,7;32,61;34,78;7,32;74,51;44,57
50239;Santed;3,61;37,78;5,56;0,0;20995,0;18,84;69,57;4,35;43,33;10,0;23,33;31,82;59,09;17,14;22,86;34,29;5,88;84,21;48,57
50240;Sástago;13,61;29,55;12,92;1,45;18217,0;27,14;55,7;4,23;26,3;20,85;34,83;23,97;61,08;16,98;21,12;24,64;6,65;72,26;48,8
50241;Sabiñán;11,26;28,43;20,78;1,56;14309,0;31,52;48,21;6,3;20,0;18,4;22,0;15,42;65,0;27,27;16,11;17,86;9,86;61,24;45,95
50242;Sediles;11,01;34,86;5,5;3,0;16822,0;23,76;59,41;7,92;28,57;2,04;36,73;28,26;67,39;15,84;25,74;21,78;7,69;82,76;51,49
50243;Sestrica;4,49;29,23;10,46;1,09;13977,0;38,41;43,49;6,67;27,69;16,15;33,85;19,01;69,42;20,3;15,76;14,85;13,64;63,03;46,81
50244;Sierra de Luna;14,68;25,24;22,1;2,39;20664,0;27,27;60,0;4,09;35,07;44,78;16,42;14,88;57,85;24,57;27,59;22,41;3,62;82,1;60,53
50245;Sigüés;10,0;31,67;2,78;1,56;19995,0;46,03;44,44;1,59;30,3;21,21;42,42;20,0;73,33;24,24;28,79;28,79;6,06;73,81;51,56
50247;Sobradiel;18,34;17,62;8,94;0,99;19129,0;32,94;50,7;8,13;13,08;1,84;25,23;30,33;56,62;11,51;24,07;32,37;6,32;76,49;63,26
50248;Sos del Rey Católico;9,86;30,86;18,04;0,9;20604,0;35,39;51,09;3,78;26,1;13,24;24,63;28,4;55,25;11,17;26,44;30,35;5,0;78,7;53,03
50249;Tabuenca;5,31;35,86;5,5;1,0;16209,0;36,55;51,38;3,45;44,12;24,26;36,76;22,4;63,2;19,93;16,89;27,7;5,0;75,57;47,46
50250;Talamantes;10,0;26,47;2,94;0,7;18445,0;23,94;54,93;15,49;15,79;10,53;15,79;40,54;32,43;8,22;21,92;47,95;21,43;80,49;58,33
50251;Tarazona;15,91;20,23;17,83;1,19;16622,0;33,5;51,08;7,17;14,26;3,62;38,71;26,59;55,69;15,52;20,85;33,27;8,53;64,84;53,97
50252;Tauste;14,85;20,87;21,12;1,05;17787,0;31,89;53,31;5,55;26,11;24,69;30,38;20,35;62,48;23,17;17,61;21,85;6,78;72,58;57,89
50253;Terrer;12,14;23,05;33,1;1,01;15343,0;36,82;47,28;6,44;19,8;9,41;32,18;20,11;67,72;16,92;21,54;25,77;10,29;58,45;46,82
50254;Tierga;4,24;29,41;5,29;0,64;15371,0;26,19;54,76;8,33;45,12;21,95;30,49;21,33;69,33;11,11;16,37;15,79;11,46;78,7;56,14
50255;Tobed;5,69;34,82;13,71;0,54;18771,0;24,86;54,24;10,17;27,5;15,0;25,0;20,27;67,57;8,74;22,4;20,77;5,75;71,3;47,8
50256;Torralba de los Frailes;6,15;42,15;7,69;1,4;20995,0;27,69;49,23;4,62;56,25;28,12;31,25;26,92;65,38;26,15;16,92;32,31;0,0;116,67;53,85
50257;Torralba de Ribota;2,41;34,3;6,96;0,0;18020,0;26,99;48,47;10,43;23,46;4,94;29,63;32,05;57,69;14,97;19,76;26,35;3,8;80,0;47,59
50258;Torralbilla;0,0;37,95;15,38;0,0;20995,0;37,84;40,54;8,11;38,89;22,22;0,0;17,65;76,47;12,82;15,38;35,9;11,76;65,22;43,59
50259;Torrehermosa;5,22;34,49;5,8;0,0;18778,0;28,77;58,9;4,11;58,06;41,94;12,9;32,0;60,0;33,33;20,0;26,67;9,76;84,09;55,41
50261;Torrellas;12,74;26,29;11,29;1,4;16548,0;38,61;43,07;6,44;28,57;3,81;33,33;30,21;54,17;18,18;22,49;32,54;8,04;68,21;53,85
50262;Torres de Berrellén;15,79;20,3;8,34;1,09;18083,0;32,53;53,4;6,72;15,28;3,55;32,79;24,68;60,61;11,08;23,45;24,14;6,7;75,54;61,13
50263;Torrijo de la Cañada;4,39;39,57;10,7;0,3;25293,0;31,84;53,07;5,03;34,72;6,94;44,44;25,0;63,24;18,48;16,85;26,09;10,0;73,47;43,48
50264;Tosos;8,14;28,72;20,35;1,05;18076,0;21,66;67,52;3,82;27,63;22,37;26,32;25,0;59,38;19,02;23,93;23,93;5,13;69,81;48,15
50265;Trasmoz;9,77;27,5;2,27;0,78;18445,0;36,49;45,95;9,46;21,43;14,29;25,0;29,17;54,17;20,27;16,22;33,78;8,57;57,14;47,3
50266;Trasobares;3,71;43,06;3,23;1,4;15552,0;39,66;37,93;10,34;28,0;16,0;26,0;14,58;54,17;13,68;20,51;14,53;9,43;76,19;45,3
50267;Uncastillo;6,77;32,66;5,72;0,6;18594,0;37,04;46,78;3,83;32,54;11,53;22,37;25,66;64,15;18,4;20,27;32,71;2,94;84,62;52,67
50268;Undués de Lerda;9,33;11,0;10,0;0,44;19995,0;47,83;52,17;0,0;12,9;19,35;29,03;27,59;37,93;2,08;39,58;35,42;5,26;75,0;79,17
50269;Urrea de Jalón;16,47;21,86;32,56;1,42;13732,0;30,97;53,12;4,83;20,26;22,22;24,84;17,24;65,52;21,28;22,07;14,89;16,67;57,84;49,87
50271;Used;4,0;36,0;5,6;0,64;17731,0;32,11;54,88;4,88;46,34;30,08;9,76;24,75;64,36;17,6;18,8;31,2;5,38;86,01;52,0
50272;Utebo;19,25;13,22;14,94;0,98;17993,0;33,39;52,32;8,68;11,13;1,23;26,74;27,85;57,62;9,32;26,54;30,87;7,23;68,75;63,46
50274;Val de San Martín;3,57;33,21;0,0;2,33;20995,0;31,03;58,62;1,72;35,29;23,53;29,41;9,68;77,42;32,76;15,52;27,59;3,03;96,97;56,9
50275;Valmadrid;6,73;35,58;15,93;0,64;18509,0;46,55;31,9;10,34;24,49;8,16;26,53;15,56;71,11;19,83;20,66;18,18;2,08;77,05;39,67
50276;Valpalmas;0,49;39,19;6,5;0,0;21255,0;35,2;51,2;0,8;32,14;32,14;14,29;26,92;57,69;11,11;17,46;33,33;3,33;82,86;47,62
50277;Valtorres;14,41;20,29;11,76;1,08;18778,0;39,68;42,86;7,94;25,0;16,67;25,0;38,1;42,86;18,18;15,15;30,3;12,5;62,22;49,23
50278;Velilla de Ebro;10,92;27,25;11,59;0,54;16217,0;31,64;50,85;6,78;27,91;21,18;30,59;14,29;57,14;16,67;22,04;18,82;12,22;61,24;49,18
50279;Velilla de Jiloca;12,17;21,52;25,0;0,82;18778,0;38,57;40,0;8,57;18,75;12,5;25,0;16,13;54,84;12,5;16,67;29,17;11,43;50,82;48,61
50280;Vera de Moncayo;5,72;35,35;5,97;0,4;22593,0;30,17;47,46;7,12;32,64;13,19;31,25;20,74;59,26;15,56;19,21;27,81;5,3;79,44;50,17
50281;Vierlas;10,45;23,41;11,36;1,31;18445,0;29,73;58,11;4,05;25,0;22,5;37,5;12,5;52,5;20,0;22,5;13,75;8,51;72,88;59,49
50282;Vilueña, La;11,0;35,67;26,67;1,17;18778,0;19,23;61,54;3,85;42,31;23,08;30,77;37,5;50,0;24,53;20,75;18,87;4,35;70,97;44,23
50283;Villadoz;16,2;27,59;6,33;1,17;20995,0;31,34;47,76;11,94;22,86;25,71;22,86;20,59;55,88;24,29;31,43;22,86;10,26;72,92;57,35
50284;Villafeliche;8,64;28,77;17,9;1,05;16628,0;31,16;53,62;2,9;36,67;25,0;31,67;18,64;64,41;19,86;25,34;25,34;5,88;64,0;46,9
50285;Villafranca de Ebro;14,62;18,4;11,48;1,35;18877,0;37,05;47,93;6,34;16,2;5,57;29,62;20,58;65,17;11,32;26,55;29,92;8,14;71,6;60,38
50286;Villalba de Perejil;14,71;32,18;10,34;1,17;18778,0;13,51;67,57;9,46;31,25;9,38;37,5;25,0;56,25;9,46;20,27;25,68;9,68;63,64;41,89
50287;Villalengua;8,33;29,76;12,29;0,54;14754,0;37,16;51,34;3,07;36,36;30,3;18,18;16,53;61,98;11,15;16,36;20,45;3,91;69,1;47,94
50288;Villanueva de Gállego;17,13;15,14;12,0;1,11;20855,0;35,1;49,56;8,23;18,41;2,72;24,71;36,0;53,51;10,53;24,18;36,22;7,33;69,52;62,04
50289;Villanueva de Jiloca;8,77;37,81;17,81;0,64;20995,0;26,23;52,46;6,56;25,0;8,33;20,83;31,82;63,64;25,76;25,76;28,79;16,13;66,67;46,97
50290;Villanueva de Huerva;6,2;28,14;13,48;0,64;15885,0;30,75;49,14;7,76;28,82;17,65;25,29;16,56;65,61;20,61;22,01;19,5;13,4;70,0;54,19
50291;Villar de los Navarros;8,44;30,61;12,24;0,0;18237,0;29,85;57,46;4,48;44,07;23,73;22,03;15,69;84,31;20,98;25,17;23,78;5,8;75,58;48,25
50292;Villarreal de Huerva;14,22;17,57;48,29;1,19;23691,0;29,29;60,61;6,06;16,91;58,82;8,09;12,8;36,8;38,53;14,72;17,32;0,75;73,89;58,26
50293;Villarroya de la Sierra;5,34;38,49;10,33;0,27;14143,0;31,25;51,56;3,65;32,34;19,16;20,96;28,57;55,19;28,5;14,76;22,39;5,65;76,96;45,15
50294;Villarroya del Campo;3,71;36,0;7,14;0,7;20995,0;15,87;65,08;0,0;42,86;10,71;10,71;36,0;64,0;26,15;21,54;33,85;0,0;77,5;48,44
50295;Vistabella;0,0;43,2;8,0;0,0;20995,0;26,53;59,18;10,2;5,88;5,88;11,76;53,33;40,0;21,57;11,76;49,02;0,0;69,23;35,29
50296;Zaida, La;9,05;31,32;12,24;0,39;20739,0;31,4;54,09;4,75;14,59;8,11;34,59;29,31;56,32;17,5;23,75;26,25;5,82;72,65;47,97
50297;Zaragoza;15,92;20,23;19,36;1,13;20200,0;35,33;48,61;8,12;12,23;0,92;20,7;38,25;48,46;11,16;22,75;39,02;8,43;67,61;56,13
50298;Zuera;18,56;14,93;22,4;1,32;18625,0;32,46;53,71;7,77;14,53;5,19;36,18;26,81;54,71;14,77;25,62;28,94;7,15;73,04;64,84
50901;Biel;3,15;33,94;16,36;0,82;24900,0;30,57;54,14;7,01;26,09;8,7;21,74;32,81;57,81;11,52;27,88;38,79;12,5;70,71;48,78
50902;Marracos;4,39;35,85;1,22;0,0;19995,0;23,17;62,2;3,66;29,27;21,95;29,27;27,03;56,76;15,85;18,29;41,46;2,13;95,83;57,32
50903;Villamayor de Gállego;14,08;20,49;9,24;1,45;19782,0;34,12;52,37;5,96;17,57;6,46;25,93;33,39;54,16;12,49;25,53;35,24;7,68;72,3;58,55
51001;Ceuta;21,29;11,73;13,58;1,28;16344,0;38,18;47,79;8,11;10,75;0,43;8,35;33,26;56,4;20,62;21,76;26,48;24,23;52,1;59,17
52001;Melilla;23,84;10,72;24,56;1,46;15585,0;39,92;47,62;7,1;12,63;0,21;8,53;33,97;55,8;23,77;22,03;27,16;21,39;52,23;58,27
